first_name,email,address,city,price,property_description,personalized_line,contact_source
Justin,jherbelin@kw.com,2011 Fortview Rd,Austin,"$644,900","Thoughtfully renovated with an open, flowing floor plan, original hardwood floors, and designer light fixtures. The kitchen features granite countertops and stainless steel appliances. Outside, mature trees shade the spacious yard, while a large wood deck offers room to relax or entertain.",,advertiser
Camila,camila@paulypresley.com,7717 Poppy Petal Loop,Del Valle,"$260,990","Beautiful 4-bedroom, 3-bath home in the Sun Chase community of Del Valle. This thoughtfully designed home features an open floor plan, quartz countertops, a spacious kitchen, walk-in closets, and plenty of natural light throughout. The functional layout offers comfortable living and entertaining space with a private backyard and attached garage. Enjoy neighborhood amenities including a community pool and playground. Conveniently located near Circuit of the Americas with easy access to major roadways, dining, shopping, and approximately 20 minutes from Downtown Austin. A wonderful opportunity to enjoy a newer home with modern finishes and a welcoming community feel.",,advertiser
Seth,seth.goldberg@compass.com,8601 Dorotha Ct,Austin,"$1,100,000","Fantastic single-story home tucked away on a quiet rare cul-de-sac and surrounded by mature trees. This 4-bedroom, 2-bath home has been extensively remodeled with a thoughtful blend of style, comfort, and functionality. The heart of the home is the impressive chef's kitchen, featuring all-new cabinetry, updated finishes, and a spacious layout ideal for both everyday living and entertaining. Beautiful wood floors add warmth to the main living areas, while the bedrooms offer comfortable carpeting. The primary suite includes a fully renovated bath with a seamless glass walk-in shower and double vanity. Step outside to the screened-in back porch and private backyard, complete with low-maintenance turf and mature trees. New roof and HVAC provide added peace of mind. Walk to both the elementary and high school and the bus stop for the middle is right at the corner, while Q2 Stadium, The Domain, the Arboretum, dining, shopping, and entertainment are all just minutes away.",That screened porch at 8601 Dorotha Ct caught my eye. Nice setup at that price point.,advertiser
Lucy,listing@thelegacyrealty.com,10908 Defender Trl,Austin,"$434,000","Welcome to 10908 Defender Trail, a spacious home located in the desirable Pioneer Crossing community. This inviting residence features a bright, open floor plan with generous living spaces designed for both everyday comfort and entertaining. The kitchen opens seamlessly to the dining and living areas, creating a comfortable gathering space filled with natural light. The home offers a spacious primary suite along with 2 additional bedrooms on the main level and flexible living areas, providing plenty of room for a home office, guest space, or game room. A large upstairs living area adds even more versatility. Outside, enjoy a private fenced backyard with mature trees and plenty of space for relaxing, entertaining, or outdoor activities. Conveniently located in North Austin with easy access to major employers, shopping, dining, downtown Austin, and The Domain, 10908 Defender Trail offers the space, flexibility, and location today's buyers are looking for.",,advertiser
Franklin,franklin@pinestreetrealty.co,5706 Tura Ln,Austin,"$500,000","Land-value opportunity in East Austin. This 1982 single-story home sits at the end of a quiet cul-de-sac on a 0.28-acre (approx. 12,200 sq ft) triangular lot that backs to greenbelt, with a circular drive and a gated side parking pad. Under the City of Austin's HOME code, SF-3 lots may allow up to three units, making this a strong candidate for a builder or investor. Buyer to verify zoning, recorded plat covenants, easements, tree protections and all development potential with the City of Austin. The house is dated and is being sold as-is: buyers should expect to replace the roof and budget for bathroom, ceiling and flooring work. Current layout has 3 bedrooms, 2 full baths, a galley kitchen with gas range, French doors to a large fenced backyard, and a metal storage shed. Survey available. Minutes to downtown, the airport and East Side dining.",That metal storage shed at 5706 Tura Ln caught my eye. Solid bonus at that price point.,advertiser
The,info@rjfteam.com,12017 Arran St,Austin,"$450,000","Rare 1 story, 4 bedrooms, + separate office that could convert to a 5th bedroom, $107K in upgrades, + owner financing, and an already included $35K lot premium backing to green area/pond/walking trail. Extensive recent improvements create a like new feel and low cost of ownership, including NEW HVAC with warranty, NEW roof, NEW gutters, NEW flooring, NEW interior/exterior paint, NEW fixtures and even new toilets. HVAC ducts professionally cleaned, sprinkler system recently serviced and landscaping refreshed. Owner financing available call for details. The $35,000 premium lot is a standout, with no neighbor directly behind, mature trees, added privacy and views toward the green area, pond and walking trail. Enjoy the setting from the large covered outdoor living area featuring a sink and granite countertop, ideal for grilling and entertaining. Inside, the open kitchen features granite countertops, 42-inch cabinetry, stainless steel appliances, farmhouse sink, large island with bar seating, two pantries and built in storage. Kitchen opens to the dining and family rooms with a stone gas fireplace. Flexible office/study without a closet provides that could also be converted to a 5th bedroom. Primary suite features dual vanities, separate tub and shower. Additional features include granite in both baths, water softener, security system and an extra-long garage with shelving and additional lighting. Convenient Northeast Austin location near Samsung Austin Semiconductor, The Domain and major Austin employers, with easy access to US 290, SH 130, I-35 and Parmer Ln. Nearby shopping, dining, Harris Branch parks and greenbelts, with convenient access to Downtown Austin and Austin-Bergstrom International Airport. All information is deemed reliable. Buyer to verify all information.",That covered outdoor living area at 12017 Arran St caught my eye. Pretty handy setup at that price point.,advertiser
Crystal,crystal@porchlightaustin.com,1706 Redd St Unit 2,Austin,"$260,000",Incomplete construction: sold As-IS. This home is ready for a construction professional to come in and complete the remaining finish-outs. This is a bank-owned property and no disclosures are available. Please contact listing agent with any questions.,,advertiser
Tracey,tracey_ippolite@austin.rr.com,10208 Thomaswood Ln,Austin,"$389,000","60,000 Renovations and electrical upgrade in progress updating this duplex-style mother-in-law separate unit plan: Unit A is 3 bd/2/bath and is 1080 sq. ft modular conversion and Unit B is 1 large bd/1ba house with hardwood floors in living and is 900 sq. ft. Both units share a 2-car garage with 2 electric garage door openers and connected by a breezeway and common roof. Investment property or new development opportunity! Clear title and Dec 2025 survey. Septic flushed in 2024 Investment opportunity or great space for a new build. No HOA, no flood zone, large lot @.644 acres. Used as rental for past 10 years, $1400 each unit, $2800 total before rennovations. Exterior paint 2021. New H2O heater 2021 in unit A. Both roofs replaced in 2016, metal roof on unit A. City of Austin H20 & Septic system. Come ""buy"" today.",That separate mother in law unit at 10208 Thomaswood Ln caught my eye. Solid setup at that price point.,advertiser
Alexia,alexia@realtyaustin.com,343 Drury Ln,Austin,"$615,000","Sophisticated yet comfortable, 343 Drury Lane offers an impressive floor plan with soaring ceilings, abundant natural light and beautifully connected living spaces in the heart of Belterra. The dramatic two-story family room creates an immediate sense of openness, while the kitchen and breakfast area flow seamlessly together for everyday living and entertaining. A separate formal dining room provides additional flexibility. The main-level primary suite is privately situated away from the secondary bedrooms. Upstairs features three additional bedrooms, two full baths, a spacious game room and a charming balcony. Outside, the covered patio with built-in outdoor kitchen extends the living space and is perfect for grilling, entertaining or relaxing. The location within Belterra is exceptional. Rooster Springs Elementary is approximately a 10-minute walk or 3-minute drive, and Sycamore Springs Middle School is about 7 minutes away. The home is also walkable to neighborhood parks, duck ponds, splash pad, community pool and fitness center. Belterra offers more than 15 miles of walking, jogging and biking trails, year-round social activities and the popular Belterra Marlins swim team for ages 4-18. Belterra Village adds tremendous everyday convenience with restaurants, specialty shops, Gold's Gym, Specs, a sports bar, hardware store, salons, yoga, Pilates and boxing studios, plus medical and dental offices and a movie theater. With H-E-B only about a minute away, groceries and easy dinner pickups are practically at your doorstep. Belterra is known for its strong sense of community, beautiful Hill Country setting and outstanding access to everyday amenities. Zoned to highly regarded Dripping Springs ISD schools, this updated 4-bedroom home offers an exceptional combination of lifestyle, convenience and value in the low-$600s.",That outdoor kitchen at 343 Drury Ln caught my eye. Pretty handy at that price point.,advertiser
PATRICIA,patriciasmith@realtor.com,6009 Roderick Dr,Austin,"$295,000","This is a Fannie Mae Homepath Property. Seller has requested all offers be presented online at Homepath.fanniemae. Welcome to the charming home with an appealing brick exterior and stone accent. The floorplan features an open concept with high ceilings, windows for natural light and showcases a perfect blend of convenient location, style and comfort. The kitchen is equipped with granite countertops, a pantry, recessed lighting and an expansive center island with breakfast bar, perfect for everyday living and entertaining. Tucked away amongst a split layout, the primary bedroom has a private ensuite bath with a very large closet. Located 14 miles from downtown, 13 miles to the Airport, 15 miles to McKinney State Park, this home is a standout.",,advertiser
Andres,andres@begorei.com,111 Mildred St Unit 3,Austin,"$985,000","October 4, 2026 update: Construction is complete, and 111 Mildred St #3 is ready to tour! Introducing 111 Mildred St #3 - a thoughtfully designed new construction home located on a corner lot in Austin's vibrant East Side. This residence reflects a shared focus on quality, comfort, and smart design. The home offers 3 bedrooms and 3.5 bathrooms, with an open-concept floor plan that is elevated by soaring ceilings and floor-to-ceiling, triple-pane windows, creating a bright, quiet interior that feels both expansive and refined The layout is intentionally designed for modern living, featuring a skylit office retreat ideal for today's work-from-home lifestyle, seamless hardwood floors throughout, and a designer kitchen with integrated Bosch appliances and custom cabinetry, including a built-in media cabinet and dedicated pantry with appliance counter. Spa-inspired baths with dual shower and curbless entries reinforce the home's clean, contemporary aesthetic. Outdoor spaces are equally curated, with a private terrace finished in warm wood accents, Trex decking, and gas and water connections for effortless indoor-outdoor living, all thoughtfully designed and without HOA fees or STR restrictions. Located just two blocks from trails, restaurants and shopping, this rare carefully planned home offers walkability, convenience, and easy access to the energy and character that define East Austin living. Listing agent is a licensed real estate agent in Texas and has an ownership interest in the property.",That skylit office at 111 Mildred St Unit 3 caught my eye. Pretty nice setup at that price point.,advertiser
Soomin,soominsk@gmail.com,6224 Bower Well Rd,Austin,"$879,000","Poised on a cul-de-sac, this newly listed four-bedroom, three-and-a-half-bathroom home presents 3,059 square feet of open, thoughtfully organized living on a greenbelt lot. With no home directly to the left, the setting feels especially open and makes the most of its Hill Country outlooks. Across two levels, the open-concept layout creates an easy connection between the main gathering spaces. A large kitchen island anchors the room, offering abundant space for meal preparation, casual dining, and conversation. Nearby, a modern fireplace adds a clean-lined focal point. A designated study keeps work and household tasks comfortably separate, while the loft expands the floor plan with room for games, reading, or a second lounge. Views from both the primary bedroom and loft bring the surrounding landscape into daily life. Outdoor space takes full advantage of the homesite. The greenbelt backdrop and open side add breathing room, while the cul-de-sac location limits passing traffic. Whether mornings begin with coffee and distant views or evenings wind down outdoors, the setting offers a natural extension of the interior. A two-car garage completes the practical picture. Neighborhood recreation is close at hand at The Overlook Club, while Randalls provides access to groceries and daily essentials. Lake Travis Christian Academy is also within reach. Combining considered construction, versatile spaces, and a scenic lot, this home captures relaxed Austin living with a Hill Country perspective. Arrange your private tour and see how naturally this home fits your next chapter.",That Hill Country outlook at 6224 Bower Well Rd caught my eye. Pretty nice backdrop at that price point.,advertiser
Suzie,suzie@suzieadams.com,14805 General Williamson Dr,Austin,"$507,000","Live where you can keep your boat, park your RV, run your projects, and enjoy Lake Austin just minutes away. This unique Apache Shores property sits on over half an acre across two lots and offers the rare combination of low property taxes, low HOA dues, Lake Austin access, workshop space, storage buildings, and exceptional outdoor living. The updated home features a chef's kitchen with Bosch appliances, a spacious pantry/mudroom, private primary deck, enclosed wraparound porch, and a large multi-level entertaining deck. The fully fenced backyard and additional fenced front lot provide privacy, room to play, space for pets, and plenty of room for gardening or future projects. A standout feature is the oversized detached garage and commercial-grade workshop equipped with 220-volt power, built-in cabinetry, and professional woodworking and cabinet-making infrastructure. Whether you're a craftsman, entrepreneur, hobbyist, contractor, car enthusiast, or work-from-home professional, this property offers the space and flexibility that's increasingly hard to find. Need room for your toys? Additional buildings provide valuable boat storage, RV storage, trailer parking, workshop space, and equipment storage. The dedicated boat storage structure includes private access from General Williamson Road, a mechanics pit, loft storage, roll-up garage door, and secure keyed entry. Apache Shores residents enjoy access to a private Lake Austin boat ramp and day dock, community pool, tennis courts, sports courts, disc golf, parks, playgrounds, and scenic trails. If you've been searching for a property with Lake Austin access, workshop space, RV parking, boat storage, home business potential, oversized garage, flex space, and a large fenced yard, this is a rare opportunity to have it all in one property.",That boat storage building at 14805 General Williamson Dr caught my eye. Pretty handy setup at that price point.,advertiser
Jennifer,jennifermpuryear@gmail.com,2931 Cohoba Dr,Austin,"$449,988","Beautifully refreshed and move-in ready, this three-bedroom, two-bath home sits on a corner lot in desirable Cherry Creek. Fresh paint and replaced carpet create a welcoming backdrop for a versatile layout. Just inside the entry, an open flex space offers endless possibilities for a home office, playroom, second living area or formal dining room. At the heart of the home, the kitchen features quartz countertops, stainless steel appliances and a center island with seating. The adjoining breakfast area flows into the main living room, creating a seamless setting for everyday living and entertaining. The spacious primary suite offers a walk-in closet and a spa-like bathroom with dual vanities, a walk-in shower and a soaking tub. Two guest bedrooms feature step-in closets and share a full bathroom with a shower/tub combination. A conveniently located laundry room leads toward the garage, where ample built-in cabinetry provides additional storage. Enjoy the outdoors from the screened-in porch or covered patio, with a low-maintenance yard ideal for an easy lock-and-leave lifestyle. Conveniently located near H-E-B, Central Market, Starbucks, local restaurants and entertainment, with quick access to MoPac and nearby schools. Thoughtful updates, flexible spaces and a sought-after South Austin location make this Cherry Creek home a beautiful place to settle in.",That screened porch at 2931 Cohoba Dr caught my eye. Nice setup at that price point.,advertiser
Sam,sam@marketpointrealtyservices.com,3602 Ferguson Ln,Austin,"$300,000","FOR SHOWING & ACCESS INSTRUCTIONS SEE HUD home store attachments ATTACHMENTS. HUD Case # 495-905452 Exclusive Agency Listing. All agents may advertise this property except MLS & yard sign. Brokers & agents must be registered with & have an active NAID number to show, bid and sell this property. Go to Register, Place a Bid, Check Availability, Eligible Bidders & Bid Deadlines, etc. Permission to turn-on utilities may be requested from HUD's Field Service Manager after sales contract is executed, if deficiencies exist turn-on may be denied. HUD Homes are sold AS-IS. See HUD homes store attachments for helpful info & property specific disclosures. Marketed by. SqFt information is from the FHA appraisal and is deemed reliable but not guaranteed. No representation is made to information provided including SqFt, room measurements, taxes, zoning, schools, features, acreage, utilities, etc. Buyer must verify all information.",,advertiser
Robert,robcanuelle@gmail.com,6901 Greycloud Dr,Austin,"$385,000","This move-in-ready residence blends modern upgrades with classic comfort. The bright living space features a cozy gas fireplace, while the updated kitchen shines with premium granite countertops. Outside, a brand-new privacy fence encloses an ideal backyard for entertaining. The Location - Downtown Proximity: Located just 15 minutes from Downtown Austin, offering an effortless commute to the central business district and the Texas State Capitol. - Iconic Staples: Minutes from the boutique shopping and dining on South Congress (SoCo), as well as the 300-acre Mary Moore Searight Metropolitan Park. - Local Hangouts: Close to Austin mainstays like the Slaughter Lane H-E-B, Moontower Saloon, and Armadillo Den.",That gas fireplace at 6901 Greycloud Dr caught my eye. Cozy touch at that price point.,advertiser
CHRISTINA,tinadugey@yahoo.com,1609 Woodlawn Blvd,Austin,"$1,250,000","**Woodlawn!** Darling updated home on one of the most desirable streets in the heart of Old Enfield. Thoughtfully designed and move-in ready, this charming home combines timeless character with stylish updates and exceptional functionality. The beautifully designed kitchen by Kimball Bonamici is both sophisticated and exceptionally functional, with custom pull-outs for the mixer, generous drawers, and dual appliance garages that keep everything organized and within easy reach. Hardwood floors flow throughout the home, complemented by an integrated speaker system for entertaining. The spacious primary suite is privately positioned on the opposite side of the home from the secondary bedrooms. Vaulted ceilings and a twin-bed-sized window seat add character and charm, while custom built-in drawers, cabinets, shelving, and even a desk provide thoughtfully designed storage. Additional features include a one-car garage, gated access, sprinkler system, security system, and Generac standby generator-providing both everyday convenience and peace of mind. The location is hard to beat-just one mile from the Capitol, Lake Austin and an easy walk to Jeffrey's, Fresh Plus, and Medici. A wonderful opportunity to enjoy the best of central Austin living in one of the city's most established and beloved neighborhoods.",That Generac generator at 1609 Woodlawn Blvd caught my eye. Solid bonus at that price point.,advertiser
Josh,joshclifton@realtyaustin.com,204 Chippendale Ave,Austin,"$350,000","Located just minutes from Downtown Austin and moments from the vibrant St. Elmo District, 204 Chippendale seamlessly blends modern updates with classic bungalow charm. This nearly completely remodeled home offers a bright, open-concept layout designed for both everyday living and effortless entertaining, complemented by a versatile second living area or flex space ideal for a home office, media room, or guest retreat. The newly rebuilt expansive, privacy-fence creates a true outdoor backyard haven-complete with a patio for relaxing or hosting and a storage shed for added functionality. Just around the corner, enjoy easy access to a neighborhood park with trails, a basketball court, and a playscape, enhancing the home's livability and appeal. Positioned in one of South Austin's most dynamic growth corridors, you're minutes from South Congress, the St. Elmo Market, major employers, public transit, and Austin-Bergstrom International Airport. Whether you're seeking convenience, character, or proximity to Austin's best dining and entertainment, this home delivers on all fronts. For more info, go",That storage shed at 204 Chippendale Ave caught my eye. Solid bonus at that price point.,advertiser
Louise,louise@saddlerealty.com,1803 Elmira Rd,Austin,"$445,000","$20,000 SELLER CONCESSION to Buyer to use toward an interest rate buydown or closing costs! Featuring a primary bathroom fully remodeled in September 2026, this beautifully updated, light-filled East Austin gem blends classic mid-century structure with crisp, modern design. The front entry opens to an open floorplan connecting the living and dining areas, anchored by rich flooring and custom contemporary lighting. Culinary enthusiasts will love the modernized kitchen, featuring gleaming quartz countertops, an elegant farmhouse sink, minimalist white cabinetry, and premium stainless steel appliances. White subway tile walls and floating timber shelving create a sophisticated, open-air aesthetic perfect for daily living and effortless entertaining. This pristine, clean styling extends into the renovated bathrooms, boasting modern floating sinks and flawless penny-tile details. Step out back to your own private urban oasis: a massive, fully fenced backyard with a spacious covered patio, ideal for dining alfresco or escaping the Texas sun. Beyond the patio, a custom raised wooden deck frames a trendy galvanized cowboy pool, the ultimate setup for cooling off and entertaining all summer long. Perfectly situated in vibrant 78721, this home offers an unbeatable East Austin lifestyle, just minutes from Mueller's popular eateries, farmers' markets, and parks. Golf lovers will appreciate the immediate proximity to the historic Morris Williams Golf Course, and the University of Texas at Austin is just 3 miles away. Thoughtful modern upgrades, a massive lot, and a prime location make this East Austin home a rare find.",That cowboy pool at 1803 Elmira Rd caught my eye. Pretty fun setup at that price point.,advertiser
Lindsay,lindsay.harris@compass.com,2305 Trail of the Madrones,Austin,"$2,395,000","Completely remodeled and true to its mid-century roots, this warm Westlake home opens directly to an incredible view and a backyard that makes the property feel like a private retreat. With four large bedrooms, including two en-suites, three and a half baths, two living areas, an expansive kitchen, and abundant storage, the home is polished, spacious, and easy to live in. The bright and airy kitchen brings a clean, modern edge with Thermador appliances, custom maple cabinetry, and sleek terrazzo floors. Nearby, the living room adds warmth with a wood-burning fireplace, exposed beams, and white oak hardwood floors. An entire wall of windows and doors opens directly onto the outdoor entertaining space. The nearly one-acre lot is the showpiece. The expansive fenced backyard now features a putting green and generous lawn space, creating an incredible setting for entertaining, playing, or simply enjoying the outdoors. The large private pool is ready for the warm Texas days with a generous 10 foot depth, while the entertainers' deck is perfect for lazy afternoons or lively gatherings. Above it all, the wraparound balcony captures panoramic views of the Texas Hill Country, bringing together the home's architecture, outdoor spaces, and spectacular Westlake setting.",That putting green at 2305 Trail of the Madrones caught my eye. Pretty cool feature at that price point.,advertiser
Justin,info@localliferealty.net,2907 Kuhlman Ave Unit 2,Austin,"$549,000","This rare Unit 2 offers a thoughtfully designed layout with two dedicated primary suites, each featuring its own private en suite, plus a dedicated first-floor office-creating exceptional flexibility for homeowners, guests, or those who work from home. Built in 2023 by Guardian Custom Builders, this like-new residence showcases the quality and attention to detail you would expect from a premier custom builder. Hardwood flooring runs throughout the home, complemented by designer tile selections, custom closets, and elevated finishes throughout. A welcoming mudroom connects the attached garage to the home, while a dedicated laundry room adds everyday convenience. Step outside to a large private backyard deck, perfect for entertaining, relaxing, or letting your four-legged family members enjoy the private outdoor space. Positioned in the heart of East Austin, 2907 Kuhlman places you just minutes from the energy of East 7th Street and Manor Road, with easy access to Mueller, Target, the airport, restaurants, bars, coffee shops, and some of the city's best local destinations.",That private backyard deck at 2907 Kuhlman Ave Unit 2 caught my eye. Nice setup at that price point.,advertiser
Branden,ambrealestateholdings@gmail.com,12903 Stanzel Dr,Austin,"$420,000","Welcome to 12903 Stanzel Drive in Northwest Austin! Located in the Hunters Chase neighborhood, this single-story brick home offers a functional layout and an opportunity for its next owner to make it their own. The spacious living room features a floor-to-ceiling brick fireplace, creating a warm focal point, while large windows provide abundant natural light and views of the backyard. The living area offers a comfortable space for relaxing and entertaining, with a layout that provides flexibility for a variety of needs. Outside, the fenced backyard offers space to enjoy the outdoors, and the attached two-car garage provides convenient parking and storage. Conveniently situated near major roadways, shopping, dining, and everyday amenities, this property presents an opportunity for buyers looking to personalize a home in an established Northwest Austin neighborhood.",That floor to ceiling brick fireplace at 12903 Stanzel Dr caught my eye. Solid focal point at that price point.,advertiser
Ben,caballero@homesusa.com,9025 Cattle Baron Path,Austin,"$509,990","MLS# - Built by Empire Homes - Ready Now! ~ Step into this beautiful 3-bedroom, 3.5-bathroom home which boasts a 2-car garage and 2,443 sq.ft. of living space. On the main floor, you'll find two spacious bedrooms and large storage rooms to keep the home organized. The second level was designed with intimate areas to relax and unwind, and is where the home's open-concept kitchen, dining area and family room reside. An impressive primary bedroom can also be found on this floor, located at the front of the house. The third floor's exceptional game room and massive porch is ideal for entertaining parties of all sizes, complementing the 2-car garage which accommodates families with multiple vehicles.",That game room at 9025 Cattle Baron Path caught my eye. Solid bonus at that price point.,advertiser
Reynaldo,theshortsalesman@gmail.com,1115 Kirk Ave,Austin,"$432,000","8063sqft level lot, 0.1851 acre, zoned sf3, builders dream with exceptional flexibility for any exit strategy. Austin's current home may permit two or possibly three investments units/houses. Live coveted to all of 78702 has to offer but pay lower taxes in this part of 78702. Location cannot be beat. UNDER 10 minutes to Downtown, UT, Moody Center, DKR Stadium. Disch Faulk Baseball. Women's Softball UT complex, Dell Children's Hospital, two HEB's, Lady Bird Lake, 10miole jogging trail, Longhorn Dam Wishbone, Brewers, BBQ joints Franklin and La BBQ, Authentic Mexican restaurants which are a staple in this diverse community and anything healthy is here. Come build on your canvas your dream home or cash flow multiple houses. Airbnb houses are the norm in this convenient area. Come be the envy of your Sphere of Influence.",,advertiser
Suzanne,suzanne.pringle@sothebysrealty.com,106 W 32nd St,Austin,"$2,200,000","The Spurgeon Bell House is a designated City of Austin historic landmark located in the Aldridge Place Historic District. This 1925 Mediterranean Villa-style residence was designed by prominent Austin architect and U.T. professor, Raymond Everett, for Professor Spurgeon Bell, founder of the U.T. School of Business. The home's distinctive Mediterranean Villa design blends traditional Spanish and Italian influences, with a tile roof, round-arched windows and doorways, light-filled rooms, and integrated patios and sunrooms-all of which remain defining features today. Another highlight is the custom iron staircase crafted by Austin's notable Weigl Ironworks. Historic zoning currently provides the property owner with a significant tax abatement opportunity each year. The traditional floor plan (2,504 SF) features a spacious formal living room with a fireplace open to the adjoining formal dining room, a separate den/TV room, and a bright kitchen and breakfast nook overlooking the backyard and pool. The main level also includes a powder room and laundry room. Upstairs are four bedrooms and two baths, including the primary suite with a private bath and an adjoining sunroom with original wood casement windows. An unfinished basement provides additional convenient storage. Outside, a detached two-car garage with upstairs studio/media room (407 SF) offers flexibility for unlimited uses such as a game room, home office, or conversion to apartment/guest house. The beautiful tree-shaded backyard with gardens, swimming pool, and patios provide an ideal space for outdoor entertainment. Located just a few blocks north of U.T, the Aldridge Place neighborhood is a unique pocket of century-old homes surrounding charming Hemphill Park. Residents enjoy the walkability of the area and proximity to nearby shopping, restaurants, and coffee shops. Neighborhood schools include the highly rated Lee Elem, Kealing Middle & McCallum High. Home has been pre-inspected and is to be sold ""as is"".",That custom iron staircase at 106 W 32nd St caught my eye. Pretty cool detail at that price point.,advertiser
KAREN,KLIDDY@AVEONE.COM,6414 Kenilworth Dr,Austin,"$575,000","Welcome home to this spacious house in Windsor Park. Updated in 2017 this 4/3+ flex space that could be a bedroom, family room or office. Sitting on a quiet cul de sac on a oversized lot offering privacy and ample space for a pool and garden. This beautiful updated home features an open layout filled with natural light, creating a warm and inviting atmosphere. Wood floors and plantation shutters throughout! Enjoy large, airy rooms designed for comfort and functionality. Prime location that is close to Mueller, HEB, Downtown, Dell Medical School, University of Texas and the list goes on! Easy commute with I-35, 290, 183 and toll roads all in close proximity. Replaced all galvanized pipes in 2024. Sewer line to the street in 2025.",That oversized lot at 6414 Kenilworth Dr caught my eye. Plenty of room for a pool and garden.,advertiser
Beverly,beverlywilliams@realtyaustin.com,1011 Brodie St Apt 28,Austin,"$600,000","Estate Sale: The property is being sold ""as-is"" giving the next owner the chance to make it their own. A rare opportunity in the heart of 78704! Tucked inside Bouldin Creek Cottages, an intimate gated community of just 33 homes, this freestanding two-story condominium offers the privacy and feel of a single-family home with an incredibly convenient Austin location. The thoughtful floor plan features 3 bedrooms and 2.5 baths with all bedrooms located upstairs. The primary suite includes a recently updated bath. Downstairs, high ceilings and a fireplace create a welcoming setting for everyday living and entertaining. A two-car garage provides valuable parking and storage. Enjoy the walkability and energy of 78704 with popular restaurants, entertainment, Zilker Park and downtown Austin all nearby.",That fireplace at 1011 Brodie St Apt 28 caught my eye. Nice touch at that price point.,advertiser
Wendell,wendellmeredithrealtor@gmail.com,2617 Exposition Blvd,Austin,"$1,895,000","Welcome to 2617 Exposition Blvd, a beautifully appointed Tarrytown residence offering an exceptional combination of space, natural light, thoughtful updates, and an enviable .31-acre lot. This spacious 4,306-square-foot main residence features 6 bedrooms and 5 bathrooms with a floor plan designed for comfortable living and entertaining. Abundant natural light fills the home through multiple skylights, while beautiful hardwood floors add warmth and character throughout. The open, remodeled kitchen is designed for both cooking and entertaining, featuring a built-in gas range and oven, two sinks, two dishwashers, an oversized refrigerator and freezer, plus additional built-in refrigeration. The open layout connects naturally with the surrounding living and dining spaces, creating a welcoming gathering area. Recent updates to the primary and upstairs bathrooms bring fresh, modern finishes. The primary bathroom also offers a rear door with direct access to the covered hot tub area-perfect for relaxing just steps from home. The .31-acre lot expands the living experience with a spacious covered outdoor deck featuring recessed lighting, ideal for morning coffee, dining, or evening gatherings. A covered hot tub area and stone patio create a private space to unwind and entertain, while a charming two-story children's playhouse adds a fun and distinctive backyard feature. Adding flexibility is a separate 552-square-foot, 1-bedroom, 1-bathroom accessory dwelling unit (ADU), ideal for guests, extended family, a private office, or additional living space. With generous living areas, abundant natural light, hardwood floors, exceptional outdoor spaces, and a versatile ADU, this Tarrytown property offers a rare blend of space, comfort, and Austin lifestyle.",That two story playhouse at 2617 Exposition Blvd caught my eye. Pretty fun backyard feature.,advertiser
Charla,charla.housson@compass.com,16125 Zagros Way,Austin,"$875,000","Set against a backdrop of rolling Hill Country views in Falconhead West, this custom Drees home delivers nearly 4,000 square feet of beautifully considered living on an almost quarter-acre greenbelt lot. Striking brick and stone masonry, mature landscaping and a three-car garage set the tone from the curb. Inside, a grand foyer opens to formal dining and a distinctive private office/fifth bedroom framed by bay windows. The main living spaces unfold beneath soaring ceilings, with warm hardwoods, soft neutral finishes, a gas fireplace and a wall of windows that puts the Hill Country center stage. The expansive kitchen pairs granite countertops and rich cabinetry with a large island, pendant lighting, built-in stainless appliances and a convenient buffet station that is perfect for entertaining. The primary suite located on the main floor features towering ceilings, bay windows and sweeping views. The spa-like bath features dual vanities, a soaking tub beneath a picture window, walk-in shower and generous closet. Upstairs, the scale continues with three generously sized bedrooms, a large game room, and separate media or theater room providing that desirable extra space to really stretch out. The game room opens to a covered balcony where Hill Country mornings, sunsets and evening stargazing come naturally. Outside, the covered back porch overlooks the greenbelt and expansive fenced lawn, with plenty of room to envision a future pool or other outdoor retreat. Falconhead West adds pocket parks, playgrounds, a pavilion and miles of scenic trails, while the Falconhead Golf Club, Rough Hollow Yacht Club, Hill Country Galleria and Lake Travis schools are all close at hand. Come see how beautifully this home captures the best of Hill Country living.",That covered balcony off the game room at 16125 Zagros Way caught my eye. Pretty nice spot for Hill Country views.,advertiser
Michael,mlamendola@austin.rr.com,12700 Danbrook Cv,Austin,"$389,000","Wow! Updated single story on corner lot with huge back yard and deck. New appliances, LVP floors, carpet, paint, roof, fixtures and more. 4BR, 2BA, 2Living, 2 Car Garage.",That huge backyard deck at 12700 Danbrook Cv caught my eye. Solid bonus at that price point.,advertiser
Ben,caballero@homesusa.com,9027 Cattle Baron Path,Austin,"$499,998","MLS# 6986785 - Built by Empire Homes - Ready Now! ~ Step into this beautiful 3-bedroom, 3.5-bathroom home which boasts a 2-car garage and 2,443 sq.ft. of living space. On the main floor, you'll find two spacious bedrooms and large storage rooms to keep the home organized. The second level was designed with intimate areas to relax and unwind, and is where the home's open-concept kitchen, dining area and family room reside. An impressive primary bedroom can also be found on this floor, located at the front of the house. The third floor's exceptional game room and massive porch is ideal for entertaining parties of all sizes, complementing the 2-car garage which accommodates families with multiple vehicles.",That massive porch at 9027 Cattle Baron Path caught my eye. Solid bonus at that price point.,advertiser
Tanya,tanyasellsatx@gmail.com,7304 Turnbuoy Dr,Austin,"$1,225,000","Nestled on a spacious lot backing to a peaceful greenbelt, this beautifully appointed 1 story home offers sophisticated living with modern style and exceptional functionality. The open-concept floor plan features high-end finishes throughout, including granite countertops, custom cabinetry, and striking box-beam ceilings. The gourmet kitchen flows seamlessly into the living and dining spaces, while a stylish butler's bar with glass-front cabinetry adds an elegant touch for entertaining. A huge utility room provides an abundance of storage and counter space, plus a convenient sink.The flexible 4 bedroom layout includes an ideal guest suite with a private bath conveniently located near the kitchen, as well as a dedicated office with a closet that can easily accommodate additional guests or serve as a flex space. The spacious 3 car garage offers ample room for vehicles, storage, and recreational gear. Step outside to enjoy the covered back patio overlooking the expansive greenbelt lot, an inviting setting for relaxing or entertaining. Just a short walk to Lake Austin, residents enjoy private community access to a day dock and boat ramp, making it easy to embrace the lake lifestyle. Conveniently located approximately 25 minutes from downtown Austin, this exceptional home combines luxury, privacy, and effortless access to the water.",,advertiser
Ben,caballero@homesusa.com,9031 Cattle Baron Path,Austin,"$519,990","MLS# 8886424 - Built by Empire Homes - Ready Now! ~ Step into this beautiful 3-bedroom, 3.5-bathroom home which boasts a 2-car garage and 2,443 sq.ft. of living space. On the main floor, you'll find two spacious bedrooms and large storage rooms to keep the home organized. The second level was designed with intimate areas to relax and unwind, and is where the home's open-concept kitchen, dining area and family room reside. An impressive primary bedroom can also be found on this floor, located at the front of the house. The third floor's exceptional game room and massive porch is ideal for entertaining parties of all sizes, complementing the 2-car garage which accommodates families with multiple vehicles.",That massive porch at 9031 Cattle Baron Path caught my eye. Solid bonus at that price point.,advertiser
Ben,caballero@homesusa.com,9101 Cattle Baron Path,Austin,"$533,990","MLS# 4391126 - Built by Empire Homes - Ready Now! ~ Come home to this 3-bedroom, 4-bathroom escape, featuring a 2-car garage and 2,316 sq.ft. of living space. This 3-story home is an entertainer's dream with a game room, storage room and laundry room perfectly located on the first level. The primary bedroom on the second floor is the ideal retreat, equipped with a double-sink ensuite and a spacious walk-in closet. As you make your way up to the third level, you'll find the open-concept living room, dining area and kitchen - a perfect space to relax and unwind after a long day. A 2-car garage leaves ample room for vehicles, bikes and additional storage.",That game room at 9101 Cattle Baron Path caught my eye. Nice bonus at that price point.,advertiser
Ben,caballero@homesusa.com,9033 Cattle Baron Path,Austin,"$529,990","Step into this beautiful 3-bedroom, 3.5-bathroom home which boasts a 2-car garage and 2,443 sq.ft. of living space, featuring Downtown Austin skyline views from your third story balcony! On the main floor, you'll find two spacious bedrooms and large storage rooms to keep the home organized. The second level was designed with intimate areas to relax and unwind, and is where the home's open-concept kitchen, dining area and family room reside. An impressive primary bedroom can also be found on this floor, located at the front of the house. The third floor's exceptional game room and massive porch is ideal for entertaining parties of all sizes, complementing the 2-car garage which accommodates families with multiple vehicles.",That skyline view from the third story balcony at 9033 Cattle Baron Path caught my eye. Pretty cool feature at that price point.,advertiser
Tim,insidesales@heylrealestate.com,4408 Amarra Dr,Austin,"$6,000,000","Currently under construction by Heyl Homes, 4408 Amarra Drive is a 5,450-square-foot, single-story residence in Amarra within Barton Creek. Positioned high on a hillside overlooking Fazio Canyons Golf Club, the northwest-facing homesite captures long views across the surrounding Hill Country landscape and golf course. The elevated setting provides a dramatic backdrop for the home's outdoor living spaces, pool, and spa. The one-level plan offers 4 bedrooms, 4 full baths, 1 half bath, a private study, separate den, formal dining, bar, and 3-car garage, with connected living and entertaining spaces arranged around the great room, kitchen, breakfast area, and outdoor living. The kitchen features walnut cabinetry, a large island, and separate scullery and pantry. Interior selections include 7-inch European oak floors, steel windows and doors, natural stone, reclaimed brick accents, and warm brass finishes. The private primary suite includes a marble-clad bath with freestanding tub and separate shower, along with distinct his-and-hers areas. Her closet is designed as a true dressing room with custom cabinetry, marble countertop, and decorative lighting. The exterior combines cream limestone, stucco, metal roofing, and architectural wood accents, with expansive steel openings connecting the interiors to the pool, heated spa, covered outdoor living, fire pit, and landscaped surroundings. Located within Barton Creek, 4408 Amarra Drive offers proximity to Fazio Canyons, Barton Creek Club amenities, and downtown Austin.",That golf course view at 4408 Amarra Dr caught my eye. Pretty special setting at that price point.,advertiser
KEVIN,kevin@phelps-properties.com,3905 Bronco Bend Loop,Austin,"$360,000","Welcome home to Colorado Crossing! Move-in ready and beautifully updated, this charming single-story South Austin home features 4 bedrooms, 2 full baths, and 1,723 sq ft of smartly designed living space. The open-concept layout creates an effortless flow between the spacious living area, dining space, and kitchen-perfect for daily living and entertaining. Key updates include fresh interior and exterior paint, modern light fixtures, upgraded hardware, plus a new dishwasher and microwave. Big-ticket structural improvements offer peace of mind with the foundation redone and a new roof and covered gutters installed in 2023. The private primary suite is tucked away from the three secondary bedrooms, which offer great flexibility for a home office, guests, or hobbies. Outside, enjoy a fully fenced backyard ready for pets, gardening, or relaxing. Neighborhood amenities include a community pool and playground, with quick access to IH-35, Hwy 71, ABIA Airport, McKinney Falls State Park, and Downtown Austin!",,advertiser
Jeffrey,compean.jeff@gmail.com,10904 Legends Ln,Austin,"$595,000","Priced at $595,000 with $30,000 in FLEX MONEY! Want a 4.99% interest rate?? Buyer can use the $30,000 toward an interest-rate reduction, closing costs, or desired home upgrades. A rare opportunity to customize the deal and make this exceptional home yours! Tucked along the 18th hole of the prestigious Onion Creek Golf Course, this spacious 3-bedroom, 3-bath home (with 2 of the bedrooms ensuite!) offers a rare opportunity to enjoy golf course living with incredible views and timeless character. The wide-open floor plan is designed for both comfortable living and effortless entertaining, with generous living areas that flow seamlessly together. At the heart of the home, the beautifully renovated kitchen (2018) features granite countertops, stainless steel appliances, dual ovens, updated cabinetry, recessed lighting, and reverse osmosis. It opens to a bright breakfast area and a stunning atrium-style sunroom, where expansive windows frame mature trees and sweeping golf course views, creating a light-filled gathering space with direct outdoor access. The private primary suite offers high ceilings, crown molding, large windows, and blackout drapery, along with a spacious bath ready for your personal touch. Two additional bedrooms and full baths provide flexibility for guests, family, or a home office. One bedroom has private bath for ensuite privacy and living. Extra large garage, water heater and HVAC in garage or main level for easy access - NOT in the Attic! Situated just minutes from Austin, with convenient access to I-35, major employers, shopping, and dining, this home combines location, space, and scenic beauty. A unique opportunity to move in and enjoy as-is or update to your own style in one of South Austin's most established golf course communities.",That atrium sunroom at 10904 Legends Ln caught my eye. Pretty cool spot for golf course views.,agent
Reese,reese@randallmorris.com,14611 Sandy Side Dr,Austin,"$535,000","Beautifully remodeled home offering the feel of a new home while maintaining the character, mature trees, and established setting of the neighborhood. Beautifully remodeled home with a bright, open layout, vaulted ceilings, mature trees and extensive updates throughout. Improvements include a new 30-year roof, water heater, garage door and opener, flooring, lighting, fixtures, cabinetry, countertops, bathrooms, landscaping and more. HVAC system and thermostat to be replaced prior to closing with an acceptable offer. The redesigned kitchen features Honey Shaker cabinetry, Taj Mahal countertops, Samsung Bespoke AI Family Hub refrigerator, gas range with vent hood, drawer microwave, disposal with air switch, under and over cabinet lighting, center island with storage, breakfast bar and abundant counter space. Spacious living area features vaulted ceilings, fireplace and excellent natural light. Oversized primary suite offers room for a sitting area and private access to the back patio. Remodeled primary bath features a frameless glass walk-in shower, freestanding soaking tub with chandelier, double vanity, LED mirrors and large walk-in closet with 10' ceilings and extensive hanging space. Generously sized secondary bedrooms offer large walk-in closets. Light-filled sunroom/flex space with 6 large windows is perfect for an office, additional living area or potential 4th bedroom. Enjoy refreshed front landscaping, new backyard sod, mature trees and a large concrete patio with plenty of space for outdoor entertaining. Walking distance to the community pool and playground with convenient access to I-35 and MoPac.",That sunroom at 14611 Sandy Side Dr caught my eye. Nice bonus at that price point.,advertiser
Andrew,andrew.vallejo@redfin.com,11010 Prairie Dove Cir,Austin,"$425,000","Beautifully updated and ideally located near The Domain, Walnut Creek Park, Q2 Stadium, and a great selection of local breweries, this 3-bedroom, 2-bath home offers 1,478 square feet of stylish, comfortable living space. The bright living room features vaulted ceilings and a classic brick fireplace, creating a welcoming focal point. The modernized kitchen showcases granite countertops, stainless steel appliances, updated fixtures and hardware, contemporary lighting, and a stylish backsplash. Separate living and dining spaces provide a natural flow, while the bedrooms are thoughtfully positioned toward the back of the home. Modern accent walls and low-maintenance laminate flooring add a fresh, cohesive feel throughout. Outside, the spacious backyard features a new modern horizontal fence, creating a stylish and defined space for relaxing or entertaining. A storage shed also conveys with the home, providing convenient additional storage. With its designer updates and convenient North Austin location, this home offers a great blend of style and accessibility.",That storage shed at 11010 Prairie Dove Cir caught my eye. Solid bonus at that price point.,advertiser
Sue,sueteng@ElimRealty.com,9412 Castle Pines Dr,Austin,"$619,000","Stunning 4-bedroom, 2.5-bath home with a dedicated study/office in highly sought-after Avery Ranch! A dramatic wall of windows fills the home with abundant natural light, creating a bright and inviting atmosphere throughout. Major updates include a roof replaced 4 years ago, HVAC system updated 3 years ago, and water heater less than 3 years old. Enjoy easy maintenance and timeless style with tile and hardwood flooring throughout - absolutely no carpet. The spacious backyard is an entertainer's dream, featuring a large stone patio, oversized level yard, raised garden beds, and a tranquil waterfall feature. Inside, you'll find contemporary light fixtures, elegant crown molding, and an open-concept layout designed for modern living. The kitchen seamlessly connects to the living area through an extended dining space and showcases granite countertops, white cabinetry, stainless steel appliances, recessed lighting. The garage is equipped with a 40-amp outlet for fast EV charging plus overhead storage for added convenience. Conveniently located near Dell Children's Hospital, the new Apple campus, Lakeline Train Station, and The Domain. Zoned to acclaimed Round Rock ISD schools, including exemplary England Elementary and Pearson Ranch Middle School. Residents enjoy exceptional Avery Ranch amenities, including a covered pavilion with picnic seating, swimming pools, a full-size basketball court, 5 lighted tennis courts, sand volleyball court, playground, public golf course, and direct access to the scenic Brushy Creek Trail system and parks.",That waterfall feature at 9412 Castle Pines Dr caught my eye. Pretty cool touch at that price point.,advertiser
Hope,hopeapiper@gmail.com,5919 Idlewood Cv,Austin,"$499,000","Welcome to 5919 Idlewood Cove - a beautifully remodeled 4 bed, 2 bath Austin retreat. This fully updated home blends modern style with comfort and functionality, offering a turnkey opportunity for investors, short-term rental operators, or buyers seeking a move-in ready home. Every detail has been thoughtfully refreshed, creating a warm and inviting atmosphere with updated finishes, stylish design touches, and comfortable living spaces throughout. The home comes fully furnished, and all furnishings can convey with the sale, making this an exceptional opportunity for immediate rental income or effortless move-in convenience. Adding even more versatility to the property is a charming one-room studio located in the backyard, capable of comfortably sleeping up to 8 guests. Perfect for maximizing income potential, hosting extended family and guests, or creating a private office or studio space, this additional living area makes the property truly stand out. Whether you're looking to add to your investment portfolio, or simply enjoy a fully furnished remodeled home in Austin, this property offers incredible flexibility and value. Nestled on a quiet street, 5919 Idlewood Cove is conveniently located near shopping, dining, entertainment, and major Austin attractions. Don't miss this rare opportunity to own a turnkey, income-producing property with bonus guest accommodations in one of Austin's most desirable areas.",That backyard studio at 5919 Idlewood Cv caught my eye. Pretty handy for guests or extra income.,advertiser
Ben,caballero@homesusa.com,9029 Cattle Baron Path,Austin,"$489,998","MLS# 1956341 - Built by Empire Homes - Ready Now! ~ Come home to this 3-bedroom, 4-bathroom escape, featuring a 2-car garage and 2,316 sq.ft. of living space. This 3-story home is an entertainer's dream with a game room, storage room and laundry room perfectly located on the first level. The primary bedroom on the second floor is the ideal retreat, equipped with a double-sink ensuite and a spacious walk-in closet. As you make your way up to the third level, you'll find the open-concept living room, dining area and kitchen - a perfect space to relax and unwind after a long day. A 2-car garage leaves ample room for vehicles, bikes and additional storage.",That game room at 9029 Cattle Baron Path caught my eye. Nice setup at that price point.,advertiser
Ashley,ashley@ashleyaustinhomes.com,4732 Norman Trl,Austin,"$619,999","Living across from an open field in Sendera South gives this home a wide-open view you rarely get in suburban South Austin. Standing on the front porch of this two-story, 3-bedroom, 2.5-bath single-family house, you look straight out across green space. It sits on a quiet Sendera street, giving the entire property a sense of privacy and breathing room from the moment you pull up. Inside, the ground level flows effortlessly through everyday spaces, anchored by warm hardwood floors, tile flooring and zero carpet. Big architectural windows flood the main living room with afternoon light. The layout sweeps right from the living area into a primary dining space, then straight into the kitchen, where you'll find freshly refaced cabinets, updated appliances, and new hardware. A second dining nook sits just past the kitchen, perfect for informal breakfasts or keeping cook and guests connected. Glass doors step out onto a massive wraparound flagstone patio and a private backyard framed by low-maintenance xeriscaped landscaping and a new fence gate. For projects, gear, or parking, the attached three-car garage comes equipped with a built-in workbench. Head upstairs to find the central game room, all three bedrooms, and two full baths. The primary bedroom features a freshly tiled shower with a clear glass enclosure, while the shared guest bath includes new tile work and reglazed surfaces. Every corner of the house shows off recent maintenance: fresh interior paint, updated exterior trim and paint, new toilets, a new water heater, and updated plumbing valves. Located in 78749, Sendera puts you within minutes of the Violet Crown Trailhead for morning runs, plus quick routes to down Slaughter Lane, Mopac, and Highway 290. Everyday shopping, local South Austin spots, and Bowie High School are all right down the road, keeping your daily commute simple while keeping you hooked into the neighborhood.",That wraparound flagstone patio at 4732 Norman Trl caught my eye. Solid outdoor space at that price point.,advertiser
Michael,michael.reisor@compass.com,5210 Emerald Meadow Dr,Austin,"$425,000","Recently updated and move-in ready, 5210 Emerald Meadow Drive is a charming 3-bedroom, 2-bath home offering a fresh, inviting interior in the heart of South Austin. Thoughtful updates and a bright, neutral palette create a clean, modern feel, while abundant natural light adds warmth throughout. The living and dining spaces flow easily together, complemented by updated flooring and contemporary finishes. The refreshed kitchen is full of character with crisp white cabinetry, quartz countertops, stainless steel appliances, and a classic subway tile backsplash. Its bright, streamlined design makes the most of the space while connecting naturally to the surrounding living areas. The primary bedroom offers a comfortable retreat with an updated ensuite bath featuring a walk-in shower and modern finishes. Two additional bedrooms provide flexibility for guests or a home office, while the updated secondary bath continues the home's fresh, cohesive style. Outside, mature trees and a spacious fenced backyard provide plenty of room to relax, entertain, garden, or create your own outdoor retreat. The generous yard adds to the home's welcoming feel and offers wonderful potential for enjoying Austin's outdoor lifestyle. Located in desirable 78745, this South Austin home offers convenient access to South Congress, South First, Westgate, and St. Elmo, with an abundance of local restaurants, coffee shops, shopping, and entertainment nearby. Easy access to major roadways provides a convenient connection to Downtown Austin and beyond, combining an established neighborhood setting with the energy and convenience of South Austin living.",That spacious fenced backyard at 5210 Emerald Meadow Dr caught my eye. Nice setup at that price point.,advertiser
Lindey,hixsonteam@gmail.com,11603 Eubank Dr,Austin,"$525,000","Look No Further!! This Amazing space sits on a large, mature lot in a Premium Location... Plus all Major Systems Replaced 3 years ago!! Sewer lines (NO cast iron), HVAC, electrical panel, windows & roof - still providing worry-free living for years to come. This home is truly an Oasis, especially the back yard: Large back deck, screened in porch, a Huge Cowboy Pool with a CHILLER AND HEATER!! Perfect for all year. The open living room, with its vaulted beamed ceiling & rare stacked stone fireplace, creates a warm inviting atmosphere that flows into the updated kitchen with stainless-steel appliances, a convenient pot filler, quartz countertops, a custom backsplash & white soft-close shaker cabinets. The great room opens onto the screened-in patio & large deck, perfect for indoor/outdoor living and entertaining. At the end of the evening, retreat to the giant primary bedroom, featuring a walk-in closet & luxurious ensuite bath + custom shower. The other 3 oversized, light-filled bedrooms offer flexibility as additional bedrooms, an office, or creative space.The Fourth bedroom right near the front door would make an amazing study or lounge. Upscale finishes continue throughout, with recessed lighting, remote-controlled ceiling fans, solid wood shaker-style doors, a technology package + more. Whether you're hosting a BBQ, enjoying your morning coffee, or taking a dip, this tranquil space offers a serene escape from daily life- Or if you're looking for a Short Term Rental (STR) this is perfect!! Envision all the possibilities in this chic & elegant home. Come and see us!!",That cowboy pool at 11603 Eubank Dr caught my eye. Pretty cool setup at that price point.,advertiser
Ashley,ashley@ashleyaustinhomes.com,5907 Rickerhill Ln,Austin,"$770,000","Circle C Ranch sets the benchmark for Southwest Austin living, offering this two-story, 4-bedroom, 3.5-bathroom home on a street lined with mature oak trees where active neighborhood life meets effortless everyday routine. Living in Circle C Ranch means enjoying direct access to local parks, miles of shaded trails, and community pools, making this neighborhood one of the most sought-after spots in the 78739 zip code. The home opens into a main level designed around daily gathering and clear separation of space. High ceilings and crown molding define the front formal dining and living areas, which receive steady natural light throughout the day. A dedicated office sits off the main hallway, positioned for remote work privacy. Toward the rear of the house, the kitchen features a central island, breakfast bar, built-in oven and cooktop. An adjacent dining nook offers views of the backyard. The primary living room centers on a tiled fireplace and vaulted ceilings. Positioned on the main floor, the primary suite includes space for a sitting area and an updated ensuite equipped with a soaking tub, dual vanity, and an oversized walk-in shower. Upstairs, three secondary bedrooms share two full bathrooms, keeping sleeping quarters distinct from the lower-level entertaining spaces. Major systems have been updated, including a roof installed in July 2023, windows and window coverings in 2026, dual HVAC units replaced in 2020, and a water heater installed in 2021. The back door opens to a patio and private lawn beneath mature oak trees. Situated in Circle C Ranch, the home offers immediate access to Slaughter Lane and Mopac, putting major highways within minutes. Downtown Austin sits approximately 12 miles north, while Austin-Bergstrom International Airport is roughly 16 miles east via Highway 71. Residents enjoy immediate proximity to Dick Nichols District Park, the Circle C Swim Center, Veloway, Alamo Drafthouse and dining along Slaughter Lane.",That tiled fireplace at 5907 Rickerhill Ln caught my eye. Nice touch at that price point.,advertiser
Andrew,andrew.vallejo@redfin.com,7314 Eganhill Dr,Austin,"$460,000","Located in South Austin and backing to Stephenson Nature Preserve, this 3-bedroom, 2-bath home offers a unique connection to the surrounding natural landscape with direct backyard access to walking trails and views of local wildlife, including deer and fox. With no through traffic, the setting offers a peaceful backdrop while remaining convenient to South Austin amenities. Inside, bamboo flooring runs throughout the home, complemented by an efficient air-conditioning system and Low-E energy-efficient windows and storm doors designed to enhance comfort and efficiency. A wood-burning fireplace with a gas connection adds warmth and character to the living space. The zero-scaped yard requires little to no watering, creating a low-maintenance outdoor space. Thoughtful pet-friendly features include access points to the porch, back door porch, and garage. With its nature preserve setting, efficient features, and functional layout, this South Austin home offers a distinctive opportunity to enjoy comfortable living surrounded by nature.",That backyard access to walking trails at 7314 Eganhill Dr caught my eye. Pretty cool setting at that price point.,advertiser
Wendy,wendy.elder@compass.com,6016 Osceola Trl,Austin,"$1,240,000","Backing to a gorgeous Hill Country greenbelt with sweeping views and stunning sunsets, this beautifully maintained home in the gated Davenport Summit section of Sweetwater offers rare privacy, open views, and space. A side easement and greenbelt behind the home make the premium 1/3-acre lot feel private. Inside, high ceilings, an open floor plan, and a dramatic wall of windows frame the views. The interior has been freshly repainted with a smooth Level 5 wall finish, while the exterior was also recently repainted for a fresh, polished, move-in-ready feel. Quality details include custom wood beams, solid wood doors, extensive hardwood flooring, cedar garage doors, and commercial-grade JennAir appliances, (48-inch built-in refrigerator, chef's range, microwave, and dishwasher). The oversized kitchen island offers space for cooking & entertaining, along with a vegetable sink, large walk-in pantry, & laundry room with space for a 2nd refrigerator. The oversized main-level primary suite overlooks the greenbelt, with vaulted ceilings in the bath, a massive doorless shower, and two large walk-in closets. The lower-level balcony includes a built-in outdoor kitchen with Coyote grill and access from the kitchen and primary suite. A dedicated office with a closet & solid wood doors can function as a 6th bedroom, offering flexibility for buyers needing multiple work-from-home spaces. Upstairs are a large game/media room, 3 bedrooms, two full baths, a study center, and a 2nd balcony with long-range Hill Country views. The limestone exterior adds character and energy efficiency, while the large backyard offers room for a future pool. Neighborhood hiking trails can be accessed directly behind the home. Sweetwater residents enjoy resort-style pools, a fitness center, basketball & volleyball courts, a dog park, putting green, & miles of community trails. For buyers looking for views, privacy, flexible living space, and a thoughtfully refreshed home, this one stands out.",That built in outdoor kitchen at 6016 Osceola Trl caught my eye. Pretty handy for entertaining.,advertiser
Patrick,contact.center@meritagehomes.com,12408 Saint Thomas Dr,Del Valle,"$371,990","Brand new, energy-efficient home available by Dec 2026! Enjoy working from home in the Matador floorplan with the private study. The kids will love the game room. Almond cabinets with marble-look white quartz countertops, cool beige laminate flooring, and multi-tone taupe carpet in our Essence package. Lexington Parke is a beautiful new community near multiple major employers with views of the downtown Austin skyline. Residents can enjoy easy access to two neighboring Travis County Parks. We also build each home with innovative, energy-efficient features that cut down on utility bills so you can afford to do more living. Each of our homes is built with innovative, energy-efficient features designed to help you enjoy more savings, better health, real comfort and peace of mind.",That game room at 12408 Saint Thomas Dr caught my eye. Nice bonus at that price point.,advertiser
Teresa,TeresaATXHomes@yahoo.com,11512 Milano Dr,Austin,"$323,995","Amazing Single-Story home, Spacious, 3-bedroom 2 bath open floorplan, large owner's suite, high ceilings throughout, Granite counters in Kitchen, White quartz countertops in baths, Stainless steel appliances, Natural gas for cooking and heating, Sprinkler/irrigation system, Covered front porch, Easy access to main highways: IH-35, 45/Mopac, Toll-130. Proximity to Downtown, Austin's International Airport, Universities, South Park Meadows Shopping Center-Target, Sam's, HEB, Walmart, Restaurants and entertaining. Close to Tesla, F-1 Track. Greenbelt lot with no neighbors behind. Location-everything is a short drive away! Refrigerator, Washer and Dryer can convey",That greenbelt lot at 11512 Milano Dr caught my eye. Nice privacy at that price point.,advertiser
Dina,dina.dillard@gmail.com,304 Coniglio Cv,Austin,"$850,000","Greenbelt views, Hill Country living and room to unwind. Set on a quiet cul-de-sac in the Highlands at Rough Hollow, this 4-bedroom, 4.5-bathroom home pairs an expansive layout with one of its best features out back: a protected greenbelt with no rear neighbors. From the back porch, enjoy a front-row seat to the birds, deer and other wildlife that regularly pass through the natural corridor behind the property. Inside, soaring ceilings and abundant natural light create an inviting sense of space from the moment you enter. The main level has an open-concept kitchen and living area, where generous prep space and a large center island overlook the main family room. Windows along the rear of the home bring the peaceful greenbelt setting. Just off the foyer, a dedicated home office offers a quiet place to work, while the main level also includes the primary suite and an additional guest space. Upstairs, the home shifts effortlessly into its own entertainment and retreat zone, with 2 bedrooms sharing a full bath, a versatile loft and an enclosed movie room ready for movie nights or watching the big game. With multiple gathering spaces and defined areas for work and relaxation, the layout offers plenty of flexibility. Outside, the private backyard opens directly to the greenbelt, creating a peaceful setting that feels worlds away from the typical backyard. Start the morning with coffee on the patio, wind down in the evening as wildlife moves through the trees and enjoy the rare luxury of a natural backdrop with zero homes behind you. Located in Lakeway's 78738, the Highlands at Rough Hollow offers rolling Hill Country terrain, mature oaks, and access to resort-style amenities, while keeping Highway 71, RR 620, and Bee Cave Road close at hand. The Hill Country Galleria, Lake Travis parks a private marina, and Falconhead Golf Club are all just minutes away, making this a home that delivers both a serene setting and easy access to everything the west Austin area has to offer.",That enclosed movie room at 304 Coniglio Cv caught my eye. Pretty cool setup at that price point.,advertiser
Juan,juan.alonso@compass.com,8505 Moccasin Path,Austin,"$607,000","Welcome to 8505 Moccasin Path, a charming single-story home tucked within the desirable Enclave at Covered Bridge community in Southwest Austin. This well-designed residence combines an easy, functional layout with the natural beauty of its Hill Country surroundings. Inside, an open and inviting floor plan connects the main living, dining, and kitchen spaces, while abundant natural light creates a warm, welcoming feel throughout. The three-bedroom floor plan provides versatility for a home office, guest room, or additional living space. Outside, the charm of the neighborhood is undeniable. The home's setting reflects the natural character of Southwest Austin, with mature surroundings and the rolling Hill Country terrain that distinguishes this area. With convenient access to Highway 71, 290, and Southwest Parkway, dining, retail, and entertainment are nearby, along with connections to Bee Caves, the Hill Country Galleria, Downtown Austin, and an array of Hill Country destinations. 8505 Moccasin Path brings together the ease of single-story living, a desirable Southwest Austin location, and the distinctive natural setting of the Enclave at Covered Bridge.",,advertiser
Eilleen,Eilleen.Sabillon@cbunited.com,2522 Magin Meadow Dr,Austin,"$349,000","Tucked in South Austin's Meadow Lake neighborhood, this beautifully appointed two-story home pairs fresh updates with distinctive architectural details and no HOA. A classic stone-accent exterior and an inviting front porch set the tone before you even step inside. A welcoming foyer leads to a sun-drenched family room with graceful architectural arches that give each room its own character, while tile flooring throughout the entire downstairs makes for easy everyday living. Overlooking the backyard, the dining room features updated lighting and flows seamlessly into the kitchen, which offers freshly painted cabinetry, generous counter space, a pantry, and stainless steel appliances. A pass-through above the sink keeps the family room connected. Upstairs, you'll discover three well-sized secondary bedrooms, that share a full bath, and an expansive owner's suite with room to truly unwind. Its generous sitting area and charming Juliet balcony create a private retreat, complemented by an ensuite bath with dual vanities, a soaking garden tub, a separate shower, and an impressive walk-in closet. Recent improvements include a new HVAC installed in 2025, a new water heater, and carpet installed in 2026. Recent interior and exterior paint gives the home a renewed look and offers a fresh and welcoming start! Outdoors, a covered patio and spacious fenced backyard offer room for relaxed evenings and weekend gatherings. Nearby Southpark Meadows brings shopping, dining, and entertainment within easy reach, with convenient access to I-35",That Juliet balcony at 2522 Magin Meadow Dr caught my eye. Pretty cool feature at that price point.,advertiser
Jonny,jonny.wells@revelpg.com,104 Bella Strada Cv,Austin,"$1,899,000","Set on over 1.3 acres in a small gated Lakeway community, this custom home gives you five living spaces and an outdoor setup that could easily become your weekend plans. The circle drive leads past dual garages to a covered porch and double iron doors, setting the stage for an interior with warm wood floors, substantial stonework and space to gather comfortably. The living, dining and kitchen areas stay connected, with a large granite island that keeps the cook in the conversation. A six-burner range, double ovens and Sub-Zero fridge support everything from a casual dinner to cooking for a crowd. That gathering space continues into a separate flex room, which shares the family room's two-sided stone fireplace. Built-in bookcases and barn doors make it a natural choice for an office or library, with patio access when it's time to step away from the desk. That connection to the outdoors continues in the downstairs primary suite, where a custom live-edge barn door opens to an ensuite with dual vanities, a soaking tub and oversized glass shower, complemented by a large walk-in closet. Upstairs, four bedrooms, including two with ensuite baths, share the level with living, game and media spaces that give everyone somewhere to spend time beyond their bedroom. Dual built-in workstations accommodate work or homework, and covered balconies bring another place to enjoy the outdoors. With a pool and rock waterslide, sport court and batting cage, an afternoon here can move from swimming to shooting hoops to getting a few swings in before dinner. The covered patio keeps everyone connected to the activity, with a built-in grill for meals outside and a stone fireplace for evenings that stretch past dinner. Mature trees and open lawn extend the setting beyond the pool, leaving space for lawn games or simply enjoying the shade. A whole-home Generac generator supports the home with backup power, so the practical details get attention, too. Your weekend plans now have a home address.",That rock waterslide at 104 Bella Strada Cv caught my eye. Pretty fun setup at that price point.,advertiser
Zia,ziasyedh@yahoo.com,7108 Outfitter Dr,Austin,"$339,000","Great 4 bedroom 2.5 Bath with Solar Energy, Discover refined Austin living in this beautifully upgraded solar-powered residence, offering fully PAID-OFF solar panels that deliver exceptional long-term energy savings compared to traditional homes. Perfectly positioned in the heart of Central Austin, this home places you just 7 minutes from Austin-Bergstrom International Airport and moments from the vibrant downtown district-an unbeatable blend of convenience and lifestyle. Inside, the home features 4 spacious bedrooms, 2.5 baths, a dedicated study, and a generous laundry/mud room designed for modern functionality. Custom touches elevate every corner, including upgraded kitchen finishes and built-in cabinetry throughout. Fresh new carpet spans the entire home, and every wall has been professionally repainted, creating a crisp, move-in-ready interior. The two-car garage is complemented by two additional front parking spaces, offering ample room for guests and daily convenience. The luxurious primary suite impresses with a large layout and an expansive walk-in closet, while the outdoor living space is equally captivating. Step outside to a sizable back patio perfect for entertaining, complete with included patio furniture, fire pit, and refrigerator-all conveying with the home to enhance your lifestyle from day one. Community Pool (included with HOA) This property is a MUST-SEE, combining modern upgrades, energy efficiency, and an unbeatable Austin location. Buyers closing cost(Except Prepaids) paid by Oasis Mortgage if they chose to use.",That fire pit at 7108 Outfitter Dr caught my eye. Pretty nice setup at that price point.,advertiser
Cherie,homes@jkbrealty.com,8806 Bestride Bnd,Austin,"$450,000","Just a short walk from Keike Park and an entrance to the 13+ mile trail system, this beautiful Newmark home is both stunningly designed and centrally located within Easton Park. Over $20,000 in after-market upgrades have been added to the home that you simply won't get from the builder! The vaulted ceilings and striking wall of geometric windows in the living room are the home's real show-stoppers, filling the open floorplan with natural light. Hardwood floors run throughout the main level, no carpet. The crisp, white kitchen features a large island, built-in stainless steel appliances, and abundant cabinet space, opening seamlessly to a generous dining area. A private office with French doors provides a dedicated workspace at the front of the home. The main-level primary suite features a tray ceiling and a well-appointed bath with dual vanities, a walk-in shower, and a spacious walk-in closet with custom built-ins. Three additional bedrooms and two full baths complete the main level. Upstairs, a pop-up gameroom offers flexible space for a media area, playroom, or second living space, and it includes its own powder bathroom. An oversized 3 car tandem garage provides valuable additional storage, while the large covered patio overlooks a turfed yard designed for easy, low-maintenance outdoor living. Enjoy all that Easton Park has to offer, including The Union amenity center with its resort-style pool, fitness center, yoga lawn, game room, and gathering spaces. Residents also enjoy an extensive network of parks, playgrounds, trails, and food trucks including Cenizo Coffee, thai food, and more! From holiday themed events and Music in the Park to neighborhood gathering spaces and outdoor recreation, Easton Park offers an amenity-rich lifestyle just minutes from downtown Austin.",That geometric window wall at 8806 Bestride Bnd caught my eye. Pretty cool feature at that price point.,advertiser
Laura,laura@laurahokepr.com,5607 Berkman Dr,Austin,"$539,000","Nearly $100K in recent upgrades means the big-ticket items are already done: a brand-new roof, all-new plumbing, fully updated 200-amp electrical panel (plus EV charger!), and a newly poured driveway--all covered under warranty. Add a beautifully remodeled kitchen and primary bath, fresh interior and exterior paint, recent appliances that all convey, and a complete smart home setup (climate, security, remote garage, and front door access), and this immaculate 3/2 is move-in ready from day one. Imagine living carefree and car-free, with access to all Windsor Park and Mueller have to offer and the ease of maintenance you'd find in an apartment. It's the kind of centrally located, walkable lifestyle that's increasingly rare, wrapped around a home that's just as turnkey as the location suggests. Outside, the shaded, fenced quarter-plus-acre lot offers something else that's hard to find nearby: real privacy, with no neighbors on two sides, plus mature trees and low-maintenance native and xeriscape landscaping with underground irrigation, so you can spend your time enjoying true Austin living instead of maintaining a lawn. The rare two-car garage features a spacious laundry room and secure storage, rounding out a home that lets you live large in a walkable, urban oasis.",That EV charger at 5607 Berkman Dr caught my eye. Solid bonus at that price point.,advertiser
Salman,salman@ashrockrealty.com,3512 Sand Dunes Ave,Austin,"$300,000","Recent updates in this 3 bedroom home include new interior, exterior paint, carpet and garage door. Covered patio at entry leads to an open living and dining area with all bedrooms upstairs. Spacious backyard with a patio and shed for storage. Great location close to McKinney Falls state park, 183, the airport and downtown Austin. Community pool and playground.",That backyard shed at 3512 Sand Dunes Ave caught my eye. Solid bonus at that price point.,advertiser
Hope,hopeapiper@gmail.com,605 E Covington Dr,Austin,"$499,990","Completely remodeled and move-in ready, 605 E Covington offers the perfect combination of modern style, comfort, and investment potential in a prime Austin location. This beautifully updated 4-bedroom, 2-bath home features fresh contemporary finishes, an inviting open layout, and thoughtfully designed living spaces filled with natural light. The remodeled kitchen and bathrooms showcase stylish upgrades and modern convenience, while the spacious floorplan provides flexibility for everyday living, entertaining, or hosting guests. Every detail has been refreshed to create a clean, modern feel throughout the home. The home comes fully furnished, and all furnishings can convey with the sale, making this an exceptional opportunity for immediate rental income or effortless move-in convenience Conveniently located near The Domain, major roadways, shopping, dining, and entertainment, this property delivers both lifestyle and versatility in one beautifully updated package.",,advertiser
Chevy,chevy.saucier@heylrealestate.com,4508 Peach Grove Rd,Austin,"$435,000","Beautifully updated and move-in ready! This spacious 4-bedroom, 2.5 bath home in the desirable Los Arboles neighborhood features an updated kitchen with stainless steel appliances, updated flooring, fresh interior paint. The well designed floor plan offers generous living spaces, including an oversized primary bedroom with plenty of room for a sitting area, home office, or private retreat. Step outside to a spacious backyard featuring an impressive 600 sq. ft. covered patio perfect for outdoor dining, entertaining, weekend gatherings, or relaxing year-round. Conveniently located near shopping & dining, this home offers the perfect combination of space, updates, comfort, and outdoor living. Don't miss the opportunity to make this beautiful Los Arboles home yours, schedule your showing today!",That covered patio at 4508 Peach Grove Rd caught my eye. Great setup at that price point.,advertiser
Ashley,ashley@ashleyaustinhomes.com,8624 Alophia Dr,Austin,"$735,000","Life in Meridian means starting your morning walking down to Baldwin Elementary, spending afternoons at the neighborhood pool or hitting the greenbelt trails around the pond. Settled in 78739, this 4-bedroom + study, 2.5-bath, 2-story home gives you that rare balance of a tight-knit community with incredible proximity to Austin's best spots. Over $50K in updates have been completed within the last 2 years, including a roof in July 2025, fresh whole-house and interior door paint and a fully remodeled kitchen in September 2026, an updated upstairs bathroom with a walk-in shower in 2025, one AC unit in summer 2024, and waterproof LVP flooring across the primary suite, office, staircase, and entire upper level. You are minutes from grabbing tacos at Torchy's, catching a movie at Alamo Drafthouse, stocking up at the Circle C HEB, or teeing off at Grey Rock Golf Course, all while having easy routes to Downtown Austin and the airport. Walking through the front door, a dedicated office sits to your left, then leads past a formal dining area into a bright living room with two-story ceilings, a fireplace, and a wall of windows. The living room flows straight into the remodeled kitchen, with granite countertops, stainless appliances, a Bosch dishwasher, and an RO water filtration system. The main-floor primary suite offers a quiet retreat at the end of the day, complete with LVP flooring, its own mini-split AC system, and an ensuite with separate vanities, a soaking tub, and a separate shower. Upstairs, you'll find a game room, 3 secondary bedrooms and a fully remodeled bath. Additional upgrades include full-house LED lighting, smart light switches, a Rachio smart sprinkler system, a Wi-Fi camera surveillance system, an updated water heater, updated landscaping in summer 2026, and a garage with an EV charger. Outside, the large covered back patio acts as an outdoor living room overlooking a private yard with mature trees and an updated fence with postmaster steel posts.",That covered back patio at 8624 Alophia Dr caught my eye. Nice setup at that price point.,advertiser
Sonya,sonya@kupersir.com,11507 Pyreneese Dr,Austin,"$457,000","Thoughtfully updated and ideally situated in the heart of North Austin, this inviting home offers a flexible floor plan, generous outdoor living and exceptional access. With 3 bedrooms, 2.5 baths, this home offers plenty of room to settle in and make it your own. Inside, wood-look tile flooring brings warmth and durability to the main living areas, while the living and dining spaces flow easily together around a charming painted brick fireplace. The updated kitchen features granite countertops, wood cabinetry, Whirlpool dishwasher and range, plus an adjoining breakfast area that adds flexibility for everyday dining. All bedrooms are generously sized while the primary offers dual closets and an ensuite bath. The home has also benefited from a long list of important improvements including a roof replacement around 2023, the AC/Heater and water heater were replaced in 2021, updated windows, popcorn removed and the exterior was painted in 2023. These updates provide comfort and offer the perfect canvas to make your personal touches! The large lot features a spacious covered back patio overlooking a flat, fenced yard with a beautiful tree that provides shade and the perfect place to string lights for a peaceful evening ambiance. With plenty of room for outdoor lounging, dining and entertaining, the backyard feels like a natural extension of the home. Amazing location with the Domain just minutes away, putting destinations like Perry's Steakhouse, North Italia, Punch Bowl Social, Lone Star Court and the restaurants, bars and nightlife of Rock Rose within easy reach. Topgolf is nearby, or head to Q2 Stadium to cheer on our beloved Austin FC. The home is also conveniently located near major North Austin employers, including Apple, PayPal, Indeed, Expedia, Meta and more. Updated, comfortable and exceptionally well located, this North Austin home offers an opportunity to enjoy the best of everyday living with so much of the city right at your fingertips.",That covered back patio at 11507 Pyreneese Dr caught my eye. Nice setup at that price point.,advertiser
Nancy,nancy.ellsworth@colonialrealestate.com,11218 Stormy Ridge Rd,Austin,"$629,000","Welcome to 11218 Stormy Ridge Road, ideally situated on a spacious corner lot in the highly desirable Shady Hollow community. This inviting 3-bedroom, 2-bath home offers 2,177 square feet of comfortable living space with a warm and functional floor plan. The living area features vaulted ceilings and a cozy fireplace, while the primary bedroom is conveniently located on the main level. Enjoy a private, tree-filled backyard with plenty of room for relaxing, entertaining or play, along with an automatic sprinkler system and mature landscaping. In addition, this home features an exceptional 32' x 23' garage (per owner) that is heated and cooled, with both garage doors still in place and 2 windows providing natural light. The seller was told the home was originally used as a model home and that the HVAC in the garage may have been installed by the builder. This versatile space offers numerous possibilities while retaining its garage functionality. Solar panels are installed and fully paid off, providing energy efficiency and potential utility savings. Located near Baranoff Elementary, Bailey Middle School and Bowie High School, with easy access to shopping, dining and major Austin thoroughfares. A wonderful opportunity to enjoy an established neighborhood, mature trees and the sought-after Shady Hollow lifestyle in Southwest Austin.",That heated garage at 11218 Stormy Ridge Rd caught my eye. Solid bonus at that price point.,advertiser
Brittney,brittney@dbrodskyproperties.com,1415 Mearns Meadow Blvd,Austin,"$468,000","Welcome to 1415 Mearns Meadow! This single-story home sits on a large corner lot right in the heart of North Austin. In 2023, this 4-bedroom, 2-bath home underwent an extensive renovation, with new windows, doors, plumbing, lighting, flooring, paint, and insulation. The bright, open layout includes two living areas and a large dining space. Completed foundation work is backed by a lifetime warranty, and a new roof was installed in May 2024. The kitchen is the centerpiece of the home, featuring custom cabinets, quartz counters, and modern appliances, all opening to the dining and living spaces. Upscale wood-look laminate flooring runs throughout. The huge, level backyard, shaded by mature trees, offers plenty of room to relax, play, or entertain. Nearby road and creek improvement projects have been completed, which may positively affect the property's flood zone designation in the future. Cook Elementary is a short walk away, and because the home sits opposite the pickup and drop-off line, you get the convenience without the school-zone traffic. You're also minutes from the CapMetro rail line, The Domain, Q2 Stadium, downtown, the airport, and major employers. Bonus: there's no HOA, and the property tax rate is just 2.04%. A must-see!",That huge backyard at 1415 Mearns Meadow Blvd caught my eye. Plenty of room at that price point.,advertiser
Sammie,sammie@josephcompanies.com,714 Upson St,Austin,"$2,095,000","Welcome to 714 Upson Street, a beautifully designed three-story residence offering approximately 2,960 square feet of refined living space in Austin's coveted 78703 neighborhood. Featuring four bedrooms and four full bathrooms, the versatile floor plan provides generous space, privacy, and effortless flexibility across three levels, all tucked away on a peaceful cul-de-sac with beautiful views of the Austin skyline. The turfed backyard offers a polished, low-maintenance outdoor retreat, complete with a built-in gas grill, outdoor TV, and inviting sitting area-perfect for relaxing or entertaining. Ideally located near H-E-B, Lions Municipal Golf Course, the Hike & Bike Trail, Lake Austin, restaurants, and more, the home places Austin's best amenities and outdoor experiences close at hand. A distinctive blend of architectural character, stunning views, privacy, and convenience, 714 Upson Street offers an exceptional opportunity to experience the best of Austin living.",That skyline view at 714 Upson St caught my eye. Pretty cool setting at that price point.,advertiser
David,davidtherealtor1@gmail.com,3012 Hunt Trl,Austin,"$970,000","Beautifully remodeled and filled with natural light, 3012 Hunt Trail pairs fresh, modern interiors with the established charm of the highly sought-after Allandale neighborhood. Mature trees, refreshed landscaping, and warm wood accents create an inviting first impression, while the thoughtfully updated interior offers an easy flow for everyday living and entertaining. Inside, new flooring, fresh paint, contemporary lighting, and updated fixtures bring a cohesive feel throughout. The kitchen features new two-tone cabinetry, sleek countertops, a striking backsplash, stainless steel appliances, and breakfast bar seating that opens to the dining and living areas. A dramatic fireplace anchors the spacious living room, while a separate front room provides flexibility for a home office or additional sitting area. The primary suite offers a beautifully remodeled bath with a double vanity, an oversized glass-enclosed shower, and a walk-in closet. Outside, a generous covered patio overlooks a spacious backyard shaded by mature trees-an inviting setting for morning coffee, outdoor dining, or relaxing at the end of the day. The location makes this home especially appealing, with highly rated Gullett Elementary, currently rated 9/10 by GreatSchools, just steps from the front door. Enjoy nearby Northwest Park and Pool, neighborhood recreation, and the restaurants, coffee shops, and local businesses along Burnet Road and Anderson Lane. Convenient access to MoPac keeps Downtown Austin, The Domain, and destinations throughout the city within easy reach. This is a beautiful opportunity to enjoy a freshly remodeled home in one of Central Austin's most desirable neighborhoods.",That covered patio at 3012 Hunt Trl caught my eye. Nice setup at that price point.,advertiser
Araceli,araceli@realtyaustin.com,8500 Apogee Blvd,Austin,"$544,900","Elevated single-story living in Easton Park! This 2021 Pacesetter home offers 2,424 sq ft with 3 beds, 2.5 baths, high ceilings, tall doors, and upgraded cabinet hardware. Tile flows throughout, with carpet only in the secondary bedrooms. The office closes off with French doors, plus two additional French doors that open to a charming railed front porch for tons of natural light. The kitchen features a butler's pantry connected to a full walk-in pantry. French doors open from both the living room and primary suite to a covered patio made for morning coffee and weekend cookouts, plus a good-sized backyard out back. A convenient half bath makes hosting a breeze. The primary suite is a true retreat with a full-size soaking tub, a walk-in shower wrapped in floor-to-ceiling tile, and a custom designed walk-in closet. Two additional bedrooms share a Jack-and-Jill bathroom. Oversized laundry room and 2.5-car garage add everyday ease. In walking distance to Easton Park's signature 21- acre Skyline Park, which offers beautiful views of downtown Austin, making it especially popular for sunset viewing!",That Skyline Park view at 8500 Apogee Blvd caught my eye. Pretty cool spot for sunset watching.,advertiser
Adelina,adelina@benkinney.com,7916 Orisha Dr,Austin,"$1,650,000","Set within Meridian's coveted acre-lot enclave, 7916 Orisha Drive is a Nalle custom home offering refined single-story living on a private, park-like acre. Beautifully updated and move-in ready, the home features new white-oak hardwood flooring, designer-selected paint and thoughtfully updated finishes. A picture window at the entry frames the backyard and introduces the home's seamless indoor-outdoor connection. The light-filled great room opens to an expansive kitchen with Thermador and Bosch appliances, gas range, oversized island with bar seating, large pantry and custom appliance garage. A moody dedicated office overlooks the patio, while an oversized secondary bedroom near a full bath offers flexibility for guests, wellness or game room use and convenient pool access. The private primary suite captures exceptional views across the pool, gardens and illuminated mature oaks, with a spa-like bath and custom dressing room featuring a quartzite-topped island and extensive built-ins. A separate wing offers two additional bedrooms with a Jack-and-Jill bath and custom walk-in closets. Outside, curated drought-tolerant landscaping and mature oaks surround a sparkling pool with water feature, freestanding hot tub, fire pit lounge and garden swing. Rolling shutters can fully enclose the patio. Additional highlights include a three-car garage with epoxy floors and built-ins, smart lighting and window treatments, Nest thermostat, app-enabled security, solar with LG backup battery, dual HVAC, fully fenced yard and gated drive. Baldwin Elementary is within walking distance, with parks, greenbelts, golf, shopping and downtown Austin nearby. Homes in Meridian's distinctive acre-lot enclave rarely come to market, offering a compelling opportunity in one of the neighborhood's most coveted settings. Square footage per independent measurement: 2,999.4. Buyer to verify any details independently.",That pool with a water feature at 7916 Orisha Dr caught my eye. Pretty nice setup at that price point.,advertiser
Nicole,Nicole@LegacyRealEstateGrp.com,5206 Cree Ln,Austin,"$595,000","Space to Live, Work & Play Near Lake Travis! Enjoy the flexibility of lake-area living in this spacious two-story home situated on a large corner lot near Lake Travis. With two driveways, no mandatory HOA and room for boat or RV parking, the property offers a setup that can be hard to find this close to the lake. Inside, an open-concept floor plan features soaring ceilings, concrete floors, granite countertops, plantation shutters and a main-level primary suite. Upstairs, the second living/media room is wired for surround sound and offers plenty of flexibility for movie nights, a game room, office or additional sleeping space. The backyard features a large covered patio beneath mature trees plus a separate 192 SF insulated, air-conditioned building with electricity and cable wiring-ideal for a private office, gym, studio or hobby space. Just 2.7 miles from Mansfield Dam Park and less than 10 miles from Mary Quinlan Park, this home combines everyday convenience with easy access to some of the best recreation Lake Travis has to offer. Seller offering a $5,000 concession toward interior painting, allowing the buyer to select their preferred colors and finishes. Professional whole-home painting estimate available in MLS documents. Also, inquire with listing agent regarding the opportunity to separately purchase a boat slip #F33 at Lake Travis Lodges Marina.",That insulated backyard building at 5206 Cree Ln caught my eye. Solid bonus at that price point.,advertiser
Colbey,colbey@atxunlocked.com,10804 Winchelsea Dr,Austin,"$1,695,000","Grand in scale and completely reimagined, 10804 Winchelsea Dr delivers the kind of architectural presence rarely paired with a newly renovated interior in established Northwest Austin. Set in Spicewood at Bull Creek near Northwest Hills and Balcones Hill, this 4 bedroom, 3.5 bath residence spans 3,852 square feet and was transformed with a sophisticated, design forward renovation that feels elevated, intentional, and timeless. From the moment you enter, the home makes an impression. A dramatic staircase, soaring ceilings and expansive sightlines introduce a floor plan with genuine scale. The two story living room is the centerpiece, filled with natural light from towering windows and anchored by a striking fireplace surround. Just off the main living area, a dedicated bar creates a polished space for entertaining. At the heart of the home, the kitchen features marble countertops, an oversized island, extensive cabinetry and a custom backsplash finished in handmade Zellige tile. The natural variation and texture of the tile, combined with the marble and warm wood tones, give the space a layered, collected feel. Wide plank flooring, sculptural lighting, custom cabinetry and arched architectural details continue that sense of refinement throughout. The main level primary suite feels more like a private retreat than a bedroom. A dedicated coffee bar adds a hotel inspired touch, while the spa like bath features a freestanding soaking tub, oversized walk in shower, dual vanities and a custom closet. Upstairs, three additional bedrooms and a large game room provide flexibility and separation while maintaining the home's sense of scale. Outside, mature trees frame an approximately one third acre setting with a three car garage, porte cochere, and backyard adjoining green space. The result is a rare combination in Austin 78750: dramatic architecture, meaningful square footage, bespoke materials and a renovation designed to feel truly complete.",That porte cochere at 10804 Winchelsea Dr caught my eye. Pretty cool feature at that price point.,advertiser
Kevin,kevinmccord@realtyaustin.com,15525 Echo Hills Dr,Austin,"$829,990","Welcome to this meticulously maintained home! Step inside to find fresh interior paint and new wood-look LVP flooring throughout the main level. The light-filled living space features soaring 20-foot ceilings and a wall of windows. Thoughtfully designed for modern living and entertaining, the floor plan includes a main-floor primary suite, a dedicated office, a game room, and a media room. Situated in one of Austin's most convenient locations, you will enjoy quick access to US-183/183A, SH-45, SH-130, MoPac/Loop 1, and I-35. The home is just 10 minutes from The Domain and major employers including Apple, Meta (FB), VRBO, Samsung, Dell, Dell Children's, and Texas Children's. Outdoor enthusiasts will appreciate walking distance to nearby parks, approximately 10 miles of Brushy Creek hike and bike trails, and 25 miles of mountain bike trails. Excellent Leander ISD schools serve this location: Rutledge Elementary, Henry Middle School, and Vista Ridge High School.",That media room at 15525 Echo Hills Dr caught my eye. Nice bonus at that price point.,advertiser
Brenda,brendasellstx@gmail.com,15120 Thatcher Dr,Austin,"$565,000","In this prime location sits this Davis Spring home, perfect for modern living. The layout features 3 spacious bedrooms, a dedicated home office, 2 distinct living areas, and 2 dining spaces. The open floor plan centers around a cozy fireplace and flows seamlessly out to a private patio equipped with custom ambient lighting-ideal for entertaining. Tech and auto enthusiasts will love the convenience of the built-in Level 2 EV charger in the garage. Unwind in the private primary suite featuring an ensuite bath with a garden jacuzzi tub, separate shower, and a generous walk-in closet complete with a large security safe that conveys with the home. Prime location zoned to highly rated Round Rock ISD schools (Elsa England, Pearson Ranch, McNeil) with easy access to major employers, shopping, and dining. Up to 1% of financed amount back in a lender credit with preferred lender. Max credit of $7,000.",That Level 2 EV charger at 15120 Thatcher Dr caught my eye. Pretty handy setup at that price point.,advertiser
Larry,Larry@lsrealty.net,5713 Berryline Way,Austin,"$269,500","Property is sold AS-IS, seller's will not make repairs",,advertiser
Brian,broker@condoatx.com,4620 Page St,Austin,"$849,500","Rare corner lot, standalone single family home in Mueller. The least expensive 3 bedroom, 2.5 bathroom standalone single family home in the development is $1.25M. This is a great opportunity to get in for much less and still enjoy no shared walls, a private side area (currently decked, could easily convert to a yard), and the incredible location within the community - only blocks from all of the wonderful dining, shopping and workplace options. Page Street is a quiet side street, off the main boulevards in the development. 2 car garage and private driveway. 2023 NEW ROOF, 2024 NEW HVAC COMPLETE SYSTEM, 2024 NEW WATER HEATER, 2026 NEW LUXURY VINYL TILE EUROPEAN OAK, NEW CARPET IN ALL OTHER AREAS, REPAINTING, REFURBISHMENT TO EXTERIOR, NEW FRAMELESS SHOWER IN PRIMARY BATHROOM - this unique offering is completely move-in ready.",That private side area at 4620 Page St caught my eye. Nice bonus at that price point.,advertiser
Thao,viviennethaole@realtyaustin.com,6700 Tulloch Way,Austin,"$439,999","Updated Kimball Hill Home in Harris Branch - Move-In Ready ?? 4 Bedrooms | 3.5 Bathrooms ? Spacious, functional floor plan with open living spaces ?? Large kitchen + breakfast area - great for entertaining ??? Private primary suite + generously sized upstairs bedrooms ?? Community amenities: Pool, tennis, basketball & playground ?? Convenient to Samsung Electronics, Tesla & Applied Materials ?? Approximately 22 minutes to Austin-Bergstrom International Airport Recent Updates & Added Value ??? Transferable Lifetime Foundation Warranty ?? 2-Year Plumbing Warranty - approximately $40K combined value ?? New luxury vinyl plank flooring ?? Fresh interior paint ?? New driveway ?? New sprinkler system ?? Transferable Old Republic Platinum Home Warranty ?? AI virtual staging photos showcase the home's potential Exceptional value with significant recent upgrades - move-in ready and ready to tour!",,advertiser
Claire,clairethelocator@gmail.com,8902 Butler Cir,Austin,"$530,000","Escape the ordinary without giving up the convenience of South Austin! This Certified Pre-Owned South Austin Homes property has been recently inspected and sits on a full acre tucked away on a quiet cul-de-sac in a private neighborhood. Surrounded by towering heritage live oaks, the setting delivers that hard-to-find Hill Country feel-peaceful, private, and wonderfully wooded. The adorable modern farmhouse features porches on three sides, including one enclosed porch that's perfect for enjoying the outdoors in any season. A brand-new roof was added in late 2025. Inside, the home has been thoughtfully renovated from top to bottom in 2026, with new engineered hardwood flooring, new upstairs carpet, quartz countertops, new appliances, and fully remodeled kitchen and bathrooms. The entire home has also been freshly painted, creating a clean, inviting backdrop for the next chapter. And while it feels like a tucked-away Hill Country retreat, HEB is just 2.3 miles away. So you get the best of both worlds: acreage, ancient oaks, privacy and peaceful surroundings-plus everyday convenience just minutes from home.",That enclosed porch at 8902 Butler Cir caught my eye. Nice setup at that price point.,advertiser
Dolph,dolph.wilson@cbunited.com,3001 Six Gun Trl,Austin,"$580,000","Gorgeous 3 bedroom house in the heart of highly desirable Shady Hollow! This home sits on a wooded corner lot within walking distance of hike and bike trails, parks, playgrounds, and schools. The private manicured and landscaped back yard features a convenient patio and stone walking paths and makes the perfect getaway from the stress of city life! Your inner chef will love the stylish modern kitchen equally suited for a quiet night at home or entertaining family and friends. A quick 10 minute drive to major shopping, theaters and great restaurants. Less than 30 min from the glitz and excitement of downtown Austin for those special nights out. Updates include a new HVAC system, updated bathrooms and wood flooring throughout the living areas, new front door and garage door. Roof replaced in 2024.",That stone path in the backyard at 3001 Six Gun Trl caught my eye. Nice touch at that price point.,advertiser
Sarah,Sarah.McAloon@compass.com,214 Tavish Trl,Austin,"$860,000","Gorgeous Texas Hill Country home in Rough Hollow, ideally positioned across from the Amenity Center and backing to a private greenbelt with beautiful canyon views. This diverse floorplan offers 4 bedrooms, 2.5 baths and a dedicated study on the main floor plus a bonus space upstairs with another full bath. Soaring ceilings and walls of windows that bring in an abundance of natural light frame the gorgeous Hill Country view and peaceful surroundings. The open kitchen features quartz countertops, a large island, stainless steel appliances and built-in cabinetry, with additional built-ins and shelving in the living room. The primary bath offers granite countertops, while new flooring and fresh interior paint give the home a clean, updated feel. Recent updates also include new HVAC units and kitchen appliances. The covered back patio is made for enjoying the Hill Country setting, with an outdoor kitchen, counter dining and a tranquil greenbelt backdrop. The backyard fence includes a gate that provides access to a trail, that ultimately leads all the way to the lake. The 3.5-car garage provides plenty of space for vehicles, a golf cart and additional storage. Living in Rough Hollow means enjoying an impressive collection of amenities, including a neighborhood pool, recreation center, tennis courts, gym, splash pad, swim dock and complimentary kayaks/SUP, along with parks and scenic trails throughout the community.",That outdoor kitchen at 214 Tavish Trl caught my eye. Pretty handy for enjoying that greenbelt setting.,advertiser
Cherie,cherieschuetz@gmail.com,7413 Acela Trl,Austin,"$339,000","Welcome to 7413 Acela Trail. A 3 bedroom, 2 and half bath 1737 sq ft. home with open floor plan made for entertaining and relaxing. The Kitchen features a large Island with built in banquette, perfect for casual meals and gathering. The Livingroom boasts a cozy electric fireplace, and the covered patio is ready for relaxing evenings, While a wrought Iron fence frames the yard. Upstairs you will find 3 bedrooms, 2 full baths along with Laundry room that makes life so much easier without the hassle of carrying cloths and baskets up and down the stairs. Large, light-filled primary bedroom with a spacious walk-in closet; both the primary and secondary bedrooms include walk-in closets as well. Upgraded ceiling fans offer Bluetooth, for entertainment! Neighborhood perk!! Residents enjoy a pool, clubhouse, walking trails, a park, and a food truck court - all within easy reach.",That built in banquette at 7413 Acela Trl caught my eye. Nice touch at that price point.,advertiser
Steven,stevenvanorden@mac.com,11112 Whiskey River Dr,Austin,"$639,000","Tucked against the creek in coveted Shady Hollow, this updated two-story home offers a level of privacy that is hard to find in South Austin. Vaulted ceilings and a fireplace anchor the main living area, with new laminate flooring throughout the downstairs, fresh paint, designer wallpaper accents, and windows replaced in 2022. Upstairs, the primary suite features a fully remodeled bath with a walk-in shower, freestanding tub, double vanity, and new tile. The backyard is made for entertaining: a new covered patio, pavers, pizza oven, fire pit, storage shed, raised garden beds, and a new view fence that opens the yard to the creek beyond. The roof was replaced in 2024. Miles of wilderness trails at Bauerle Ranch are a five-minute walk away, and deer sightings are common. Residents also enjoy Shady Hollow's community pool, tennis courts, parks, and seasonal neighborhood events, with easy access to MoPac and the shopping and dining along Brodie Lane.",That pizza oven at 11112 Whiskey River Dr caught my eye. Pretty cool backyard feature.,advertiser
Ryan,rmachala@gmail.com,3004 Burning Oak Dr,Austin,"$589,999","Welcome to this charming 3-bedroom, 1-bath home offering 1,126 square feet in an exceptional location just outside the Zilker neighborhood. Uniquely positioned on one of the few streets that will remain zoned to the Zilker Elementary feeder plan regardless of current rezoning plans, this home combines thoughtful updates with unbeatable walkability. Recent improvements include updated flooring in the bedrooms and living room, hot water lines replaced (2024), tree maintenance (2024), a replaced pergola deck (2024), interior and exterior paint (2024), and new energy-efficient windows in most rooms (2023), along with a dishwasher (2022), HVAC (2020), water heater (2016), updated circuit breaker (2013), and metal roof (2013). The home is wired for surround sound and Ethernet and features a Nest thermostat, a huge utility room/pantry, and a large habitable accessory structure with electrical, Wi-Fi, and insulation. Outside, enjoy a spacious shaded yard and pergola, perfect for relaxing or entertaining. Located within walking distance of Matt's, Phil's IceHouse, Loro, Bouldin Acres, Black Sheep Lodge, and multiple coffee shops, with Zilker Park and Barton Springs just a quick bike ride away, this home offers an ideal blend of comfort, convenience, and access to some of Austin's most beloved destinations. Tenant is leased until June 30th, 2027. Schedule your showing today!",That habitable accessory structure at 3004 Burning Oak Dr caught my eye. Solid bonus at that price point.,advertiser
Paul,paul@pearson-properties.com,2921 Lyons Rd Unit 1,Austin,"$915,000","This thoughtfully designed modern home was built by Eastside Construction Company in 2022. Technically a condo but lives like single family with no shared walls, private fenced yard, carport & garage! Once inside, you step into the large living space with open floor plan and high ceilings. The gorgeous kitchen is a chef's dream with abundant cabinets and counter space. The designated dining space is right off the kitchen and offers perfect entertaining opportunity. The large primary bedroom has a spacious vaulted ceiling & private terrace. All bedrooms are upstairs with ceiling fans, recessed lighting & walk-in closets. The home has two covered tandem parking spaces, one in the garage and the second in the attached carport.",That private terrace at 2921 Lyons Rd Unit 1 caught my eye. Nice bonus at that price point.,advertiser
Todd,todd@toddbrealty.com,154 Little Stream Cv,Austin,"$999,000","Truly one of one in Parten Ranch. This exceptional home has been transformed with an extensive collection of custom upgrades curated by a professional celebrity designer, creating a level of style, detail and personality rarely found in the neighborhood. From the finishes and fixtures to the thoughtful design choices throughout, nearly every space feels intentional and elevated. This is far from a standard builder home. The level of customization rivals and, in many ways, surpasses what you will find in a model home. Set on one of the largest and most desirable homesites in Parten Ranch, the property sits on more than .33 acres at the end of a quiet cul-de-sac and backs to green space for an added sense of privacy. The expansive backyard is a true blank canvas with plenty of room to create an incredible outdoor living experience. Multiple areas offer excellent possibilities for a future pool, outdoor kitchen, entertaining space, gardens and more while still maintaining a generous amount of yard. Inside, the home offers 4 bedrooms, 4 bathrooms, a dedicated office and theatre room, with flexible spaces designed for both everyday living and entertaining. Designer selections and custom upgrades throughout give the home a distinctive character that immediately separates it from anything else currently available in Parten Ranch. Parten Ranch offers the best of Southwest Austin and Hill Country living, surrounded by rolling terrain, mature trees, green space and a more relaxed setting while remaining convenient to Austin, Dripping Springs and everyday shopping, dining and entertainment. The community features a resort-style pool and amenity center, hike and bike trails, parks, recreational fields, green space, creek and fishing areas, and is served by Dripping Springs ISD.",That theatre room at 154 Little Stream Cv caught my eye. Pretty fun setup at that price point.,advertiser
Erika,erika@shesellsaustin.com,400 Chippendale Ave,Austin,"$479,000","Fully remodeled and adjacent to the St. Elmo district, this South Austin home pairs thoughtful design with practical upgrades. With four bedrooms and two full bathrooms, the layout offers flexibility for how you live. An open living, dining and kitchen area keeps the main spaces connected, with LVP flooring and a warm, cohesive palette throughout. The kitchen features leathered granite countertops with a waterfall edge, black stainless appliances and a mix of cabinetry and open shelving. The primary suite has a walk-in closet and direct access to the covered patio. Its generously sized bathroom includes an oversized walk-in shower with dual shower heads, including a rain shower, a double vanity and a separate toilet room. On the opposite side of the home from the primary suite, there are two additional bedrooms as well as a smaller fourth bedroom offering flexibility as a home office, nursery or hobby room, depending on your needs. The secondary bathroom brings its own personality with alabaster sconces, playful floor tile details and terracotta shower tile. A skylight brings in natural light, while a shower and tub combination adds flexibility for everyday use. Outside, the large, level, fully fenced backyard offers plenty of space for outdoor dining, gardening or simply spreading out. The covered patio gives you a shaded spot to relax or gather with friends. The improvements extend beyond the finishes: the roof, HVAC and water heater were replaced in 2026, and the home has no cast iron plumbing. An attached garage and no HOA add to the everyday appeal. Walk to coffee at Spokesman or explore the food and entertainment at The Yard, then come home to your own space in an established South Austin neighborhood.",That rain shower at 400 Chippendale Ave caught my eye. Nice touch at that price point.,advertiser
Sharon,sharon.toler@cbunited.com,14317 Cantarra Dr,Pflugerville,"$319,999","Imagine starting your morning with a cup of coffee on the covered back porch and ending your day gathered around the fire pit beneath the evening sky. This inviting one-story home offers four spacious bedrooms and two full baths, with comfortable spaces to enjoy both indoors and out. At the heart of the home, the kitchen features stainless steel appliances, a center island, and an abundance of cabinets, giving you plenty of storage for cookware, serving pieces, and everyday essentials. The large pantry keeps groceries organized and within easy reach, while the island provides additional workspace for preparing meals, setting out appetizers, or baking a favorite recipe. Each of the four generously sized bedrooms offers space to relax and make your own. Whether you need room for guests, a dedicated home office, or a place to enjoy your hobbies, the additional bedrooms provide flexibility to fit your lifestyle. The convenience of a single-story layout keeps everything on one level for easy everyday living. Step outside to a nicely sized backyard with room to garden, enjoy outdoor games, or create your own peaceful retreat. The cozy covered back porch offers a shaded spot for a morning coffee or a quiet moment with a good book. A small patio adds another place to enjoy the fresh air, while the fire pit invites evenings of conversation and relaxation with friends. From preparing a favorite meal in the kitchen to unwinding outdoors as the sun goes down, this home provides a welcoming setting for everyday moments and memorable gatherings.",That fire pit at 14317 Cantarra Dr caught my eye. Nice setup at that price point.,advertiser
Laurie,laurie@lauriefloodteam.com,12307 Boneta Cv,Austin,"$495,000","***OPEN HOUSE: Saturday Oct 3rd 11AM-1PM***Fresh updates, a spacious backyard, and a quiet NW Austin cul-de-sac location! Just-completed improvements include brand-new vinyl plank flooring and carpet throughout - never lived on - fresh interior paint, many updated fixtures and hardware, and popcorn ceiling removal downstairs. Updated windows and Hardie plank-type siding add to the big-ticket improvements already taken care of. Designed for easy entertaining, the floor plan features two spacious living areas and two dining areas arranged around the open kitchen. An additional upstairs loft offers flexibility for a game room, home office, or relaxing retreat. Soaring ceilings in the living and dining areas, loft, and primary bedroom enhance the home's bright, open feel. Outside, an expansive deck overlooks a large, private backyard on a .29-acre cul-de-sac lot, with plenty of room to entertain, play, or unwind. Zoned to award-winning Round Rock ISD schools, the home is within walking distance of Pond Springs Elementary and a short drive through neighborhood streets to Apple's new campus. Nearby Highway 183 and Parmer Lane connect you to Northwest Austin's many shops, restaurants, and employers, with the Domain approximately 10 minutes away. Enjoy the space and updates you want in a super convenient location!",That big deck at 12307 Boneta Cv caught my eye. Nice setup at that price point.,advertiser
Shelley,shelley@kenneygrant.com,1311 Justin Ln Unit A,Austin,"$669,000","Set on a tree-lined street in Crestview, this two-story home is designed for the way you actually live, with room to host, space to work, and a neighborhood that makes it easy to get out the door. A covered front porch overlooks a fully fenced, landscaped yard shaded by mature trees, the kind of spot where mornings start with coffee and evenings end with friends. Inside, wood flooring, high ceilings, and recessed lighting carry through an open living and dining space filled with natural light. The kitchen sits at the center of it all, with Bosch stainless appliances, a gas cooktop beneath a stainless hood, built-in oven and microwave, granite counters, soft gray shaker cabinetry, and subway tile. Pull up a stool at the island for weeknight dinners, or let guests gather while you cook, with a large window over the sink framing the trees outside. A main-level bedroom and full bath give overnight guests their own space and work just as well as a home office or gym. Upstairs, the primary suite is a quiet retreat with treetop views, a walk-in closet, and a bath with double vanity and frameless glass shower. The second upstairs bedroom has its own en-suite with a walk-in shower, so everyone gets privacy. A dedicated laundry room and attached two-car garage keep daily routines simple. Life here happens on foot: walk to Brentwood Park for the pool, tennis courts, and trails, grab a slice at Little Deli & Pizzeria, pick up groceries at Fresh Plus, or meet friends at Violet Crown Wine & Coffee. Zoned to Brentwood Elementary, Lamar Middle, and McCallum High, with Crestview Station nearby and quick access to Burnet Road, The Domain, and Downtown.",That covered front porch at 1311 Justin Ln Unit A caught my eye. Nice spot for coffee at that price point.,advertiser
Spero,spero@stavrosrealty.com,4308 Canoas Dr,Austin,"$949,900","Imagine a backyard where the pool, spa and koi pond take center stage and a covered patio with a built-in gas grill becomes your outdoor dining room. That is life at the end of a private cul-de-sac in The Greens at River Place, a gated golf course community with mature trees throughout. Step inside, where coffered ceilings, wood flooring and a gas log fireplace anchor the living room, and a large picture window keeps the backyard in view. The renovated kitchen is set up for cooking and conversation, with a center island, quartz countertops, a gas cooktop, stainless steel appliances, a wine rack and a breakfast area. Because the primary suite is on the main level, with a renovated primary bath, heated floors, a freestanding soaking tub and a walk-in shower, your day starts and ends without stairs. Upstairs, the game room with built-in bookcases and a work area gives you room to work from home or settle in for movie night, and a balcony is ready for morning coffee. Because the Homeowners Association includes front yard landscape maintenance, your weekends can go to the pool instead of the mower. River Place Country Club is nearby, and offers a fitness center, tennis courts, and golf while the community offers lovley walking trails. Sun Tree Park, Emma Long State Park, and Lake Austin are close, and off Farm to Market Road 2222 you are about 30 minutes from downtown Austin. Come experience this home for yourself. Come home to your own private retreat, with the best of Austin and Hill Country luxury right at your doorstep!",That koi pond at 4308 Canoas Dr caught my eye. Pretty cool feature at that price point.,advertiser
Kyle,kylerealtoratx@gmail.com,5407 Tipton Dr,Austin,"$519,000","Prime location just minutes from Mueller and Downtown Austin! Spacious 4-bedroom home with an open-concept layout, great curb appeal, and a large corner lot. The home needs some updating but has great bones and plenty of potential to become move-in ready. A fantastic opportunity to create a home tailored to your style in a highly desirable location.",,advertiser
Mallory,mallory.buxie@cbrealty.com,215 Golden Bear Dr,Austin,"$1,950,000","Set within the prestigious gated community of Flintrock Falls, this exceptional residence showcases elevated design, custom craftsmanship and sophisticated Hill Country living. Spanning approximately 4,091 sq ft, the home offers 5 spacious bedrooms, 4.5 bathrooms and a remarkable two-story office with thoughtfully curated designer finishes throughout. European White oak flooring and designer tile flow throughout the home with no carpet, complemented by custom cabinetry, statement accent walls and bespoke built-ins. The living room features warm beamed ceilings and a striking fireplace, while the chef's kitchen is equally impressive with a premium JennAir appliance package, built-in refrigerator, custom white oak cabinetry and dramatic Taj Mahal quartzite double islands. A custom built-in dog water station adds a thoughtful touch and functionality. One of the home's most distinctive spaces is the two-story office, where soaring ceilings and a spiral staircase lead to an upper-level retreat and private balcony. The lofted space offers flexibility as a fitness or yoga studio, reading lounge or creative retreat. The secluded primary suite provides direct access to the expansive covered patio and outdoor living spaces. Outside, resort-inspired living takes center stage with a spectacular pool featuring an oversized sun shelf and a generous covered patio ideal for relaxing and entertaining year-round. Additional amenities include a whole-home security system and water softener. Completed in 2024, this meticulously designed residence offers the refinement of a custom home without the wait to build. Flintrock Falls provides an exceptional private-club lifestyle with a manned security gate, signature Jack Nicklaus-designed golf course, beautifully appointed clubhouse and elevated dining. From its designer finishes to its resort-style outdoor living, this is a rare opportunity to experience modern luxury in one of the Lake Travis area's most distinguished neighborhoods.",That spiral staircase in the two story office at 215 Golden Bear Dr caught my eye. Pretty cool setup at that price point.,advertiser
William,wdfloyd@floydre.com,6103 Smith Oak Trl,Austin,"$499,000","Home for sale in the desirable Westcreek neighborhood. Spacious open living and dining area with a fireplace. Access deck through sliding glass doors for an evening outside or an afternoon of grilling. Two secondary bedrooms on first floor. Second floor is entirely primary bedroom and bath. Two car garage for vehicles or storage of tools and recreational equipment. Large back yard perfect for outdoor gatherings or playing with dogs. Easy access to Highway 290, close to MoPac. Close to Small Middle School, Patton Elementary, and the Southwest YMCA. Minutes from The Shops at Arbor Trails.",That fireplace at 6103 Smith Oak Trl caught my eye. Nice touch at that price point.,advertiser
Edgar,edgar.ramirez@cbrealty.com,2304 Sentiero Walk,Austin,"$395,000","Welcome home to this stunning detached condo that lives like a single-family home in the heart of South Austin! Nestled in the boutique Lynnbrook Village community of just 25 residences, this beautifully staged 2-story gem offers the perfect blend of low-maintenance living and spacious comfort. Step inside to soaring two-story ceilings, an abundance of natural light, and an open-concept layout that seamlessly connects the living, dining, and kitchen areas - you have to see those ceilings in person to truly appreciate them! The gourmet kitchen features quartz countertops, a center island with seating, stainless steel appliances, and ample cabinet storage. Upstairs you'll find 3 spacious bedrooms including a serene primary suite with tray ceiling, private ensuite with double vanity and walk-in shower, and a stunning view of mature trees. Enjoy Texas evenings on your covered back patio - ready for entertaining - with a private, fenced backyard. Attached 2-car garage, xeriscape front landscaping, and washer/dryer included. Conveniently located between IH-35 & Mopac on the thriving Menchaca corridor - minutes to Moontower, Bouldin Acres, Armadillo Den, Southpark Meadows, and Bauerle Ranch Park with miles of trails. This one shows better in person!",That covered back patio at 2304 Sentiero Walk caught my eye. Nice setup at that price point.,advertiser
Cherie,homes@jkbrealty.com,7913 Edmondson Bnd,Austin,"$735,000","Welcome to this like-new Taylor Morrison home in the Discovery Park section of Easton Park. Loaded with design upgrades, Wide plank luxury flooring flows seamlessly throughout the main living areas of this open-concept floorplan enhanced by expansive floor-to-ceiling windows that flood the space with natural light. The gourmet kitchen features sleek quartz countertops, a generous island ideal for gathering, and stylish cabinetry that extends into the spacious dining area. Retreat to the luxurious extended primary suite, complete with a tray ceiling and charming bay window. The spa-like en suite bath offers dual vanities, a jetted soaking tub, a large walk-in shower, and a custom walk-in closet with built-ins. Upstairs, enjoy a spacious gameroom and a versatile media room or playroom-both with access to a private balcony and an additional half bath. A fully finished storage room provides even more functionality and space for your needs. The backyard is a true extension of the home, featuring a covered patio and low-maintenance turfed yard, ideal for relaxing or hosting guests year-round. Just a short walk from the amenity center, pools, elementary school, food truck park, trail system, and multiple parks, the centrality of the Discovery Park section cannot be beat!",That private balcony at 7913 Edmondson Bnd caught my eye. Nice bonus at that price point.,advertiser
Dara,dara@daraallen.com,4201 Green Cliffs Rd,Austin,"$4,995,000","Set behind the private gates of coveted Green Park in Westlake, 4201 Green Cliffs is a beautifully reimagined single-family estate offering four bedrooms, four-and-a-half bathrooms, and a two-story layout. Positioned on a magnificent one-acre homesite, the residence is framed by majestic oak trees and manicured grounds, creating an extraordinary sense of privacy just moments from Austin Country Club, local parks, and the shores of Lake Austin. Located in the heart of Westlake within the 78746 zip code, the home sits just 10 miles from downtown Austin, 17 miles from Austin-Bergstrom International Airport, and minutes from Loop 360 and Bee Cave Road. This prime Westlake location provides quick access to fine dining along Westlake Drive, boutique shopping at Davenport Village, and top-rated Eanes ISD schools. A striking exterior and stately columns establish an unforgettable first impression. Inside, the main level centers around a light-filled living room framed by floor-to-ceiling garden views. Adjacent to the living area, the chef's kitchen features custom cabinetry, marble counters, high-end appliances, and a breakfast space opening directly to the covered patio. Two bedrooms rest on the main floor, including a primary suite with a dual-vanity bath, along with a dedicated study near the entry. Upstairs, two additional bedrooms and a spacious game room provide an inviting retreat. Outdoors, expansive lawns, magnificent oak trees, a sparkling pool, and stone terraces create an idyllic backdrop for outdoor living. Complete with an attached three-car garage, this Green Park property captures the essence of refined estate living in Westlake. Call Dara for your private showing.",That pool at 4201 Green Cliffs Rd caught my eye. Nice setup at that price point.,advertiser
Ashley,ashley@ashleyaustinhomes.com,147 Epoch Dr,Austin,"$699,000","Living in the gated Skyridge community means enjoying high-end finishes, easy single-story living, and a Southwest Austin lifestyle that balances peaceful hill country scenery with quick trips to US-290 and local favorite spots. This standalone 4-bedroom, 3-bathroom residence brings together everyday comfort and elevated details in a neighborhood known for low Dripping Springs ISD tax rates and friendly, quiet streets. Step inside the front foyer, where wood-look tile floors draw you right into an expansive, light-filled main layout. The kitchen was built with a large island with breakfast bar seating, a gas cooktop, built-in double oven, and drawer microwave. Nearby, the living room centered around a warm gas fireplace invites relaxed evenings, while the adjacent dining space captures views of the back yard. Tucked away for personal space, the primary suite showcases a tray ceiling and a versatile bay window alcove; the perfect sunny spot for a morning coffee nook, a dedicated work desk, or a quiet yoga space. The connected primary bathroom delivers a true spa feel with its deep soaking tub, separate walk-in shower, and generous counter space. Practical touches keep daily life running smoothly, from a converted hallway organization station to an abundance of floored attic storage above the 3-car garage. Out back, the brick covered patio opens to a private, peaceful yard framed by a custom 16-foot natural stone wall and lavender-blooming Chaste trees that add color and shade as they mature. Skyridge offers the ultimate blend of retreat and connection. You are just a short drive from shopping and dining at Belterra Village, 20 minutes to Downtown Austin, and minutes from the heart of Dripping Springs, giving you effortless access to everything you need. HOA dues cover gates, trash and recycling services, septic system (shared by Skyridge neighbors), common area maintenance, and amenities.",That stone wall at 147 Epoch Dr caught my eye. Nice touch at that price point.,advertiser
DIANNA,Dianna@txrp.biz,4605 Eagle Feather Dr,Austin,"$875,000","MULTIPLE OFFERS RECIEVED, HIGHEST AND BEST BY MONDAY AT NOON. SELLER LEASE BACK TILL12-5 Travis Country has it all, Austin first Environmentally Planned Community. Located close to Mopac and 290 for easy access to the airport, downtown, Zilker park and the hot spots too. This quiet neighborhood is nestled among greenbelts, with tons of trails and community features, including a pool, tennis courts, club houses and more. Currently feeds to Top Austin schools. This stunning single-story home has 4 sides Austin Cut Stone, recent 30-year dimensional roof shingles, an inground pool, wood floors, 3 bedrooms and a bonus room/office /den, updated lights and appliances and a real double car garage. Recently remodeled full hall bathroom, including new tub, tile walls and more. All this setting on a level landscaped yard with an in-ground sprinkler system is hard to beat. Extra privacy with no homes behind the concrete fence in back. Priced right and below next year's preliminary tax assessment of $924,400. Come see this one fast it's going to sell fast!",That inground pool at 4605 Eagle Feather Dr caught my eye. Pretty nice setup at that price point.,advertiser
Kristie,Team@BestOfAustinLiving.com,5120 Bluestar Dr,Austin,"$750,000","Located in highly sought after Circle C Wildflower Park and just steps from neighborhood green space and a play area, this beautifully maintained home features a spa-like remodeled primary bathroom, a huge deck shaded by a 100-year-old oak tree, hand scraped acacia wood floors, fresh interior paint, updated windows and carpet, and a 2021 roof. Circle C Wildflower Park is known for its tree lined streets, top rated schools including Kiker, Gorzycki, and Bowie, and easy access to everything that makes Circle C special. Located off LaCrosse near Mopac, this home offers one of the easiest commutes to downtown from Circle C while still enjoying a quiet neighborhood feel. Inside, natural light fills the spacious living room with fireplace. The kitchen features granite countertops, a center island, generous cabinet space, and a large window overlooking the backyard. Multiple dining and living areas provide flexibility for gatherings, working from home, or additional living space. Upstairs, the second living area functions as a game room, media room, or flex space. The remodeled primary bathroom offers a spa-like retreat with a large walk in shower and dual sink vanity. Secondary bedrooms are well sized. Outside, the huge deck shaded by a magnificent 100-year-old oak tree creates an incredible space to entertain, dine outdoors, or relax in the shade. The large backyard offers additional room to play and garden! Wildflower Park is just around the corner with open green space and a play area. Residents enjoy Circle C's many pools, parks, shopping, dining, and Alamo Drafthouse. Nature enthusiasts will love having some of South Austin's best outdoor amenities right outside their door. Bluestar is in the same neighborhood as the Lady Bird Johnson Wildflower Center and the Veloway, with connections to the Violet Crown Trail and miles of greenbelt trails. Walk, bike, explore, or simply enjoy having it all just steps from home.",That huge deck under the old oak at 5120 Bluestar Dr caught my eye. Pretty great spot to hang out.,advertiser
Albert,albert@albertsaenz.com,8104 Cutler Ridge Pl,Austin,"$649,000","Updated 4 bedroom Western Oaks cul-de-sac home. Primary suite is spacious and has been updated with a luxurious, dual-head walk-in shower and has two separate walk-in closets. Downstairs has all been updated with large format tile. Kitchen was recently remodeled with new quartz countertop, fixtures, cabinetry and stainless appliances. Other recent updates include a dual zone HVAC system, large capacity washer/dryer, garage door, siding, and get this, new Pella windows throughout. The interior was all professionally repainted as well. The crown jewel of this home though is the expansive backyard which includes a private pond with waterfall, relaxing gazebo, garden area, storage shed, and an assortment of plants and trees that bloom throughout the year. Walking distance to trails and parks, and a spectacular Southwest Austin location near all the desired amenities. NO HOA Fees!",That private pond with a waterfall at 8104 Cutler Ridge Pl caught my eye. Pretty cool feature at that price point.,advertiser
Jacque,jacque.maloy@orchard.com,6706 Carisbrooke Ln,Austin,"$319,000","Welcome to this two-story single-family home featuring fresh paint and matching luxury vinyl flooring throughout the whole property on both levels. The main level offers a formal dining area at the front of the home, leading down the hallway to an open-concept living and kitchen area. The kitchen features stainless steel appliances, a breakfast bar, and ample cabinet storage. A half bath and a laundry closet with washer and dryer hookups are also located on the first floor. On the second floor, all bedrooms feature ceiling fans. The second-floor secondary bathroom includes a tub and shower combination with a single-sink vanity. The primary bedroom offers an en-suite bathroom with a double-sink vanity, walk-in shower, and soaking tub. The backyard features a wood privacy fence, covered patio for outdoor furniture, and a grass area, providing additional outdoor space.",That covered patio at 6706 Carisbrooke Ln caught my eye. Nice setup at that price point.,advertiser
Lisa,lisasellstheatx@gmail.com,12812 Steeple Chase Dr,Austin,"$299,000","Incredible Location, Majestic Trees, and Endless Potential! Welcome to 12812 Steeple Chase Drive-a charming 3bedroom/2.5 bath home nestled under a spectacular canopy of huge, mature Texas trees. Located in the highly sought-after Milwood neighborhood, this property is the perfect canvas for anyone looking to bring their own design ideas to life and build quick equity. While the home needs a little cosmetic love and personal updates, it already boasts fantastic bones and updated stainless steel appliances in the kitchen. The real value here is the unbeatable lifestyle and location. You are a short, easy walk from Pond Springs Elementary-say goodbye to stressful morning car lines! On top of that, you're just minutes from the Apple campus, major tech corridors, and all the shopping and dining at The Domain. With a little sweat equity, this diamond in the rough will easily become the envy of the block. Bring your contractor, your vision, and make this Austin gem your own!",That canopy of huge trees at 12812 Steeple Chase Dr caught my eye. Nice setting at that price point.,advertiser
Daniel,danielajwani@gmail.com,7503 Carriage Dr,Austin,"$600,000","Welcome to 7503 Carriage Dr - a fully remodeled, one-of-a-kind designer home that blends luxury, functionality, and timeless modern style with no HOA or shared spaces with the potential for an Additional Dwelling Unit (ADU). Set on an oversized 1/3-acre lot in a quiet North Austin pocket, this 3-bedroom, 2-bathroom home features a custom layout with premium white vinyl flooring, sleek custom -cabinetry, high ceilings, and soundproof white wood paneling-all thoughtfully curated for comfort and style. Natural light pours in through large windows, skylights, and sliding doors, enhancing the home's bright and airy feel. Recent upgrades include brand-new plumbing, water heater, vinyl windows throughout, all-new appliances (including built-in microwave), dimmable recessed lighting, dual vanity mirrors with built-in Bluetooth speakers- and custom exterior paneling. Step outside to your private backyard retreat with expansive outdoor living space and a versatile shed with a new foundation-ideal for a studio, office, or workshop. Located in Highland, one of North Central Austin's most connected neighborhoods, just minutes from The Domain, Q2 Stadium, Mueller, UT, and Downtown-with quick access to 290, I-35, and 183. Schedule your private tour today and experience this truly unique designer home.",That versatile shed at 7503 Carriage Dr caught my eye. Solid bonus at that price point.,advertiser
Gary,Gary@mycastlerealty.com,14400 Wharton Park Trl,Austin,"$829,000","PDATED ELEGANCE - CUSTOM FEATURES - SUNSET GOLF COURSE VIEWS: Step into a move-in-ready, meticulously maintained, original-owner home featuring a fully finished, climate-controlled attic, thoughtful updates, and custom features throughout. Nestled on an oversized corner lot surrounded by majestic century oak trees, this exceptional Avery Ranch home blends elegance, functionality, with everyday comfort. This spacious 5-bedroom home features large walk-in closets, 4 updated full bathrooms, a dedicated home office with a view, an upstairs game room overlooking the golf course, and a formal dining area. The open-concept breakfast and living areas center around a wood-burning fireplace, creating the perfect setting for cozy evenings with sunset views. The updated kitchen features quartz countertops, updated flooring, lighting, and custom storage built-ins throughout. Thoughtful extras include whole-home water filtration, energy-efficient window tinting, and a built-in Murphy bed with cabinetry for effortless guest accommodations. The rare bonus room surprise is a finished out attic complete with built in shelves, lighting and climate-controlled. Outdoor living is equally impressive with the calming sound of a water fountain, escape the heat in your gazebo, enjoy the deck day or night with string lighting, surrounded by mature oaks, professional landscaping, extensive stonework; a fully fenced backyard retreat. Residents enjoy the resort-style amenities across 1800 acres in this master-planned community located in Northwest Austin, Boarded by Cedar Park and Round Rock, Texas. This exceptional lifestyle includes local dining, 16 miles of hike-and-bike trails, pools, basketball, tennis, pickleball, and access to the award-winning golf course and clubhouse. Rarely does a home offer this combination of setting, functionality, custom features, and thoughtful updates. Come see why this exceptional Avery Ranch house is the one you'll want to call home!",That climate controlled attic at 14400 Wharton Park Trl caught my eye. Pretty handy bonus space at that price point.,advertiser
Luisa,luisa@lmauroatx.com,7205 Boyle Dr,Austin,"$550,000","Experience the best of East Austin living in Scenic Point, ideally situated with convenient access to Mueller's vibrant shopping, dining, parks, and entertainment, as well as Downtown Austin and major roadways. Offering 3 bedrooms, 2.5 baths, and 2,229 square feet, this thoughtfully designed residence pairs refined finishes with inviting spaces for both everyday living and effortless entertaining. Hardwood floors, recessed lighting, and custom built-ins lend warmth and character to the open-concept interior, while the well-appointed kitchen showcases quartz countertops, stainless-steel appliances, and a seamless connection to the family room. Upstairs, all three bedrooms are complemented by a spacious loft, creating a flexible second living area ideal for gathering, relaxing, or hosting guests. The primary suite serves as a private retreat, complete with a balcony offering captivating Downtown Austin views. A screened-in patio extends the living experience outdoors, providing a welcoming space to enjoy a quiet morning, unwind at the end of the day, or entertain in comfort. With its appealing blend of style, space, and accessibility, this Scenic Point home offers a distinctive opportunity to enjoy the Austin lifestyle.",That screened patio at 7205 Boyle Dr caught my eye. Nice setup at that price point.,advertiser
SAMANTHA,samsoletti@gmail.com,2633 Bolton St,Austin,"$565,900","Spacious 2-story home in the desirable Baurle Ranch neighborhood. Wood laminate on first floor, high ceilings, office and 2 living rooms downstairs. Granite counters and stainless appliances. Formal dining area. Sprinkler system. Living room and 3 bedrooms upstairs. Huge primary closet. Community has 300+ acre greenbelt park, playground, sport court, pool, and trails.",That 300 acre greenbelt park near 2633 Bolton St caught my eye. Pretty nice amenity at that price point.,advertiser
Amanda,amandamoon@kw.com,8306 Corrigan Pass,Austin,"$450,000","Welcome to 8306 Corrigan Pass, where a flexible floor plan meets the community-focused lifestyle Easton Park is known for. The main home features an open-concept layout designed for easy everyday living and entertaining, with a full bedroom and bathroom on the main level. Upstairs, two additional bedrooms each offer their own ensuite bath, creating comfortable and private spaces for family and guests. Adding even more versatility is the garage apartment, complete with a spacious bedroom, full bathroom, and walk-in closet-an incredible bonus for overnight guests, a private home office, multigenerational living, or simply having additional space separate from the main home. Beyond the front door, Easton Park offers a true sense of community. Meet neighbors for coffee or dinner at the neighborhood food trucks, spend the afternoon exploring the many parks and playgrounds, or take advantage of miles of walking trails woven throughout the community. With flexible living spaces at home and so much to enjoy just outside your door, 8306 Corrigan Pass offers a lifestyle that's easy to settle into and make your own.",That garage apartment at 8306 Corrigan Pass caught my eye. Solid bonus at that price point.,advertiser
Yolanda,yoligorr7@gmail.com,3204 Benbrook Dr,Austin,"$739,000","** Now offered at an improved price and $5,000 toward the buyer's closing costs and prepaid expenses. ** Welcome to this renovated North Shoal Creek 4-bedroom, 2-bath, home on a quiet cul-de-sac. At nearly 1,700 square feet, the home blends mid-century character with contemporary updates. The open living area features vaulted ceilings, and the updated kitchen includes quartz countertops, stainless steel appliances, and ample storage. The primary suite includes an ensuite bath, while three additional bedrooms offer flexible space for guests, work, or hobbies. Spacious closets and blackout shades add everyday convenience. The fenced backyard features mature red oak trees, a large patio area with an irrigation system. The accessory building is already wired for electricity, making it a breeze to add a mini-split unit for a year-round home office or creative studio. The two-car garage includes dedicated laundry space, storage, and an epoxy-coated floor. This walkable area is conveniently located near parks, shopping, schools, and major commuter routes.",That wired accessory building at 3204 Benbrook Dr caught my eye. Solid bonus at that price point.,advertiser
Juan,juan.alonso@compass.com,8905 Moccasin Path,Austin,"$810,000","Welcome to 8905 Moccasin Path, a stunning 2019-built residence tucked away in the desirable Enclave at Covered Bridge. Spanning over 2,500 square feet, this home perfectly balances sophisticated design with a layout well suited for modern living. From the moment you step inside, the rich hickory hardwood floors lead you through an open, light-filled floor plan. The heart of the home is a gourmet kitchen featuring sleek Silestone countertops and high-end built-in appliances. The main level is thoughtfully designed, hosting both the primary suite and a versatile additional bedroom that functions beautifully as a home office. The primary retreat's ensuite bath offers a spa-like escape with quartz counters, a deep soaking tub, and a walk-in shower with dual rain heads. Heading upstairs, you'll find two additional bedrooms and a spacious second living area. Whether you're envisioning a media room or a high-tech gaming hub, this space is already pre-wired for sound and data, making it ready for whatever you can dream up. While the interior is impressive, the outdoor space is a standout feature. The current owners have recently expanded the patio, creating an outdoor living area that far surpasses the original design. It's an incredible setting for evening gatherings or quiet mornings under the Texas sky. Set within the Enclave at Covered Bridge, this upgraded and meticulously maintained home offers a distinctly Hill Country setting with the convenience of Southwest Austin. Trails, green space, and rolling terrain surround the neighborhood, while Oak Hill dining, Lantana Place, Hill Country Galleria, and other outdoor destinations are within easy reach. With convenient access to Highway 71, 290, and Southwest Parkway, the location offers convenient access to Downtown Austin, Bee Cave, and the greater Hill Country.",That expanded patio at 8905 Moccasin Path caught my eye. Nice setup at that price point.,advertiser
Lindsay,lindsay.dillard@elliman.com,5110 Lucas Ln,Austin,"$1,400,000","Perched among the trees on a quiet, secluded street in Northwest Austin, this beautifully updated ""treehouse"" retreat offers a rare combination of privacy, scenic Hill Country views, and modern comfort. Just moments from Balcones Drive, the home offers easy access to The Domain, The Arboretum, downtown Austin, and some of the area's best shopping, dining, and outdoor recreation. Designed to embrace its natural surroundings, the home features nearly 300 square feet of covered outdoor living space across two spacious balconies, creating the perfect place to enjoy your morning coffee, unwind after a long day, or entertain while taking in the tranquil views. Inside, the light-filled main level welcomes you with soaring vaulted ceilings, expansive windows, warm wood floors, and an open floor plan designed for comfortable living. The inviting living room is anchored by a cozy fireplace and flows seamlessly into the spacious dining area and beautifully updated kitchen. Featuring Cambria quartz countertops, stainless steel appliances, and abundant workspace, the kitchen is equally suited for everyday meals and entertaining. Two secondary bedrooms are located on the main level, while the oversized primary suite occupies the level below. Complete with a second fireplace, the spacious retreat includes a beautifully updated en-suite bath with dual vanities, quartz countertops, tile flooring, and a generous walk-in closet featuring custom Container Store shelving. A fourth bedroom, powder bath, and large laundry room complete the lower level. Offering high ceilings, a flexible floor plan, a two-car garage, and exceptional indoor-outdoor living, this home delivers the perfect balance of privacy, comfort, and convenience. This exceptional Northwest Austin home is a rare opportunity to enjoy peaceful Hill Country living just minutes from the city's best shopping, dining, and major employers.",Those two balconies at 5110 Lucas Ln caught my eye. Pretty nice spot for Hill Country views.,advertiser
Elissa,ellie.middleton@heylrealestate.com,6617 Sunderland Trl,Austin,"$310,000","Welcome home to this beautifully updated, turn-key 3-bedroom, 2-bathroom single-family residence nestled in the highly desirable 78747 zip code of Austin! Boasting an open-concept layout, this home immediately welcomes you with streaming natural light, clean neutral modern paint tones, and stunning, durable tile floors throughout the main living areas-perfect for effortless entertaining and easy maintenance.The heart of the home features a chef-ready kitchen complete with sleek granite countertops, an oversized breakfast bar island, crisp white cabinetry, and premium stainless steel appliances. Retreat to the spacious primary suite, featuring a luxurious private bath with a double granite vanity, a deep soaking tub, and a separate walk-in shower. The two additional bedrooms are bright and versatile, ideal for family, guests, or a dedicated home office.Step outside to your sprawling, fully fenced backyard, offering an expansive blank canvas for pets, gardening, outdoor dining, or future customized expansions. Don't miss this opportunity to own a piece of Austin comfort with seamless access to all the vibrant shopping, dining, and city conveniences the area has to offer!",,advertiser
Bobby,bobby@trustedrealtyaustin.com,5820 Ronee Leah Dr,Austin,"$285,000","Welcome to 5820 Ronee Leah Dr, a charming 4-bedroom, 2-bathroom home offering 1,702 SqFt of comfortable living space in Austin, TX. Designed with a functional and inviting layout, this home features spacious bedrooms, well-appointed bathrooms, and bright living areas filled with natural light. The open-concept living space provides a comfortable setting for both everyday living and entertaining. Conveniently located near shopping, dining, schools, parks, and major roadways, this home offers a great combination of comfort, convenience, and accessibility. Don't miss the opportunity to make this wonderful Austin property your new home! All information provided is deemed reliable but not guaranteed. Buyers are advised to independently verify all information.",,advertiser
Monica,Monica@MonicaCityLiving.com,12220 Tanglewild Dr,Austin,"$670,000","Discover spacious North Austin living in this beautifully appointed four-bedroom, 3.5-bath home offering more than 3,000 square feet across two thoughtfully designed levels. Charming curb appeal welcomes you with a native stone exterior and two mature trees, while the xeriscaped backyard and covered rear porch create a low-maintenance outdoor retreat. Inside, soaring ceilings and abundant natural light create an inviting sense of space throughout the open-concept floor plan. The main-level living room features a cozy fireplace and flows seamlessly into the kitchen and dining areas, making everyday living and entertaining effortless. The kitchen is designed for both function and connection, with a large center island and breakfast bar, generous pantry storage, and an open layout connecting the formal dining room on one side and living room on the other. A separate breakfast nook provides an additional casual dining space. With two living areas-one on each level-there is plenty of room for everyone to spread out, relax, work, entertain, or enjoy individual hobbies and interests. The primary suite is conveniently located on the main floor and offers a peaceful retreat with a deep soaking tub, spacious walk-in shower, dual vanities, and a walk-in closet. Outside, the covered rear porch overlooks the xeriscaped yard, providing an ideal spot for morning coffee or relaxed gatherings. With no HOA and a current Airbnb use, the property also offers flexibility for a variety of ownership and lifestyle needs. Best of all, Walnut Creek Metropolitan Park is within approximately half a mile or less, putting miles of trails, sports courts, picnic areas, and abundant outdoor recreation close at hand. Enjoy living 5 minutes from The Domain, Q2 Stadium, ACC, numerous restaurants and coffee shops, as well as easy access to both Mopac and IH35 off Parmer Ln.",That covered rear porch at 12220 Tanglewild Dr caught my eye. Nice setup at that price point.,advertiser
Kristen,kristen@regentpg.com,7312 Journeyville Dr,Austin,"$1,275,000","Privacy, a pool, and a beautifully updated interior-this standout Lantana home checks multiple hard-to-find boxes. Tucked away on a quiet cul-de-sac and backing to a peaceful greenbelt, the home has been thoughtfully updated with a cohesive, elevated style that feels both current and timeless. Abundant natural light and private greenbelt views create a beautiful backdrop throughout the main living spaces. Highlights include plantation shutters, quartz countertops, custom built-ins, updated lighting, a remodeled primary bathroom with custom closet, and a light-filled sunroom. Four bedrooms, an upstairs flex room, and a loft provide plenty of versatility for work, guests, or additional living space. The roof was replaced in 2025, with added attic insulation and a Tech Shield radiant barrier. Outside is where this home truly sets itself apart. A stunning pool and spa overlook the greenbelt with no homes directly behind, creating a private, tucked-away retreat. Generous outdoor living and additional usable yard offer plenty of space for entertaining, pets, play, or gardening. A three-car garage adds even more functionality, while the Southwest Austin location provides easy access to downtown, the airport, private schools, and nearby shopping and dining. Beautifully updated and exceptionally private, this is a rare combination of scenic greenbelt living, incredible outdoor space, and everyday convenience. Truly a standout property and one of those homes that simply feels special the moment you walk through the door.",That pool overlooking the greenbelt at 7312 Journeyville Dr caught my eye. Pretty private setup at that price point.,advertiser
Alexia,alexia@realtyaustin.com,149 Autumn Wood Ln,Austin,"$625,000","Enjoy an easy lock-and-leave lifestyle in the gated Cottages at Belterra Village, perfectly positioned between Belterra and Belterra Village. This thoughtfully designed 4-bedroom, 3-bath home offers 2,702 square feet of living space with a functional layout and plenty of room to spread out. Two bedrooms and a dedicated office are located on the main level, including the spacious primary suite, while upstairs you'll find an 2 additional bedrooms, a full bath, and versatile flex space-perfect for a game room, media room, home office, or second living area. The open-concept kitchen, dining, and living spaces flow seamlessly together, creating an inviting setting for everyday living and entertaining. One of the standout features of this property is the oversized approximately 0.25-acre homesite-a rare find within The Cottages. The generous backyard offers significantly more outdoor space than typically found in this lock-and-leave community, with plenty of room for entertaining, pets, play, gardening, or simply enjoying the outdoors. Located within highly sought-after Dripping Springs ISD, Rooster Springs Elementary is conveniently located within the Belterra community, with Sycamore Springs Middle School just minutes away. Enjoy easy access to Belterra's miles of trails, parks and playgrounds. Belterra Village is practically at your doorstep, offering restaurants, shopping, fitness, a movie theater, and everyday conveniences, with H-E-B just a quick drive away. With a gated setting, low-maintenance lifestyle, flexible floor plan, and an exceptionally large backyard, 149 Autumn Wood offers a combination that is difficult to find in The Cottages at Belterra Village.",That oversized backyard at 149 Autumn Wood Ln caught my eye. Nice bonus in a lock and leave community.,advertiser
Anthony,anthony@realtyhaus.com,4907 Manchester Cir,Austin,"$365,000","Welcome to this stunning South Austin gem, situated a short walk from the bustling St. Elmo district with seamless access to Hwy 290 and I-35. Thoughtfully refreshed from top to bottom, this move-in-ready home boasts a brand-new roof, fresh interior and exterior paint, new light fixtures, and handsome real bamboo wood flooring throughout. The kitchen comes fully equipped with all functional appliances included, complemented by modern comforts like a Nest smart thermostat. Outside, enjoy newly installed landscaping on a generous 0.165-acre lot. The spacious backyard features a covered pergola patio and serves as a blank canvas with plenty of room to add a private pool, a secondary ADU, or your ultimate outdoor oasis.",That covered pergola patio at 4907 Manchester Cir caught my eye. Nice setup at that price point.,advertiser
Cherie,homes@jkbrealty.com,7619 Boyd Haven Dr,Austin,"$350,000","Welcome to this beautifully maintained home in the amenity-rich community of Easton Park! Set back from the road, this inviting residence enjoys a peaceful setting with large, mature trees shading the front yard and views of an HOA-maintained greenspace. Inside, an open and thoughtfully designed floorplan creates an effortless flow for everyday living and entertaining, with wood-look tile extending throughout the main level. The well-appointed kitchen features quartz countertops, built-in stainless steel appliances, an eat-in island, abundant cabinetry, and a spacious pantry. The main-level primary suite offers a tray ceiling and a spa-like ensuite bath complete with dual vanities, frameless glass shower, and a generous walk-in closet. A convenient powder bath adds functionality for guests. Upstairs, a versatile loft provides the perfect flex space for a home office, playroom, or additional living area. Two secondary bedrooms and a full bathroom complete the upper level. Outside, enjoy a fenced backyard with a covered patio-ideal for relaxing or entertaining year-round. With its tranquil setting, flexible living spaces, and access to the exceptional amenities of Easton Park, this home offers a wonderful blend of comfort, style, and community.",That covered patio at 7619 Boyd Haven Dr caught my eye. Nice setup at that price point.,advertiser
Carrie,carrie@carrieyork.com,5109 Fort Mason Dr,Austin,"$545,000","**Sunroom - Oversized Lot - Native Landscaping - No HOA - Move-In Ready - Minutes to Downtown**. There's a lot to love about this Battle Bend Springs home-and a few features you simply don't find every day in South Austin. Offering 1,770 square feet (per TCAD), this thoughtfully updated 3-bedroom, 2-bath home feels bright, comfortable and easy to live in. Large picture windows bring in abundant natural light, engineered wood flooring runs throughout-no carpet-and the inviting den is anchored by a fireplace and built-in bookshelves. The updated kitchen opens to the living and dining areas, creating a natural flow for everyday living and entertaining. But the real surprise is the sunroom-a wonderful light-filled space surrounded by walls of glass and overlooking the backyard and mature native landscaping. It's the kind of room that quickly becomes a favorite place in the house. Outside, the 9,148-square-foot lot (per TCAD) is larger than many in the neighborhood and offers plenty of room to garden, entertain, play or simply enjoy the peaceful setting. Established native landscaping attracts birds and butterflies while adding beauty, privacy and a distinctly Austin feel. Recent improvements include replaced windows and fresh interior paint throughout, including walls, trim and doors. The home is ready to enjoy now while still offering plenty of opportunity to make it your own. All of this in an established South Austin neighborhood with **no HOA**, convenient to South Congress, Downtown Austin, IH-35 and Austin-Bergstrom International Airport. **A little more space, a little more nature, and a lot of South Austin charm-come see what makes 5109 Fort Mason special.**",That sunroom at 5109 Fort Mason Dr caught my eye. Pretty cool space at that price point.,advertiser
Lorin,lorin.martin@compass.com,9421 China Rose Dr,Austin,"$289,000","Fully Pre-Inspected! Welcome to 9421 China Rose, a bright and comfortable home featuring 3 bedrooms and 2 full baths designed for easy daily living. The open floor plan brings in plenty of natural light, featuring high ceilings and easy-to-maintain flooring throughout. The kitchen includes modern appliances, ample counter space, generous storage, and a center island for cooking and gathering. The primary bedroom includes its own attached full bathroom and a walk-in closet. Out back, the yard backs directly up to a quiet nature area, providing extra privacy and peaceful views. Located in the Woodland Hills neighborhood, this home offers a great setting with convenient community amenities. Residents have access to the HOA swimming pool, a neighborhood park and playground, and scenic nature trails that run throughout the area. It is close to major roads for easy access to Austin and nearby Walter Long Park on Walter Long Lake, combining quiet neighborhood living with convenient access to work and outdoor recreation.",That nature area behind 9421 China Rose Dr caught my eye. Nice bit of privacy at that price point.,advertiser
Lynne,lynnesellsatx@gmail.com,12909 Medina River Way,Austin,"$675,000","Welcome to 12909 Medina River Way, an immaculate one-story home nestled on a private greenbelt lot in highly sought-after Steiner Ranch. Enjoy peaceful views with no neighbors directly behind and gated backyard access to the greenbelt. Designed for both everyday living and entertaining, the spacious island kitchen features granite countertops, double ovens and a large breakfast area that opens to the family room with a natural gas fireplace. A generous formal dining room with adjoining butler's pantry is perfect for holidays and special gatherings, while the dedicated study with doors provides a private work-from-home space. The spacious primary suite overlooks the greenbelt and features a sitting area and high ceilings. The primary bath offers dual vanities, an oversized soaking tub, separate walk-in shower and expansive walk-in closet. Wood floors flow throughout the main living areas, with carpet in the bedrooms. Custom drapes add a beautiful finishing touch in the family room and kitchen. Additional features include a convenient mud area off the garage for backpacks and everyday essentials, an oversized garage with room for extra storage or a golf cart, and an outdoor BBQ pit on the back porch. The home has also been professionally cleaned, including the windows and screens, and is truly move-in ready. Steiner Ranch offers miles of trails, multiple pools, parks, playgrounds, tennis and basketball courts, soccer fields, plus the Lake Club on Lake Austin with boat ramp access. Enjoy nearby dining including Steiner Ranch Steakhouse, Vaqueros Cafe & Cantina, Cho Sushi Japanese Fusion and Sloan + Parker Wine Bar, with convenient access to Four Points and major Northwest Austin employers.",That outdoor BBQ pit at 12909 Medina River Way caught my eye. Pretty handy for a place at that price point.,advertiser
Esmeralda,esmeralda.mcgee@exprealty.com,1704 McClannahan Dr,Austin,"$465,000","Welcome to 1704 McClannahan Drive, a South Austin home offering inviting curb appeal, a covered front porch, mature shade trees, and three-sided stone masonry. Step inside to a wide foyer with a large office/flex room located near the entry, ideal for working from home, study space, or an additional living area. The long hallway leads into the main living area, where a fireplace with mantle creates a warm central gathering space. The dining area offers room for a 6-8 person table and connects comfortably to the kitchen, which features granite countertops, tile backsplash, and a functional layout for everyday living and entertaining. Upstairs, the primary bedroom and secondary bedrooms provide separation from the main living areas. An additional upstairs room offers flexibility for a media room, game room, hobby space, or extra bedroom use. Enjoy outdoor living in the large backyard with an extended covered patio, flower beds, benches, and plenty of room to relax, garden, entertain, or create your own outdoor retreat. The South Austin location offers convenient access to shopping, dining, parks, major roadways, and everyday services while still providing a neighborhood setting.",That upstairs media room at 1704 McClannahan Dr caught my eye. Nice bonus at that price point.,advertiser
Alexander,alex@strubresidential.com,14701 Broken Bow Trl,Austin,"$539,000","A rare opportunity in Apache Shores, 14701 Broken Bow Trail sits on approximately 1.21 acres with incredible views, ultimate privacy, and exciting future potential. The expansive property lets you enjoy the existing move-in-ready home while exploring the land's potential, including additional development or improvements. Properties with this combination of acreage, setting and location are hard to find! The light-filled updated home features an open floor plan, vaulted ceilings, stained concrete flooring, walk-in closets and an upgraded kitchen with stainless steel appliances. Large windows fill the home with natural light and showcase the surrounding views. Enjoy the Apache Shores lifestyle with access to Lake Austin waterfront, a community pool, tennis and pickleball courts, parks, playgrounds, a boat ramp and private lake access, all within the neighborhood. Conveniently located near Lake Travis, Bee Cave and the Hill Country Galleria, with access to highly regarded Lake Travis ISD schools, this is an exceptional opportunity to own a home with remarkable land, views and potential in one of the area's most sought-after lake communities.",,advertiser
Christy,christy@twotexas.com,802 Riddlewood Dr,Austin,"$349,900","Amazing Austin home with convenient access to I-35 and Downtown Austin! This 3-bedroom, 2-bath home features a HUGE fully fenced backyard with plenty of room to entertain, play, or simply enjoy the outdoors. Located within walking distance of North Oaks Neighborhood Park, offering a walking trail and plenty of outdoor activities. The home has been refreshed with brand-new stainless steel appliances and fresh interior paint completed in July 2026. Additional improvements include cast-iron plumbing updates completed in May 2026 with PVC piping. The home is all-electric with no gas service. Convenient location, great outdoor space, and recent updates make this home a must-see. Schedule your showing today!",That huge fenced backyard at 802 Riddlewood Dr caught my eye. Solid bonus at that price point.,advertiser
Scott,scott.mccord@compass.com,6100 Boxcar Run,Austin,"$420,000","Beautifully updated and ideally located, this approximately 1,200-square-foot home combines modern luxury, thoughtful upgrades, and exceptional Austin convenience. Impressive curb appeal welcomes you into a stylish interior featuring elevated finishes and a clean, modern aesthetic throughout. Major improvements provide added peace of mind, including an updated roof, HVAC system, and electrical panel. The spacious two-car garage offers valuable parking and storage, while the private backyard creates a peaceful retreat with plenty of space for entertaining, relaxing, or enjoying Austin's outdoor lifestyle. Located just minutes from South Lamar, South Congress, and Downtown Austin, this home provides easy access to some of the city's best restaurants, shopping, entertainment, and nightlife while maintaining the privacy and comfort of an established neighborhood. Move-in ready, beautifully updated, and exceptionally well located, this home offers the perfect combination of style, functionality, and convenience in the heart of Austin.",That private backyard at 6100 Boxcar Run caught my eye. Nice setup at that price point.,advertiser
Jeffrey,jeffpatterson48@yahoo.com,9100 Amanda Dr,Austin,"$599,995","Set beneath a canopy of beautiful mature oak trees on a spacious corner lot, this inviting 4-bedroom, 2.5-bath home offers the space, character and flexibility that make a house feel like home. Step inside to a light-filled interior where warm vinyl plank flooring flows through the main living areas and a versatile floor plan provides room for both everyday living and entertaining. Formal living and dining spaces offer endless possibilities, while the heart of the home opens into a comfortable family room anchored by a classic brick fireplace. The adjoining kitchen features built-in appliances, a center island, abundant cabinetry and generous counter space, with an easy connection to the breakfast area and family room. Upstairs, a spacious game room creates an entirely separate place to relax, watch movies, work or play. The primary suite feels like a true retreat with its vaulted ceiling, abundant natural light and beautifully refreshed bath featuring new quartz countertops, updated fixtures, dual vanities, a soaking tub and separate shower. An impressive walk-in closet with extensive built-in shelving provides exceptional storage. Newer carpet adds another fresh touch throughout the home. Outside is where this property really shines. Spend quiet mornings or relaxed evenings on the screened-in covered patio overlooking the large, tree-shaded backyard, with plenty of room to gather, play or simply enjoy the outdoors. The oversized corner lot and incredible mature oaks give the property a sense of space and privacy that is hard to find. With a two-car garage, NO HOA and Town & Country Park within walking distance, this home combines space and convenience in a wonderful location served by Round Rock ISD schools. Close to shopping, dining and major roadways, yet tucked into an established neighborhood filled with mature trees, this is a home designed to be enjoyed inside and out.",That screened patio at 9100 Amanda Dr caught my eye. Nice setup at that price point.,advertiser
Kia,kia@kppropertygrp.com,5005 McIntyre Cir,Austin,"$1,750,000","Unmatched Mediterranean-style home with sweeping views from the back patio. This home invites you in and provides an immediate sense of space and allure. Starting with the driveway that extends in multiple directions to the manicured landscaping that lines the sides of the home, you're met with immediate relaxation. The pond in the front yard is canvas for an outdoor oasis. Inside, the soaring ceilings and large windows bathe the space in light. The foyer leads to the large living area that can host gatherings of any size. The formal dining room leads in to the well-appointed kitchen fit for a chef. The cabinet space speaks for itself and the oversized kitchen island reveals a breakfast bar for additional seating. The living spaces continues with an office and game room. As you head down the hall, the primary bedroom creates a luxury experience. The en-suite primary bathroom features a soaking tub and separate vanities. Three additional bedrooms provide ample room for relaxation. The separate casita includes one bedroom and one full bathroom to accommodate guests. The backyard is an outdoor oasis complete with a sweeping balcony boasting endless canyon views and the historic Lake Travis lighthouse. These sweeping views can be enjoyed from the back patio, office, game room, primary bedroom, living room, dining room and kitchen! The backyard also includes basketball court, tetherball court, pergola and plenty of yard space. Located just minutes from Lake Travis, this home features everything that Austin has to offer.",That Lake Travis lighthouse view at 5005 McIntyre Cir caught my eye. Pretty cool backdrop at that price point.,advertiser
Megan,megang@denpg.com,2201 Bowman Ave,Austin,"$1,690,000","On a corner lot in Tarrytown, this 2013 home by Stuart Sampley has 3 bedrooms, 2 baths, and 2,385 sq ft designed around the way you'll actually live, inside and out. Large sliding doors wrap the living and dining areas and open straight onto the outdoor decks, so a dinner party or a lazy Sunday moves outside without anyone noticing the change and natural light fills the house all day. Gather around the fire pit on a cool evening, or head to one of several tucked-away seating areas for morning coffee or a quiet hour with a book. A screened front porch adds one more place to settle in, and the spacious corner lot gives every space room to breathe. Inside, a large island anchors the kitchen and makes a second gathering place alongside the formal dining room. Downstairs, two bedrooms share a full bath. The primary suite takes up the entire second story, with a private balcony, a flexible reading nook, and several skylights that make it a real retreat. Solar panels on the roof cover part of the home's energy use, which rounds out a property for a buyer who notices how things are made. A separate studio/ADU is also available for purchase - please inquire for more details.",That studio ADU at 2201 Bowman Ave caught my eye. Solid bonus at that price point.,advertiser
Jordan,jordansuberllc@gmail.com,3301 Western Dr,Austin,"$725,000","Nestled on an impressive 0.2-acre lot in the heart of South Austin, this beautifully updated home seamlessly pairs modern elegance with everyday comfort. Enjoy the quiet charm of an established neighborhood just minutes from favorite local spots, H-E-B, Costco, and Whole Foods, with the trails of Stephenson Nature Preserve and Williamson Creek Greenbelt right down the road. Fresh landscaping and crisp exterior finishes give the home effortless curb appeal. Inside, natural light floods the open-concept living space, where custom soft-close cabinetry, a wood-burning fireplace, and an extended breakfast bar-complete with a built-in wine fridge-create the perfect setting for morning coffee or evening relaxation. A dedicated dining room makes hosting a breeze, while the private primary suite offers a quiet retreat featuring a dual vanity and a spacious walk-in shower. Step outside to the covered back patio, ideal for weekend barbecues and entertaining in the expansive backyard. Complemented by subtle, high-quality upgrades throughout, the home comes turnkey with window tinting, a newer roof and HVAC system, and brand-new appliances and window coverings included.",That built in wine fridge at 3301 Western Dr caught my eye. Pretty cool feature at that price point.,advertiser
Cassandra,cassandra.marie@compass.com,1108 Gato Del Sol Ave,Austin,"$1,234,999","Set on approximately 1.5 private acres in gated Saratoga Hills, this single-story Ashton Woods home combines Hill Country views, resort-style outdoor living and an exceptional collection of upgrades across 3,163 square feet. The Avalon 2 floor plan offers 4 bedrooms, 3 full baths, a dedicated office, dining room, versatile media/flex space and a 3-car garage. The flexible bonus space is currently configured as an impressive golf simulator room, but is equally well suited for movie nights, a game room or second living area. At the heart of the home, the kitchen is designed for both everyday living and entertaining, featuring two Sub-Zero refrigerators and a Wolf dual-fuel range with six burners and an infrared griddle. Extensive built-in cabinetry, a dedicated bar and wood-look tile add both function and style. The well-planned bedroom layout includes two secondary bedrooms connected by a Jack-and-Jill bath, plus a separate bedroom and full bath that provide added privacy for guests. Solar panels paired with a Tesla Powerwall battery system add energy efficiency, resilience and backup capability. Outside, the property becomes a private Hill Country retreat. A covered patio and outdoor kitchen overlook the pool and spa, while a fire pit, scenic views and approximately 1.5 acres create an exceptional setting for entertaining, relaxing and enjoying the privacy of the surrounding landscape. With single-story living, acreage, premium appliances, a resort-style backyard and the privacy of gated Saratoga Hills, this home offers a rare combination of space, comfort and amenities in the Texas Hill Country.",That golf simulator room at 1108 Gato Del Sol Ave caught my eye. Pretty cool feature at that price point.,advertiser
Holly,holly@hollydees.com,2102 Taylor Simonetti Ave,Austin,"$469,900","Remodeled home with new LVP flooring throughout! No carpet! Updated quartz countertops, kitchen backsplash and fresh paint throughout! Quiet street in highly sought after Wells Branch. Walk to pool, tennis, rec center, walking trails and playground. 4 bedrooms or 3 bedrooms and an office! Huge trees offer tons of privacy in this backyard refuge like no other in Wells Branch! Enormous back deck and tons of character make this home a very special property. Conveniently located near The Domain, I-35, Mopac and 45!!! Close to all the big blue chip employers in Austin.",That enormous back deck at 2102 Taylor Simonetti Ave caught my eye. Solid bonus at that price point.,advertiser
Linda,linda.robertson@cbrealty.com,1908 Maple Ave,Austin,"$1,150,000","Classic Austin. Completely Reimagined for 2026. Welcome to 1908 Maple Avenue, where the charm of an established Austin neighborhood meets the comfort, style and sophistication of a home thoughtfully reimagined for modern living. Originally built in 1962, this 4-bedroom home has undergone an extensive, high-end renovation designed to bring it beautifully into 2026. From the moment you step inside, the transformation is evident-fresh, sophisticated interiors, an updated floor plan, elevated finishes and carefully selected details create a home that feels both timeless and new. The renovation went far beyond cosmetics, with substantial improvements to the home and its major systems. City of Austin building, electrical, plumbing and mechanical permits associated with the remodel have been finalized, offering buyers added confidence in the work completed. At the heart of the home is a beautifully redesigned kitchen featuring high-end appliances, including a pot filler and a food warmer, custom finishes and a polished contemporary aesthetic. The living spaces are light, inviting and designed for today's lifestyle, while four bedrooms provide flexibility for family, guests, a home office or fitness space. Outside, enjoy the convenience of a two-car garage plus an exceptionally long driveway providing generous additional parking-a rare and valuable feature this close to central Austin. What makes 1908 Maple truly special is the opportunity to enjoy the character and setting of an established Austin home without sacrificing the finishes and conveniences buyers expect today. The roof, foundation and numerous components of the property have been addressed as part of its extensive transformation.",That exceptionally long driveway at 1908 Maple Ave caught my eye. Solid parking setup at that price point.,advertiser
Patricia,patriciaalbrightrealtor@gmail.com,5802 Abilene Trl,Austin,"$650,000","Welcome to 5802 Abilene Trail, a spacious single-story home in the established Village at Western Oaks neighborhood. With four bedrooms, two baths and 2,339 square feet, this home offers an exceptionally flexible layout with generous living spaces and plenty of room to spread out. The main living room features a vaulted ceiling and a double-sided fireplace, creating a warm focal point while maintaining an open connection to the dining area and kitchen. The large open kitchen offers abundant cabinetry and counter space, granite countertops, double ovens and a convenient pass-through to the living area. Both bathrooms have been updated, including an impressive primary bath with dual vanities, an oversized glass-enclosed walk-in shower with multiple shower fixtures, and direct access to a spacious cedar-lined walk-in closet with custom storage. Three additional bedrooms on the opposite side of the home provide flexibility for roommates, guests, or home office. One of the home's standout spaces is the expansive second living area. A wall of windows brings in wonderful natural light and views of the mature trees outside, while the double-sided brick fireplace adds character and warmth. French doors open to a private tiled side patio with hot tub, creating a tucked-away spot to unwind. Outside, mature oak trees in front and back create a wonderfully shaded setting. The spacious fenced backyard offers plenty of room to relax, garden and pets to play. Two freestanding storage sheds provide valuable extra space for tools, lawn equipment, bikes and more. With four bedrooms, 2339 square feet all on one level in sought-after South Austin-5802 Abilene Trail offers the kind of space and flexibility that's increasingly hard to find.",That double sided fireplace at 5802 Abilene Trl caught my eye. Pretty cool feature at that price point.,advertiser
Kinan,kinan@kinanbeck.com,2804 Leeds Cv,Austin,"$535,000","Tucked at the end of a quiet cul-de-sac in South Austin's Cherry Creek neighborhood, this single-story home sits on a generous 0.283-acre lot framed by mature trees. Board-and-batten siding with a brick-and-stucco exterior gives it standout curb appeal, and the gently sloping yard offers room to garden, play, and unwind. Inside, an open floor plan fills with natural light, accented by recessed lighting, ceiling fans, and a wood-burning fireplace anchoring the living room. The eat-in kitchen features a gas cooktop and stainless steel appliances, and opens easily into two separate dining areas, ideal for everyday meals or entertaining. All bedrooms are on the main level, including a primary suite with a walk-in closet, and the home is entirely step-free. Flooring is a mix of wood, tile, laminate, and vinyl throughout. The private backyard is ready for whatever you have in mind, whether that's a garden, a gathering spot, or simply relaxing beneath the trees. Additional highlights include a two-car attached garage, full gutters, natural gas service, fiber internet availability, and no HOA. Zoned to Austin ISD (Sunset Valley Elementary, Covington Middle, Crockett High) with quick access to S Lamar, US-290/TX-71, and Loop 360. Information provided by seller and to be independently verified by the purchaser.",That wood burning fireplace at 2804 Leeds Cv caught my eye. Cozy touch at that price point.,advertiser
Leonides,leonides-estrada@realtytexas.com,11513 June Dr,Austin,"$475,000","Welcome to this beautifully remodeled 3-bedroom, 2-bathroom home, thoughtfully designed with modern style and functionality. The open-concept kitchen features elegant quartz countertops and beautiful European-style cabinetry, creating a welcoming space for cooking and entertaining. The primary bathroom offers a stylish double vanity. Situated on a desirable corner lot, this home also features a beautiful swimming pool, perfect for relaxing and enjoying outdoor living.Conveniently located near IH-35, approximately 15-20 minutes from Downtown Austin and The University of Texas at Austin, with easy access to shopping, dining, and everyday amenities. Don't miss the opportunity to make this beautifully updated home your own!",That swimming pool at 11513 June Dr caught my eye. Nice setup at that price point.,advertiser
Sarandy,sarandy7@gmail.com,10624 Garbacz Dr,Austin,"$297,000","Completely turnkey and meticulously maintained! Enjoy ultimate peace of mind with a 4yo roof and a 10yo HVAC system. Inside, modern 5yo renovations feature a fully updated kitchen and refreshed flooring, offering a stylish and worry-free living space. The backyard is a spacious and fenced, with mature trees, a gazebo, storage shed, and plenty of room to play or unwind. This two-story Saddlewood Estates home sits in the heart of South Austin, just off Manchaca where eclectic local flavor, iconic hangouts, live music, an outdoor recreation capture the best of the South Austin lifestyle.",That gazebo at 10624 Garbacz Dr caught my eye. Nice backyard setup at that price point.,advertiser
Maxim,max@mcelroypg.com,2304 Rain Water Dr,Austin,"$399,000","Don't miss this turnkey home in Apache Shores priced for a quick sale! Thoughtfully designed, it offers an open-concept layout filled with natural light-perfect for both entertaining and everyday living. Durable concrete flooring run throughout, and each bedroom features a walk-in closet (and there is additional walk-in closet in the hallway). The spacious primary suite includes a large bathroom and plenty of room to unwind. The open kitchen offers stainless steel appliances, granite countertops, an island, generous cabinet storage, and a large pantry ideal for anyone who enjoys cooking. Step outside to a private, fully fenced backyard and a cozy courtyard with a covered patio-great for gatherings or quiet relaxation. Apache Shores is known for its vibrant community and abundant amenities, including Lake Austin access for boating, fishing, and swimming, along with a community park featuring a creek, playgrounds, sports courts, hiking trails, disc golf, soccer fields, and a swimming pool. Located just minutes from shops, dining, and entertainment, this home offers the perfect blend of lake life and outdoor living. Schedule a showing with your favorite agent before it's gone!",That covered courtyard at 2304 Rain Water Dr caught my eye. Nice setup at that price point.,advertiser
Kyndle,kyndlelee@gmail.com,9104 Texas Oaks Dr,Austin,"$525,000","Welcome to 9104 Texas Oaks Drive, where classic South Austin character meets thoughtful updates in the heart of 78748. In the established Texas Oaks neighborhood, this inviting single story home offers 3 bedrooms, 2 bathrooms, 1,767 square feet, and a layout designed for both everyday living and effortless entertaining. With a bright and open living space, vaulted ceilings, abundant natural light, and a cozy fireplace, this home immediately makes you feel warm and welcome. The kitchen anchors the heart of the home with quartz countertops, stainless steel appliances, generous storage, and an easy connection to the surrounding living and dining spaces. Bamboo and tile flooring add warmth and character throughout. Featuring a thoughtfully designed bedroom wing, this layout offers the perfect balance of proximity and privacy. The primary suite shares a wing with the guest bedrooms but is intelligently separated by a full bathroom and a long hallway gallery, creating a peaceful, quiet retreat without feeling isolated from the rest of the household. It's the ideal setup for keeping young children close by while still enjoying excellent sound buffering and privacy. Outside, a large deck extends the living space into a private, tree filled backyard with plenty of room to gather, unwind, garden, or simply enjoy an evening by the fire under the Texas sky. Located near Mary Moore Searight Metropolitan Park, Southpark Meadows, neighborhood dining, shopping, and major South Austin thoroughfares, 9104 Texas Oaks Drive delivers the space, character, and convenience that make South Austin living so easy to love.",That backyard deck at 9104 Texas Oaks Dr caught my eye. Nice setup at that price point.,advertiser
Julie,julieg@jbgoodwin.com,7816 Bettis Trophy Dr,Austin,"$1,350,000","Room to Live, Work, and Gather in Circle C! Tucked within the gated Fairway Estates enclave, this immaculate 4,453 sq ft home pairs refined finishes with one of the most versatile floor plans you'll find. With 5 BD, 5 BA, and two flex spaces on a .33-acre lot, it adapts beautifully to the way you live. Extensive hardwoods flow through the main-level common areas, and upgraded lighting adds warmth and elegance. The kitchen is built for everyday cooking and entertaining alike, with an oversized island and prep sink, a walk-in pantry, and a butler's pantry with a wine cooler and additional cabinetry. What truly sets this home apart is how it lives. Just off the main living area, two downstairs offices share a full bathroom, an ideal arrangement for working from home, pursuing hobbies, or hosting overnight guests. On the opposite side of the home, a private suite with its own living room, bedroom, and full bathroom creates a truly separate retreat for extended family, long-term guests, or multi-generational living while still feeling connected to the rest of the home. The upstairs primary bedroom is filled with natural light and features a luxurious bath with a custom walk-in shower and a double-sided walk-in closet. Step outside to one of the property's most memorable features: a grove of mature oaks framing the covered patio and outdoor kitchen, complete with a built-in grill, mini-fridge, and sink. Over the years, the owners have added fig, olive, and Meyer lemon trees, bringing a touch of the Mediterranean to the backyard. Additional highlights include upstairs and downstairs laundry rooms, a large two-car garage with dual EV charging outlets, a new water heater and carpet (August 2026), and a new fence (July 2026). Beautifully maintained and exceptionally flexible, this is a rare opportunity to enjoy space, privacy, and a lovely natural setting in one of Circle C's most sought-after communities.",That outdoor kitchen at 7816 Bettis Trophy Dr caught my eye. Pretty handy for hosting.,advertiser
Crystal,crystal@porchlightaustin.com,11704 Indianhead Dr,Austin,"$500,000","The one you have been waiting on is finally available! A fully renovated North Austin mid century ranch on over 1/3 of an acre and NO HOA! This stunning renovation offers beautiful laminate flooring, wooden kitchen and bathroom cabinets, stainless steal appliances, and plenty of light-filled workspaces. The expansive living room features a stone fire place and sliding glass doors that open onto a spacious back patio. The bedrooms are tucked away down a price hallway that offers both a quite retreat and spacious bedrooms. New windows throughout and updated electric and HVAC means that all of the major home systems have been updated. Inquire today for your own private tour!",That stone fireplace at 11704 Indianhead Dr caught my eye. Solid feature at that price point.,advertiser
Jonny,jonny.wells@revelpg.com,11732 Maybach Dr,Del Valle,"$250,000","At the end of a cul-de-sac in Stoney Ridge, this single-story home offers a fresh modern look with the added freedom of no HOA. Recent updates bring crisp white finishes, dark accents and warm wide-plank flooring throughout, with no carpet anywhere. The kitchen's breakfast bar gives you a place to pull up a stool and keep the cook company, while granite counters, recently replaced SS appliances and gas cooking round out the space. The primary suite includes its own ensuite and walk-in closet, while two additional bedrooms give you options for guests, a home office or both. The spacious fenced backyard leaves the next move up to you: garden beds, an outdoor dining spot or a place for weekend projects. A mature tree adds shade, and no rear neighbors provide an extra measure of privacy. Popham Elementary is a quick walk away, with easy access to the neighborhood park, playground and basketball court. For a change of scenery, head to the trails and waterfalls at McKinney Falls State Park or the sports fields at Southeast Metropolitan Park, both nearby. Tesla's Gigafactory and ABIA are just minutes away, while central Austin's employers, restaurants and nightlife are approximately 20 minutes away, depending on traffic. That location also gives investors a reason to pay attention. Proximity to major employment hubs, ongoing airport expansion and planned retail and dining development add to the appeal of owning in this growing part of the Austin area. Whether you're looking for a place to call home or a potential rental, this one gives you a fresh interior today and a location worth watching for tomorrow. Buyer to verify all info.",That breakfast bar at 11732 Maybach Dr caught my eye. Nice setup at that price point.,advertiser
Heidi,Heiditrevithick@jbgoodwin.com,461 Leaning Rock Rdg,Austin,"$929,000","Experience Texas Hill Country living in this stunning single-story home in Parten, featuring 4 bedrooms, 4.5 baths, and an expansive open layout filled with natural light. Start your morning with coffee at the spacious kitchen island, surrounded by crisp white and warm wood cabinetry, a hexagonal tile backsplash, and lantern-style pendants. The adjoining dining area offers an inviting setting for casual breakfasts and lively dinner gatherings. Soaring vaulted ceilings elevate the living room, where a fireplace with a herringbone tile surround and wood mantel sets the scene for cozy evenings. Expansive sliding glass doors and transom windows welcome the outdoors in, connecting the space to a covered patio and fenced backyard-perfect for weekend cookouts or unwinding in the evening air. A spacious home office with vaulted ceilings and tall windows offers an inspiring place to work, read, or pursue a favorite hobby. Retreat to the spa-inspired primary bathroom for a relaxing soak in the freestanding tub. A glass-enclosed walk-in shower, sleek black fixtures, and generous vanity counter space combine style with everyday comfort. Frosted windows fill the room with soft natural light while maintaining privacy, and direct access to a walk-in closet simplifies your morning routine. Life in Parten brings opportunities to explore neighborhood hike-and-bike trails, spend sunny afternoons at the swimming pool, and connect with neighbors at the amenity center. Zoned for Dripping Springs ISD! Enjoy nearby Hill Country outings, from barbecue at The Salt Lick to leisurely afternoons at Solaro Estate, Duchman Family Winery, and Driftwood Estate Winery. Shopping, dining, entertainment, golf, and medical services round out this inviting southwest Austin lifestyle. $15,000 toward buyer's closing costs! This meticulously maintained home has been only briefly lived in and includes remaining coverage under transferable two-year workmanship and ten-year structural warranties.",That herringbone fireplace at 461 Leaning Rock Rdg caught my eye. Cozy touch at that price point.,advertiser
Jacki,jackishortrealtor@gmail.com,5416 Ingersoll Ln,Austin,"$330,000","Austin living made easy! This single-story home in the Addison Neighborhood offers 3 bedrooms, 2 full baths, 1,617 sq. ft., and a peaceful backyard overlooking a greenbelt. The open floor plan features soaring ceilings, tile flooring throughout, a gas fireplace, and a bright kitchen with quartz countertops, gas range, pantry, and ample storage. The primary suite includes a double vanity and walk-in closet, while two additional bedrooms offer flexibility for guests, an office, or hobbies. The custom designed and placed windows throughout the home create a bright, airy, and tranquil place to call home. Enjoy morning coffee on the covered front porch or relax on the covered rear porch overlooking the fenced yard and greenbelt. An attached 2-car garage, dedicated laundry room, and sprinkler system add convenience. Addison offers resort-style amenities including two pools, fitness center, clubhouse, playground, and walking/biking trails. Conveniently located 10 minutes from Austin-Bergstrom International Airport, approximately 10 miles from downtown Austin, 7.5 miles to SoCo, and minutes from Easton Park shopping, dining, and entertainment. Priced at $330,000, this home brings practical living space, inviting features, low property taxes, and an Austin address. Schedule your private showing today and come see why this Addison home is such a special place to call home.",That greenbelt view at 5416 Ingersoll Ln caught my eye. Pretty peaceful at that price point.,advertiser
Atoosa,atoosaponsford@gmail.com,5718 Highland Hills Dr,Austin,"$1,185,000","This versatile floor plan offers multiple living and dining areas, a spacious deck overlooking a greenbelt, and a large lot. Recent updates include new European hardwood flooring, fresh interior and exterior paint, new front windows, and more-see the Upgrades & Improvements list for details. All appliances convey. Two bedrooms share a Jack-and-Jill bath with separate sinks, while another bedroom is privately located on the opposite side of the home with a full bath. No garage; two driveways provide off-street parking. Exceptional central Austin location with easy access to both north and south Mopac and less than five minutes from Hwy 360. Approximately 10 minutes to Downtown Austin and The Domain, with convenient access to 45th Street, Burnet Road, The Triangle, Northwest Hills, and major shopping, dining, and entertainment. The location provides easy connectivity to many of Austin's most popular areas while still offering a private greenbelt setting. Highly regarded schools and a low tax rate of approximately 1.8%.",That deck overlooking the greenbelt at 5718 Highland Hills Dr caught my eye. Nice setup at that price point.,advertiser
Lisa,lisa.munoz@compass.com,5306 Wellington Dr,Austin,"$365,000","What if this home cost about $400 less per month than another home at the exact same price?! With an acceptable offer, the seller is offering a 2-1 interest rate buydown that could reduce a buyer's monthly payment by approximately $400 in the first year. If you know Windsor Park, you know how special this little pocket of East Austin is. Wide streets, towering pecan and oak trees, mid-century homes, expansive yards, and a neighborhood feel that's getting harder to find this close to the center of the city. 5306 Wellington Dr is filled with natural light and has an easy, welcoming feel throughout. The updated kitchen with quartz countertops brings a fresh touch to the heart of the home. Out back, the expansive private yard backs to greenspace, creating a peaceful setting for morning coffee, gardening, gatherings, or simply having a little more breathing room. You're just minutes from Mueller's parks, trails, restaurants, shops, H-E-B, and the Texas Farmers' Market, with local favorites like Cartel Coffee and Mum Foods nearby. UT and downtown Austin are also within easy reach. A charming home, a great backyard, a seller funded opportunity to lower the initial monthly payment, and one of those established Austin neighborhoods locals love for a reason.",That private yard backing to greenspace at 5306 Wellington Dr caught my eye. Nice setup at that price point.,advertiser
Beth,bcdrewett@moreland.com,8903 Mission Creek Cv,Austin,"$1,995,000","Tucked away on a quiet cul-de-sac in the Estates of Barton Creek, 8903 Mission Creek Cove offers an inviting single-story floor plan and an easy, comfortable way of living in one of Austin's most established communities. Thoughtfully arranged, the home features generous living and entertaining spaces with a layout that feels open while still providing separation and flexibility, including an oversized secondary suite that functions almost as a complete second primary suite, with the added bonus of access to a private courtyard. The primary suite is privately positioned, creating a comfortable retreat within it's own secluded space in the home. Generously proportioned rooms, ample storage and an easy flow from one space to the next add to the home's livability, while the single-level design makes it particularly appealing for those looking for a home that can work well for many stages of life. Outside, the expansive lot is a standout feature. Mature landscaping and established trees create a sense of privacy and give the property a peaceful, tucked-away feel, with plenty of room for outdoor entertaining, gardening, a pool addition or simply enjoying the surrounding greenery. The size of the homesite also offers a degree of breathing room that can be increasingly difficult to find in its price point. With its manageable scale, single-level design and generous grounds, the property is an appealing alternative for buyers who want the privacy and setting of Barton Creek while enjoying a more streamlined, easy-to-maintain lifestyle. Located just minutes from Barton Creek Country Club, Omni Barton Creek Resort, golf, dining and the conveniences of Southwest Austin, 8903 Mission Creek Cove offers a wonderful opportunity to enjoy the Barton Creek lifestyle in a home that truly balances comfort, flexibility and ease of living.",That private courtyard at 8903 Mission Creek Cv caught my eye. Nice bonus at that price point.,advertiser
Nick,nick@centralmetro.com,6405 Llano Stage Trl,Austin,"$557,750","Stucco and stone detailing define the refined exterior of this single-story residence situated in the Sweetwater community. Constructed in 2017 and enhanced with modern updates, the property features professionally designed custom landscaping, a modern front door with keyless entry, and an attached two-car garage served by a concrete driveway. Inside the 2,234-square-foot interior, the entrance foyer transitions into an open floorplan characterized by high ceilings and wood-look tile flooring. The living room incorporates a custom accent wall framing a designer electric fireplace with a recessed niche. The adjacent kitchen is appointed with granite countertops, stainless steel appliances, under-lit shaker cabinetry, and a central island with breakfast bar seating. The residence offers a functional layout with four bedrooms and three full bathrooms, including a primary suite featuring a walk-in closet with built-in storage. The primary en-suite bath is equipped with a dual vanity, stone counters, a soaking tub, and a separate walk-in shower. A mudroom with custom built-ins is positioned at the garage entry point. The private backyard is enclosed by wood fencing and features a screened-in rear porch with concrete flooring and a ceiling fan. The outdoor spaces include a terraced backyard with low-maintenance turf, stone retaining walls, a deck, and a detached gazebo structure. Residents of this development gain access to Lake Travis ISD schools alongside community amenities such as swimming pools, a clubhouse, tennis courts, a fitness center, and outdoor recreation areas.",That screened porch at 6405 Llano Stage Trl caught my eye. Nice setup at that price point.,advertiser
Sharon,sharon@purerealty.com,2013 Jim Craig Ct,Austin,"$370,000","Classic curb appeal, inviting spaces & a peaceful wooded setting come together in this charming single-story Austin home! Set on a quiet cul-de-sac, the residence welcomes you with symmetrical gables, a classic brick exterior, covered front porch & attached 2-car garage. Inside, the 1,612 sq ft floorplan offers an open flow between the living & dining areas, and abundant natural light. The kitchen features rich wood cabinetry, stone counters, tile flooring, pantry & gas cooking, with a breakfast nook providing an easy spot for casual meals. Comfortable bedrooms offer plush carpeting, vaulted ceilings & walk-in closets, while the primary suite provides a relaxing retreat with a double vanity, soaking tub & separate glass-enclosed shower. A dedicated laundry room adds everyday convenience. Step outside to the covered concrete rear porch & private, fenced backyard, where mature trees create a serene backdrop and a sense of privacy. Thoughtfully designed for comfortable living, this home combines a functional layout, classic finishes & tranquil outdoor setting in an established Austin neighborhood.",That covered rear porch at 2013 Jim Craig Ct caught my eye. Nice setup at that price point.,advertiser
April,april@eyesoftexasproperties.com,11124 Sandstone Trl,Austin,"$675,000","The stone exterior of this two story home creates a classic curb appeal in Austin. A covered front porch with a private entrance welcomes you into the residence, which features luxury vinyl plank flooring, a gas log fireplace in the living room, and an open floorplan with high ceilings. The kitchen is equipped with granite counters, a kitchen island, and a breakfast nook. Stainless steel appliances include an electric cooktop, dishwasher, electric oven, microwave, range hood, and refrigerator. Storage is plentiful throughout the home, with walk-in closets featuring built-in features, a pantry with deep built-in shelving, backyard shed, walk-in closets and an unfinished attic. The four bedrooms and three full bathrooms are thoughtfully arranged with the primary bedroom and bathroom on the first floor. Primary bathroom offering a double vanity, soaking tub, seperate shower and vaulted ceilings. A separate laundry room includes a washer and dryer alongside a deep closet for supplies. The landscaping in front and backyards compliments a wooden deck that overlooks a private backyard enclosed by a wood fence. The backyard view of trees and woods completes this tranquil setting, which also includes a garden, shed, multiple flowerbeds and rain gutters.",That backyard shed at 11124 Sandstone Trl caught my eye. Solid bonus at that price point.,advertiser
Thomas,tom@homeactionteam.com,1313 Hazleton Cv,Austin,"$319,000","Immaculate single story in the Harris Ridge community. Nestled on a quiet, cul-de-sac street, this beautiful home boasts a well-kept exterior with professionally maintained landscaping and welcoming curb appeal. Step inside and you'll find an open floor plan with thoughtful upgrades throughout including modern lighting, ceiling fans, convenient USB outlets, contemporary black finishes/hardware, an upgraded front entry door and more. Ceramic tile flooring throughout the main & wet areas, plus newly upgraded carpet with premium Lifeproof 1/2"" padding in all bedrooms. The spacious kitchen features SS appliances including a gas range, quartz countertops accented by a tile back splash, center island, pantry for storage, and a dedicated dining area. The primary suite hosts a bathroom en-suite with dual vanities, stand alone shower, and walk-in closet. Relax or entertain in the outdoor living space with covered patio and level backyard. Residents of Harris Ridge enjoy the community pool, nearby park, and convenient access to Walnut Creek Trail. Excellent North Austin location with easy access to I-35 and major employment centers, The Domain, EastVillage, Downtown Austin and so much more.",,advertiser
KEVIN,kevin@twelveriversrealty.com,1404 Wheatfall Ln,Austin,"$385,000","Single-story South Austin living with space to gather and room to retreat. This three-bedroom, two-bath home features an open layout connecting the spacious living area to a kitchen with breakfast-bar seating, keeping conversation flowing from everyday meals to weekend gatherings. Bedrooms are positioned apart from one another for added privacy, while a separate study offers flexibility for a home office, creative space or second living area. A sunroom provides another inviting spot to unwind, and the backyard deck extends the living experience outdoors with room for dining, relaxing and entertaining. Set in Austin's 78748 ZIP code, 1404 Wheatfall Lane brings together a practical floor plan, versatile spaces and comfortable indoor-outdoor living.",That sunroom at 1404 Wheatfall Ln caught my eye. Nice extra space at that price point.,advertiser
Melissa,melissa.selvera@exprealty.com,6107 Felix Ave,Austin,"$370,000","LOCATION, LOCATION, LOCATION-this is the kind of Austin address that puts the city at your fingertips while keeping nature just outside your door. Approximately 6 minutes from Downtown Austin and approximately 6 minutes from Austin-Bergstrom International Airport, 6107 Felix Avenue pairs an exceptional location with classic Austin character and remarkable versatility. The charming main residence offers 2 bedrooms and 1 bath, complemented by a detached 1-bedroom, 1-bath casita-ideal for guests, a private office, creative studio or potential ADU use. Inside, original wood floors, crown molding, natural wood trim, and vaulted ceilings give the home warmth and personality that simply can't be replicated in new construction. Outside, mature shade trees-including beautiful pecans-create a canopy over the property, while covered front and back porches invite slow mornings, evening conversations and effortless outdoor living. The fully fenced yard, attached carport and additional driveway parking add everyday convenience. And then there's the location. Just THREE HOUSES from Yates Pocket Park and the Roy G. Guerrero Colorado River Metro Park trailhead, this home puts trails, green space and outdoor recreation practically at your doorstep. Lady Bird Lake, Secret Beach and Roy G. Guerrero Park are all nearby, offering an incredible connection to the outdoor lifestyle Austin is known for. Quick access to Hwy 183 makes getting around Austin easy, whether you're headed Downtown, catching a flight or exploring the city's dining, entertainment and cultural destinations. Primary residence. Guest quarters. Multigenerational living. Investment potential. Potential ADU use. Or an opportunity to reimagine the property entirely-the possibilities are compelling. Downtown. Airport. Colorado River. Parks. Trails. Detached casita. Some locations simply can't be recreated. This is one of them.",That detached casita at 6107 Felix Ave caught my eye. Pretty handy at that price point.,advertiser
Eric,eric@floydre.com,6313 Kenilworth Dr,Austin,"$299,000","Charming mid-century cottage in the heart of Windsor Park! This 3-bedroom, 1-bath home offers classic East Austin character on a quiet, tree-lined street in one of the city's most sought-after established neighborhoods. The practical floor plan makes great use of its space, and the home is ready for its next owner to move in, update, or make it their own. Enjoy easy access to Mueller's shops, restaurants, and parks, plus Bartholomew Park, with quick routes to downtown, US-290, and I-35. Homes in Windsor Park rarely stay on the market long-schedule your showing today!",,advertiser
Ariel,ariel@pineandpaulrealestate.com,12572 Wethersby Way,Austin,"$424,924","Thoughtfully upgraded with quality materials and carefully maintained, this home features beautiful natural quartzite countertops in the kitchen and primary bath, complemented by eucalyptus hardwood flooring throughout the downstairs and Cali luxury vinyl flooring in Castaway Oak in the kitchen and bathrooms. The kitchen also features a powerful range hood with up to 500 CFM ventilation. Major improvements include a roof replaced in 2023, an HVAC system approximately five years old, a tankless water heater, and a whole-home water filtration and conditioning system. Outside, the attention to detail continues with an outdoor kitchen area thoughtfully designed to help direct water away from the home and a well-prepared backyard with soil extensively improved using granite-based compost and maintained with deep seasonal watering.",That outdoor kitchen at 12572 Wethersby Way caught my eye. Pretty handy setup at that price point.,advertiser
Dyron,dyron_taylor_account@mail.brivity.com,13736 Harrisglenn Dr,Austin,"$380,000","Space, style, and versatility come together in this beautifully maintained, stylish upgraded, 4-bedroom, 2-bath home offering 1,685 square feet of thoughtfully designed living space. The open-concept floor plan seamlessly connects the kitchen, dining, and living areas, creating a bright and welcoming setting with upgraded lighting for everyday living and entertaining. In this unique one of a kind living room, you will find custom wall accents that add character throughout this modern home! At the heart of the home, the kitchen features a spacious center island, granite countertops, stainless steel appliances, a gas range, and ample cabinetry for storage. The primary suite offers a comfortable retreat with a walk-in closet and private bath featuring dual vanities and a separate shower. A versatile flex space provides even more room to fit your lifestyle-perfect for a home office, reading nook, play area, or additional sitting area. Outside, a stone-accented exterior and covered front entry enhance the home's inviting curb appeal. This remarkable home is conveniently situated in North Austin with easy access to IH-35, Parmer Lane, Toll 130, shopping, dining, and everyday conveniences. A home that is truly a move-in-ready home gives you a combination of comfort, functionality, and flexibility. Love the look of this home....ALL OF THE FURNITURE AND DECOR IS NEGOTIABLE!!",That custom wall accent in the living room at 13736 Harrisglenn Dr caught my eye. Pretty cool touch at that price point.,advertiser
Renee,renee.moreno@compass.com,2423 Lavendale Ct,Austin,"$525,000","Welcome home to a beautifully updated and lovingly maintained home in one of South Austin's most sought-after communities! Thoughtfully refreshed throughout, this home offers the perfect blend of style, functionality, and space for everyday living and entertaining. The updated kitchen is a true standout, featuring gorgeous quartz countertops, custom cabinetry, and a fresh, timeless feel. Both full bathrooms have also been beautifully updated, along with a convenient half bath downstairs, while recent interior and exterior paint gives the entire home a crisp, move-in-ready finish. Upstairs, you'll find four spacious bedrooms, two full bathrooms, and a versatile loft/flex space that can easily adapt to your lifestyle-home office, playroom, media space, or additional living area. The main level offers two distinct living spaces, a formal dining room, and a convenient half bath, providing plenty of room to gather with family and friends. Step outside and you'll immediately appreciate the beautiful landscaping in both the front and back yards, creating inviting outdoor spaces to enjoy year-round. This is a home that has been genuinely well loved and cared for, with thoughtful updates that make it feel fresh while preserving the warmth and character that make a house feel like home. Beautifully maintained, tastefully updated, and truly move-in ready-this one is ready for its next chapter.",That loft space at 2423 Lavendale Ct caught my eye. Nice bonus at that price point.,advertiser
Kathleen,kat@bramlettpartners.com,9624 Alex Ln,Austin,"$425,000","Hard-to-Find Single-Story Living in the Reserves at Southpark Meadows! Tucked into this desirable South Austin community, this inviting home offers the ease of single-story living, a wonderfully private backyard, and an ideal location that puts shopping, dining and everyday conveniences just a short walk or drive away. Inside, a light-filled open floor plan creates an immediate sense of warmth, with hardwood and tile flooring, a neutral color palette and a beautiful limestone fireplace anchoring the spacious living room. Designed for both everyday life and easy entertaining, the generous kitchen features natural granite countertops, warm wood cabinetry, stainless steel appliances, abundant counter space, a large walk-in pantry, built-in wine refrigerator and wine rack-all opening seamlessly to the main living areas. The spacious primary suite offers a comfortable retreat with a private en suite bath featuring dual vanities and an oversized walk-in shower. Step outside and the lifestyle continues with a covered porch overlooking a fully fenced backyard shaded by mature trees, creating a private setting for morning coffee, weekend gatherings or evenings around the fire pit. Window blinds, recessed lighting and ceiling fans add comfort and convenience throughout. And when you're ready to venture out, Southpark Meadows is just a short walk away, with H-E-B, South Congress and an array of shopping, dining and entertainment nearby. Easy access to major roadways also keeps Downtown Austin and the airport within convenient reach. A rare opportunity to enjoy space, privacy and single-story living without giving up the energy and convenience of South Austin.",That wine refrigerator at 9624 Alex Ln caught my eye. Nice bonus at that price point.,advertiser
Linda,linda.cordovavillanu@cbunited.com,12312 Granton Cv,Austin,"$319,000","Beautifully Updated 4-Bedroom Home Backing to Greenbelt l First Floor Primary Suite l No Rear Neighbors. Welcome home to this beautiful gem nestled in the desirable Edinburgh Gardens community! From the moment you arrive, you'll appreciate the charming covered front porch, and the privacy of a quiet cul-de-sac. This exceptional home backs to a peaceful greenbelt, offering serene views with no rear neighbors. Step inside to discover a fresh, modern interior featuring new designer paint throughout, stylish ceiling fans, and beautifully refinished waxed concrete floors that add warmth and character. The spacious primary suite is conveniently located on the first floor and offers a large walk-in closet along with a private ensuite bath featuring dual vanities. Whether you're relaxing indoors or enjoying the tranquil backyard setting, this move-in-ready home perfectly combines comfort, style, and privacy. Don't miss your opportunity to own this beautifully updated retreat!",That greenbelt behind 12312 Granton Cv caught my eye. Nice privacy at that price point.,advertiser
Chris,chris@allhandsrealestate.com,6604 Liveoak Dr,Austin,"$1,625,000","Some homes come with a lake view. This one comes with a key to the water! Offered in Austin's coveted Eanes ISD, this home comes with a membership in AVAI with the main perk being a private neighborhood recreational facility on Lake Austin just down the hill from the house. It features separate multi-level deck areas, an outdoor BBQ area, a protected swim area and 3 boat slips for temporary overnight mooring. Bundled membership is subject to AVAI Board approval process and Bylaws. For a buyer who wants access to Lake Austin without the carrying costs of a lakefront estate, this is one of the lowest-cost points of entry! The home itself sits on a flat corner lot with 150 linear feet of frontage on Liveoak, the main street into Aqua Verde, and 90 linear feet on Charles. The front yard is a live oak canopy with more than 20 mature trees, including 10 live oaks over 50 feet tall, plus mature elms and juniper, all supported by an irrigation system and extensive indigenous landscaping.",That private Lake Austin swim area at 6604 Liveoak Dr caught my eye. Pretty rare perk at that price point.,agent
Tracey,traceyguttes@gmail.com,15200 Lariat Trl,Austin,"$665,000","Once the builder's model home, and it shows. Step through a private gated entry into a courtyard centered on a two-tier fountain, then into a soaring two-story rounded foyer that sets the tone for the whole house. Inside, high ceilings and an open floor plan are accented by solid wood arched interior doors. Plantation shutters and granite countertops add to the quality throughout. The primary suite sits at the back of the home for real privacy, entered through double doors. The walk-in closet is enormous, with built-in drawers and shelves. The primary bath is a retreat of its own, with a sauna/shower, garden tub and heated towel bar rack. Because of the split, in-law style layout, the two guest bedrooms are set apart from the primary. Double atrium doors span the back of the living room and open onto a large covered patio overlooking the private backyard, ready for morning coffee or evening entertaining.",That two tier fountain at 15200 Lariat Trl caught my eye. Pretty cool entry feature.,advertiser
Aaron,YourAgent@ListingSpark.com,5628 Wagon Train Rd,Austin,"$395,000","Great value! 1,257 SQ FT! 3 bedroom, 2 bath home in Austin's Village at Western Oaks Sec III neighborhood. Desirable single-story floor plan with spacious living areasperfect for entertaining! Charming kitchen includes appliances: Dishwasher, Microwave, Oven, and Refrigerator. Brand new roof! Quality laminate and tile flooring throughout the house. Primary suite features a walk-in closet, and this home offers 3 nicely sized bedrooms. Enjoy a backyard complete with a fenced yard, grassy area, and patiogreat for relaxing or hosting! 2 car garage. Located in the desirable Village at Western Oaks Sec III community. Great Austin location with nearby schools, parks, dining, and entertainment. Community amenities include playgrounds and biking and walking trails.",That new roof at 5628 Wagon Train Rd caught my eye. Solid bonus at that price point.,advertiser
Christina,christina@srgaustin.com,11202 Balcones Woods Cv,Austin,"$670,000","Set at the end of a quiet cul-de-sac in Balcones Woods, this renovated two-story home sits on a 0.388-acre lot shaded by mature trees, one of the larger lots in the neighborhood. New luxury vinyl plank flooring, fresh interior paint, and updated lighting and hardware carry through four bedrooms, two full baths, two living areas, and two dining areas. The main living room is anchored by a vaulted ceiling and a floor-to-ceiling brick fireplace, with French doors opening to the back patio and a wall of windows framing the trees. The kitchen was redesigned with new shaker-style cabinetry, quartz countertops, subway tile backsplash, brass hardware, and new stainless appliances including a gas range, and it flows into a bright breakfast area with direct access to the yard. A separate formal dining room and a second living area give you room to host, work from home, or spread out. The primary suite is on the main level, with a spacious bedroom, walk-in closet, and a remodeled bath featuring a double vanity with stone countertops, a glass-enclosed tiled walk-in shower, and matte black fixtures. The secondary bedrooms have new carpet and share an updated bath. Outside, fresh exterior paint, a new front door, and a covered front porch welcome you home. The backyard is fully fenced with a patio, automatic sprinkler system, and plenty of open space to play, garden, or entertain under the canopy. An attached two-car garage completes the home. Balcones Woods offers access to the Balcones Woods Club, with quick connections to The Arboretum, The Domain, and the major employers along the 183 and MoPac corridors. Zoned to Davis Elementary, Murchison Middle, and Anderson High.",That brick fireplace at 11202 Balcones Woods Cv caught my eye. Nice touch at that price point.,advertiser
Matthew,matthewames@hindsiteaustin.com,6306 Maury Holw,Austin,"$575,000","Charming 4-bedroom, 2-bath home on a quiet cul-de-sac in the established Lakewood neighborhood, backing directly to Lakewood Park. Vaulted ceilings and an open floorplan connect the living and dining areas around a brick, wood-burning fireplace. The kitchen features a center island, breakfast bar, stone counters, gas range, and stainless appliances. The primary bedroom is conveniently located on the main level with a double-vanity bath, while three additional bedrooms and a full bath are upstairs. Plantation shutters, recessed lighting, and built-in features add character throughout. Step outside to a private, fully fenced backyard shaded by mature oaks, complete with a multi-level deck and covered front porch. Built in 1983 on a 0.1155-acre lot with an attached 2-car garage. Zoned to Hill Elementary, Murchison Middle, and Anderson High School, with easy access to RM 2222 and Loop 360.",That wood burning fireplace at 6306 Maury Holw caught my eye. Nice touch at that price point.,advertiser
Ryan,newmarkmls@gmail.com,8609 Dongan Dr,Austin,"$549,990","Nov/Dec Completion! Welcome to the Newmark Homes Essential floorplan, located in the beautiful Easton Park community! This thoughtfully designed home features 3 bedrooms, 2.5 bathrooms, a private study, and a 2-car garage. The open-concept layout offers a spacious family room that flows seamlessly into the kitchen and generous dining and breakfast areas, creating the perfect space for everyday living and entertaining. The kitchen showcases quartz countertops and beautiful designer finishes, while luxury vinyl plank flooring adds style throughout the main living areas. Retreat to the spacious primary suite, featuring a relaxing drop-in tub and beautifully appointed primary bath. Complete with a covered patio for enjoying the outdoors, this home combines comfort, functionality, and elevated design. Come see everything the Essential floorplan at Easton Park has to offer! Call Sarah Sarah for more information.",That covered patio at 8609 Dongan Dr caught my eye. Nice setup at that price point.,advertiser
Deedee,jurg.spoerry@evusa.com,15629 Sambuca Cir,Austin,"$650,000","No HOA! Pride in ownership. Rare 5 bed, 3.5 bath with dedicated office in Wells Branch; located in quarter-culdesac on quiet street. Recently remodeled with quartz countertops, paved porch and driveway, paint, large 24x24"" tile, and remodeled bathrooms. A bedroom with full bath is located downstairs for your guests or in-laws. Huge lot ready for your pool. Many recent upgrades and replacements include: Windows-2022, Shed-2022, Roof(with metal accent)-2024, Two ACs-2023 and 2025, Sprinklers-2022, Upstairs air ducts-2022, HVAC Air return plenum-2022, Gutters(whole house)-2025, Spray foam 3 upstairs exterior walls-2025, Attic Breeze fan-2024, Remodel work-2022-2026. All the hard work is done!",That shed at 15629 Sambuca Cir caught my eye. Solid bonus at that price point.,advertiser
Ryan,newmarkmls@gmail.com,8619 Dongan Dr,Austin,"$569,990","Nov/Dec Completion! Newmark Homes Classic Floorplan Now Available in Easton Park! This stunning two-story home offers the perfect combination of space, style, and functionality with 5 bedrooms, 4 full bathrooms, a game room, and a 2-car garage. Beautiful designer finishes and luxury vinyl plank flooring throughout the main living areas create a sophisticated yet welcoming atmosphere. The spacious open-concept floorplan is designed for both everyday living and entertaining. The family room features an abundance of windows that fill the space with natural light and flows seamlessly into the kitchen and dining areas. The beautifully appointed kitchen features quartz countertops and stainless steel appliances, making it the perfect centerpiece for gatherings with family and friends. With five bedrooms and four full baths, there's plenty of flexibility for family, guests, or a home office. Step outside to the extended covered patio, offering additional space to relax, dine, and entertain outdoors. Located in the highly sought-after Easton Park community, this beautiful Newmark Homes Classic floorplan delivers the space, designer upgrades, and thoughtful layout you've been looking for. Don't miss your opportunity to make this exceptional home yours! Call Sarah for more information or to schedule an appointment.",That extended covered patio at 8619 Dongan Dr caught my eye. Nice setup at that price point.,advertiser
Ryan,newmarkmls@gmail.com,8607 Dongan Dr,Austin,"$574,990","Nov/Dec Completion! Newmark Homes' popular Charm floorplan is now available in the highly sought-after Easton Park community! This beautifully designed one-story home features 3 bedrooms, 2.5 bathrooms, a private study, spacious game room, and a 2-car garage. The heart of the home is the stunning open-concept kitchen, showcasing soaring vaulted ceilings, a large center island, and beautiful designer upgrades-creating the perfect space for hosting, entertaining, or everyday living. Luxury vinyl plank flooring flows throughout the main living areas, adding both style and durability. Step outside to the covered patio, perfect for relaxing or entertaining outdoors. With its thoughtful layout, versatile living spaces, and elevated finishes throughout, the Charm floorplan offers an exceptional combination of style, comfort, and functionality. Come see why the Charm is one of Newmark Homes' most popular floorplans in Easton Park! Call Sarah for more information or to schedule an appointment.",Those vaulted ceilings at 8607 Dongan Dr caught my eye. Nice touch at that price point.,advertiser
Ryan,newmarkmls@gmail.com,8611 Dongan Dr,Austin,"$559,990","Nov/Dec Completion! Welcome to the beautiful Newmark Homes Grace floorplan, located in the highly sought-after Easton Park community! This thoughtfully designed two-story home features 4 bedrooms, 3.5 bathrooms, a private study, and a 2-car garage. A stunning staircase welcomes you upon entry and sets the tone for the beautiful designer finishes found throughout the home. The private study provides the perfect space for working from home, a quiet retreat, or a flexible space to fit your needs. The spacious family room is filled with abundant natural light from a wall of beautiful windows and flows seamlessly into the large dining area and open-concept kitchen. The kitchen features stainless steel appliances, quartz countertops, and stylish designer upgrades, while luxury vinyl plank flooring adds a beautiful finishing touch throughout the main living areas. Step outside to the large covered patio, perfect for relaxing or entertaining. With spacious living areas, versatile spaces, gorgeous finishes, and a functional layout, the Grace floorplan offers the perfect combination of style and comfort in Easton Park! Call Sarah for more information or to schedule an appointment.",That covered patio at 8611 Dongan Dr caught my eye. Nice setup at that price point.,advertiser
Ryan,newmarkmls@gmail.com,8615 Dongan Dr,Austin,"$588,990","Nov/Dec Completion! Newmark Homes Classic Floorplan - Spacious, Stylish & Designed for Entertaining! This beautifully designed home offers 5 bedrooms, 4 full bathrooms, and an impressive open-concept layout with plenty of room for everyone. Stunning designer finishes and thoughtfully planned living spaces make this home perfect for both everyday living and entertaining. At the heart of the home, the spacious kitchen features quartz countertops and stainless steel appliances and opens seamlessly to the large family room and dining area, creating a bright and inviting gathering space. Upstairs, a generous game room provides additional space for movie nights, entertaining, or relaxing. The private primary suite offers a relaxing retreat with a drop-in soaking tub and large walk-in closet. Outside, the covered patio provides the perfect setting for morning coffee, outdoor dining, or entertaining family and friends. With 5 bedrooms, 4 baths, multiple living spaces, and beautiful finishes throughout, the Newmark Homes Classic floorplan offers the space, comfort, and style today's buyers are looking for. Don't miss your opportunity to call this exceptional home yours! Call Sarah to schedule a private tour today!",That game room at 8615 Dongan Dr caught my eye. Nice bonus at that price point.,advertiser
Ryan,newmarkmls@gmail.com,8609 Dongan Dr,Austin,"$549,990","Nov/Dec Completion! Welcome to the Newmark Homes Essential floorplan, located in the beautiful Easton Park community! This thoughtfully designed home features 3 bedrooms, 2.5 bathrooms, a private study, and a 2-car garage. The open-concept layout offers a spacious family room that flows seamlessly into the kitchen and generous dining and breakfast areas, creating the perfect space for everyday living and entertaining. The kitchen showcases quartz countertops and beautiful designer finishes, while luxury vinyl plank flooring adds style throughout the main living areas. Retreat to the spacious primary suite, featuring a relaxing drop-in tub and beautifully appointed primary bath. Complete with a covered patio for enjoying the outdoors, this home combines comfort, functionality, and elevated design. Come see everything the Essential floorplan at Easton Park has to offer! Call Sarah Sarah for more information.",That drop in tub at 8609 Dongan Dr caught my eye. Pretty nice touch at that price point.,advertiser
Kennedi,kennedi@localliferealty.net,14705 Debba Dr,Austin,"$379,999","Welcome to 14705 Debba Drive, a rare double-lot property in the heart of Apache Shores. Set beneath a canopy of mature oak trees, this 3-bedroom home spans two combined parcels, offering exceptional flexibility for expansion, investment, or income-generating potential. The single-story layout features a welcoming front porch, a bright living area with vaulted ceilings, and warm wood flooring throughout the main spaces. The kitchen is anchored by a large picture window overlooking the backyard and flows seamlessly into the dining area. Each bedroom offers comfortable proportions with closet storage, while the full bath provides a functional layout ready to refresh or reimagine. Outdoors, the level lot creates ample opportunity for gardening, entertaining, or future projects, complete with a shaded patio and additional storage structures. Zoned to highly rated Lake Travis ISD and located within a low tax rate area, this property carries lasting value in one of Austin's most desirable lake communities. Residents of Apache Shores enjoy private access to Lake Austin, one of the city's most iconic recreational escapes, along with close proximity to Lakeway's shopping, dining, and entertainment.",That double lot at 14705 Debba Dr caught my eye. Solid potential at that price point.,advertiser
Amy,amydeane@moreland.com,5304 Maryanna Dr,Austin,"$4,950,000","View and more views!!! Nestlen in the gated Green Park neighborhood in Westlake, 5304 Maryanna Drive is set among just seven residences, each thoughtfully positioned on expansive acreage. Surrounded by mature oak trees, manicured grounds, and a sense of quiet seclusion, the setting feels removed while remaining moments from the best of Westlake, with sweeping Hill Country views and beautiful views of Lake Austin. A private nature trail and shared green space further enhance the experience, offering a connection to the landscape just beyond the front door. Built by Don Skirrow Custom Homes, this four bedroom, five and a half bathroom residence reflects a timeless architectural style grounded in quality and craftsmanship. Expansive Kolbe windows and doors bring in natural light while framing Lake Austin views alongside the pool and Hill Country, creating a seamless connection between the interior and its surroundings. The main level is designed with both livability and entertaining in mind. The kitchen opens naturally to the family room and breakfast area, extending to the pool terrace and creating an effortless flow throughout the home. Formal living and dining spaces, along with a dedicated study, offer both scale and flexibility. The primary suite is privately positioned on the main level, complete with generous proportions and a sense of separation. Upstairs, three ensuite bedrooms are complemented by a spacious game room and a hidden media room, along with additional storage and a private porch oriented to capture soft morning light and shaded afternoons with views toward Lake Austin. Outdoor living centers around the pool and terrace, where the surrounding greenery and elevated setting create a peaceful backdrop for both entertaining and quiet moments. Located within Eanes ISD and just minutes from Westlake Drive, Loop 360, and downtown Austin, the home offers a rare balance of privacy, scale, and accessibility within one of Westlake's most established enclaves.",That hidden media room at 5304 Maryanna Dr caught my eye. Pretty cool feature at that price point.,advertiser
Erik,erikvegahouse4u@gmail.com,1113 Ebert Ave,Austin,"$325,000","This approximately 1,600 sq ft home offers a rare opportunity in one of East Austins highly sought after areas. With significantly more living space than many of the originally built omes in the area, this property provides a unique opportunity to create something special! The home is perfect for a remodel, making it an excellent option for a buyer looking to renovate and customize a property to thier own vision . Whether you are an investor, builder or a buyer looking to create your own vision, the combination of location, size and potential makes this property worth a closer look! Located in a prime area of Austin close to newly built resteraunts, entertainment, shopping and other ammenities!",,advertiser
Lauren,LaurenLoveless@kw.com,312 Horseback Holw,Austin,"$1,050,000","Welcome home to 312 Horseback Hollow, an exceptional 1.5 story residence situated in the exclusive, gated enclave of Savannah Point within Steiner Ranch. Positioned for maximum privacy and security, this home offers a quiet residential setting without sacrificing convenience. Pride of ownership shines throughout the light-filled layout, beginning with a dedicated home office and formal dining room off the foyer. At the heart of the home, the chef's kitchen features rich cabinetry, generous counter space, and a seamless connection to the main family room. The main level primary suite is discreetly tucked away at the rear of the home for optimal isolation and quiet, while the secondary bedrooms sit near the front of the plan. Upstairs, a versatile flex layout includes a spacious game room and a private media room complete with its own full bath, easily serving as a fourth bedroom suite. The private backyard retreat is fully equipped for seamless indoor outdoor living, anchored by a covered porch, extended pergola, and a cozy wood burning fireplace. Outdoor chefs will love the built-in kitchen featuring a custom pizza oven, set against plenty of patio space for dining and gathering. Zoned to exemplary Leander ISD schools, residents enjoy secure gated living alongside amazing community amenities including multiple pools, parks, tennis courts, miles of hike and bike trails, and private access to Lake Austin via the Steiner Ranch Lake Club.",That backyard pizza oven at 312 Horseback Holw caught my eye. Pretty cool setup at that price point.,advertiser
Chris,chris@mammothrealty.net,5809 Alomar Cv,Del Valle,"$375,000","Welcome to this two-story single-family home featuring a two-car garage, open-concept layout, and convenient access to some of Southeast Austin's biggest destinations. The main level offers a spacious living and dining area that flows into the kitchen, complete with stainless steel appliances, a breakfast bar, and a walk-in pantry. The primary bedroom is located on the first floor and includes an en suite bath with a single-sink vanity and shower/tub combination, while a half bath adds convenience for guests. Upstairs, the secondary bedrooms feature carpet flooring and share a full bathroom with a single-sink vanity and shower/tub combination. The laundry room includes washer and dryer hookups along with shelving for additional storage. Outside, the fully fenced backyard offers a patio slab with room for outdoor seating, grilling, or relaxing. The location adds even more appeal, with quick access to Circuit of The Americas (COTA), including COTA Karting, motorsports events, mini golf, zipline attractions, and other entertainment options. The property is also conveniently located near Austin-Bergstrom International Airport and SH-130, providing easy access to Austin and surrounding areas. Whether you're looking for functional living space, a first-floor primary suite, or proximity to major transportation and entertainment destinations, this home offers a strong combination of comfort and convenience.",That breakfast bar at 5809 Alomar Cv caught my eye. Nice setup at that price point.,advertiser
Deborah,TXRealEstateToday@gmail.com,8409 Avocet Dr,Austin,"$524,900","The big-ticket items are DONE: a brand-new roof (September 2026) and Window World windows (2022), both with warranties that transfer to you, plus an in-ground pool waiting out back. No HOA. This Cherry Creek two-story lives easy, with the primary suite on the main floor: gleaming hardwoods, French doors straight out to the patio, an en-suite bath and a walk-in closet. The kitchen brings granite, a stone mosaic backsplash and a gas range and flows into the breakfast area, while the living room gathers around a brick gas-log fireplace. Flip a switch, no wood to haul. Upstairs are three more bedrooms, a full bath and a hardwood game room ready for movie nights, a home office or a gym. Then there's the backyard: a long covered patio with ceiling fans overlooking the pool, and a deck partly rebuilt in May 2026, made for Texas summers. Longview Park and the Stephenson Nature Preserve trails are just down the road, Ellen Higgins Pocket Park is a five-minute stroll, and Brodie, William Cannon and Manchaca put shopping and groceries minutes away. Roof warranties: Owens Corning transfers for $100; Shamrock Roofing transfers automatically.",That in ground pool at 8409 Avocet Dr caught my eye. Nice bonus at that price point.,advertiser
Timberly,timberlya98@icloud.com,8303 Briarwood Ln,Austin,"$649,000","Thoughtfully updated and move-in ready, this 4-bedroom, 2-bath home offers a flexible layout with modern finishes throughout. Fresh interior and exterior paint, new windows, updated lighting, recessed lighting, and wood-look laminate flooring give the home a clean, refreshed feel from the moment you walk in. Just off the entry, a versatile flex space works beautifully as a home office, playroom, or additional sitting area. The kitchen features new appliances, with the exception of the refrigerator, soft-close cabinetry and drawers, a breakfast bar, and an eat-in dining area that opens directly to the living room-creating an easy setup for everyday living and entertaining. A gas fireplace anchors the living space and adds warmth and character. Both bathrooms have been completely renovated with updated finishes and soft-close cabinetry and drawers, while each bedroom features a modern low-profile ceiling fan. A new sliding glass door provides access to the back patio and extends the living space outdoors. Conveniently located with quick access to MoPac and US-183, with The Domain, Arboretum, shopping, dining, and other North Austin destinations within easy reach. A refreshed home with flexible spaces, thoughtful updates, and a location that keeps you connected to it all.",That gas fireplace at 8303 Briarwood Ln caught my eye. Nice touch at that price point.,advertiser
Kimberly,kimfryaustin@gmail.com,2708 Carnarvon Ln,Austin,"$715,000","One Story Home: 3 Beds, 2 Baths + Dedicated Office or 2nd Living Room + 1 Car Garage. A private backyard oasis, and a coveted 78704 location- Enjoy the best of South Austin living in this charming single-family home, thoughtfully updated while still preserving some of its original character. The bathrooms feature classic blue and green tile for a retro touch, while the bright, modern living spaces make everyday living and entertaining easy. The modern kitchen flows seamlessly into the dining and living areas, creating a welcoming space for gatherings. A versatile bonus room at the front of the home can be used as a home office, second living room, or whatever fits your lifestyle. The spacious primary bedroom also features a walk-in closet. Step outside and you'll find your own private retreat-with plenty of room for outdoor dining, gardening, or relaxing under the shaded gazebo. Just minutes from the new H-E-B on South Congress and the restaurants, coffee shops, boutiques, and entertainment along South Congress. Spend your Saturday strolling the neighborhood, grabbing brunch, shopping local, and enjoying everything that makes this one of Austin's most desirable areas. Charming, updated, walkable to so much. Welcome home to 78704 - Sherwood Oaks neighborhood!",That shaded gazebo at 2708 Carnarvon Ln caught my eye. Nice setup for a backyard retreat.,advertiser
Sandra,sandra@trueaustinliving.com,7516 Cats Eye Ln,Austin,"$275,000","Move-in ready and well cared for! You can tell this home has been looked after. The HVAC and roof have been updated, and the seller has available warranties, which gives buyers added peace of mind. Fresh painted walls and new carpet to make the home feel clean, bright, and ready to move into. The living room has arched walls and opens to the kitchen and dining area, a layout that works well for everyday living and entertaining. The kitchen offers granite countertops and a breakfast bar. The bay window seating in the dining area gives the home a charm you don't find in many of today's builds. French doors lead out to a covered patio and a level, fenced backyard with mature trees for shade and plenty of space to create your own outdoor living area. The location makes this home easy to live in. You're a short drive to Southpark Meadows for shopping and dining. Downtown Austin is approximately 11 miles away, with quick access to I-35, Hwy 183, SH-130, and Austin-Bergstrom International Airport.",That bay window seat at 7516 Cats Eye Ln caught my eye. Nice touch at that price point.,advertiser
Barb,barb.cooper@redfin.com,9725 Meadowheath Dr,Austin,"$419,000","Remodeled, stylish & designed for easy lock-and-leave living in Anderson Mill Village! Beautiful landscaping with native plants welcomes you into a bright, open 1-story layout featuring wood flooring & recessed lighting. The spacious living room centers around a cozy fireplace with built-ins & flows effortlessly into the dining area, where oversized glass doors open to a charming private backyard with a patio, lush landscaping, and professionally installed Microban artificial turf (2025)-a standout feature for dog owners! With no back neighbors, the home backs to a peaceful greenbelt, creating a quiet, private setting. The stunning kitchen shines with quartz-style counters, a breakfast bar, a gas range, Stainless Steel appliances, rich cabinetry, and eye-catching gold hardware and faucet. Retreat to the spacious primary suite featuring two closets & a remodeled en-suite bath with walk-in shower. Two additional well-sized bedrooms share another updated full bath. A welcoming foyer, pantry, attached 2-car garage & thoughtful updates complete the home. Around the corner, the neighborhood park offers tennis courts, a sports court, dog park & walking trail, while Town & Country playing fields and Lake Creek trails are also nearby, all with no HOA! Conveniently located near US-183, Lakeline Mall, Apple, shopping, dining & major North Austin employers, with downtown Austin 20 minutes or less away.",That private backyard with a greenbelt at 9725 Meadowheath Dr caught my eye. Pretty peaceful setup at that price point.,advertiser
Richard,rj@flexgroup.realestate,10628 Wills Loop Unit 15,Austin,"$465,000","Picture your morning coffee with a view of the pond right behind your backyard. That's everyday life at 10628 Wills Loop, a 3 bedroom, 2.5 bath home tucked inside a gated community in Austin's sought-after Avery Ranch area, ZIP 78717. Built in 2016 with about 1,558 square feet, it sits on a large, beautifully landscaped lot, so you get room to breathe and a backyard you'll actually want to spend time in. Inside, you'll find wood-look tile through the main living areas, upgraded carpet in the bedrooms, and a spacious kitchen with granite countertops and a center bar-top island that's perfect for weeknight dinners or having friends over. The gate adds a little extra privacy and peace of mind, and you're still just minutes from shopping, dining, parks, and US-183 in Northwest Austin. If you've been searching for a move-in-ready home with a pond view in a gated neighborhood, this one is worth a look. Let's set up your private showing.",That pond behind 10628 Wills Loop Unit 15 caught my eye. Nice setup at that price point.,agent
Matt,matt@mattaboutrealestate.com,1302 Bentwood Rd,Austin,"$425,000","Unlock the potential of this East Austin investment opportunity! Located in the classic Delwood/Wilshire Wood area of 78722, this vacant three bedroom, one bath home offers investors an opportunity to renovate, expand, hold as a rental, or explore future redevelopment potential. All of this in a location where proximity to Mueller, UT, Downtown Austin, and the Manor Road corridor continues to drive demand. The existing single-story layout provides a solid starting point, with a spacious living room featuring a wood-burning fireplace and multi-pane windows, an eat-in kitchen with gas range hookups, three bedrooms and a full bath. The generous backyard, shaded by mature trees, adds valuable flexibility for an investor looking to rework the existing footprint, create additional outdoor living space, or evaluate expansion options. Sold as-is and vacant, the property offers a clean opportunity without the complications of an existing tenant or lease. Immediate possession and a straightforward closing make it easier to begin the next phase quickly, whether that means updating the current home, repositioning it as a rental, or evaluating a larger renovation or rebuild. Location is a major part of the investment story. The property sits minutes from Mueller, the University of Texas, Downtown Austin, and East Austin's popular dining and entertainment scene, while nearby parks, the Mueller farmers market, and Manor Road provide everyday walkability. For investors seeking a value-add opportunity in an established East Austin neighborhood, this is a chance to acquire a vacant property with multiple paths forward. The location is established and the next chapter is yours to create.",That wood burning fireplace at 1302 Bentwood Rd caught my eye. Nice touch at that price point.,advertiser
Ryan,newmarkmls@gmail.com,8605 Dongan Dr,Austin,"$529,990","Nov/Dec Completion! Welcome to the stunning Newmark Homes Allure floorplan! This thoughtfully designed one-story home features 3 bedrooms, 2.5 bathrooms, a 2-car garage, a private study, and a spacious game room. The beautiful open-concept layout creates a seamless flow between the kitchen, dining, and family areas, making it perfect for everyday living and entertaining. The kitchen showcases stainless steel appliances, quartz countertops, and beautiful designer finishes throughout. Retreat to the spacious primary suite, complete with a luxurious primary bath and large walk-in closet. With stylish upgrades, flexible living spaces, and a functional single-story design, the Allure offers the perfect combination of comfort and style. Come see everything this beautiful Newmark home has to offer! Call Sarah for more information!",That game room at 8605 Dongan Dr caught my eye. Nice bonus at that price point.,advertiser
Sonia,specialhaven37@gmail.com,11405 Antler Ln,Austin,"$1,495,000","This property presents a rare opportunity to own a spacious and versatile Austin property on approximately one acre. The main residence offers four bedrooms and three baths, with generously sized bedrooms, large closets, and comfortable living spaces designed for both everyday living and entertaining. The upgraded kitchen serves as the heart of the home, combining function, style, and plenty of space for gathering. A separate one-bedroom, one-bath guest house adds exceptional flexibility for visiting family, extended stays, a private office, or additional living space. Outdoors, the property offers a private retreat with a swimming pool and spa, mature landscaping, and expansive grounds that provide a sense of privacy and room to enjoy the outdoors. A separate workshop adds valuable space for hobbies, projects, storage, or a dedicated workspace. With approximately one acre, a substantial main residence, separate guest accommodations, pool and spa, workshop, and convenient Austin location, a combination of space and versatility that is increasingly difficult to find. Priced to sell, this property is an outstanding opportunity for buyers seeking more than a traditional home",That guest house at 11405 Antler Ln caught my eye. Solid bonus at that price point.,advertiser
Matt,mattsellsaustin@gmail.com,1908 Winter Park Rd,Austin,"$2,499,000","Fully renovated by a highly sought-after Austin contractor and an award-winning team of designers, 1908 Winter Park combines timeless Westlake character with the sophistication of a modern luxury home. Original wainscoting, paneling and detailed trim are complemented by new Andersen windows, natural stone countertops, custom cabinetry, designer lighting and hardware, and panel-ready appliances. Thoughtfully designed and completely turnkey, the home offers exceptional quality throughout. The private primary suite features separate custom closets and a spa-like bath with heated floors, steam shower, freestanding tub with a TV at the foot, double vanity and private water closet. Upstairs, a spacious second living area opens to a balcony with sweeping Hill Country views. The kitchen and living spaces flow to a custom wet bar with handcrafted brass shelving. The downstairs living room features a gas-fed wood-burning fireplace, creating a warm and inviting gathering space. Outdoors, an entertainer's dream includes a pool and waterfall, outdoor kitchen with dual grills and sink, and landscape lighting. Ideally located within walking distance of highly regarded schools and approximately seven minutes from downtown, 1908 Winter Park offers exceptional design, Hill Country views and the rare convenience of a fully renovated home with every detail already complete.",That wet bar at 1908 Winter Park Rd caught my eye. Pretty cool feature at that price point.,advertiser
Laurie,laurie@lauriefloodteam.com,8634 Ephraim Rd,Austin,"$600,000","One-of-a-kind home featuring a first-floor primary suite and four living areas in the Woods of Brushy Creek! The home was expanded with approximately 650 square feet of additional first-floor living space (included in the total square footage per appraisal), creating the extra spaces today's buyers value most, including a dedicated home office, a huge 100+ sq. ft. primary closet and a bright, cheerful sunroom. Other standout features include a beautifully updated kitchen with light gray cabinets and quartz countertops, a spacious primary suite with tray ceilings, remodeled bathrooms and dramatic high ceilings in all secondary bedrooms. Designed for entertaining, multiple living and dining areas surround the spacious kitchen, flow easily from one to another and open to a wonderful backyard patio. The outstanding location is close to highly rated Great Oaks Elementary and Cedar Valley Middle School, along with two neighborhood parks, a pool and the Brushy Creek Recreation Center, offering fitness classes, sports courts, leagues, camps and activities for all ages. You're also just minutes from H-E-B, coffee shops, restaurants, major employers including Apple and Dell, area medical centers and children's hospitals, downtown Round Rock, major highways and MetroRail for convenient access throughout the Austin area.",That sunroom at 8634 Ephraim Rd caught my eye. Nice bonus at that price point.,advertiser
Lisa,lisa.little@compass.com,838 Pear Tree Ln,Austin,"$990,000","This beautifully finished single-story home in Parten Ranch offers four bedrooms, three-and-a-half baths, a private guest suite with an ensuite bath, a dedicated office, and a flex/bonus room. Loaded with luxury upgrades, more than $150,000 in owner-selected customizations and improvements are already in place-features buyers would otherwise need to add after purchasing new construction.Highlights include custom lighting and ceiling fans, solid-core doors, white oak floors throughout the main living areas, designer tile and countertops, frameless glass shower doors, custom window coverings, and exceptional built-in storage. The home also boasts a 3-car tandem garage-great for storing tools, golf carts, or extra equipment. The kitchen features GE Cafe appliances, a built-in refrigerator, soft-close cabinetry, and a custom hutch.Outdoors, an extended covered patio, custom paver and stonework, a retractable screen, and a magnificent heritage oak create a shaded, private retreat backing directly to dedicated greenspace and a large, level yard. Located within Dripping Springs ISD and just minutes from the new DSISD High School (due to open Fall 2028) as well as quick access to Austin, this home offers timeless finishes, thoughtful upgrades, and true move-in-ready value. rade list.",That tandem garage at 838 Pear Tree Ln caught my eye. Solid bonus at that price point.,advertiser
Laurie,laurie@lauriefloodteam.com,8302 Racine Trl,Austin,"$389,900","Priced to sell - Wonderful opportunity to own a beautiful 4 bedroom - priced to sell - single-story home in the Woods of Brushy Creek! Dramatic high ceilings throughout the living, dining, kitchen and primary bedroom suite give the home an open, spacious feel. The combined living, dining and kitchen area is centered around a gorgeous Texas limestone corner fireplace, while the bright kitchen features abundant windows, granite countertops, stainless steel appliances and a breakfast bar overlooking the living room. The fourth bedroom, located near the front of the home and separate from the other bedrooms, is also ideal for a home office. The outstanding location is within walking distance of highly rated Great Oaks Elementary and Cedar Valley Middle School, along with two neighborhood parks, a pool and the Brushy Creek Recreation Center, offering fitness classes, sports courts, leagues, camps and activities for all ages. You're also just minutes from H-E-B, coffee shops, restaurants, major employers including Apple and Dell, area medical centers and children's hospitals, downtown Round Rock, major highways and MetroRail for convenient access throughout the Austin area.",That limestone fireplace at 8302 Racine Trl caught my eye. Solid feature at that price point.,advertiser
Bobby,bobby@trustedrealtyaustin.com,1005 Legend Milton Ln,Austin,"$537,000","Welcome to 1005 Legend Milton Ln, Austin, TX 78748! This spacious 4-bedroom, 2.5-bathroom home offers 2,253 sq. ft. of comfortable living space. The thoughtfully designed floor plan provides plenty of room for relaxing, entertaining, and everyday living. Conveniently located in South Austin, this home offers easy access to nearby shopping, dining, entertainment, and major roadways. Don't miss the opportunity to make this beautiful home your next home. All information provided is deemed reliable but not guaranteed. Buyers are advised to independently verify all information.",,advertiser
Abbie,abbie@dbrodskyproperties.com,2000 Wilson St,Austin,"$1,995,000","OPEN SUN 12-2 | A quintessential Bouldin residence where classic Austin character meets thoughtful design. Originally built in 1998 & comprehensively renovated in 2021, the home was reimagined to capture the warmth & charm of a classic Old Bouldin craftsman while delivering the comfort, quality, & functionality of a modern luxury home. Meticulously curated by Logan Architecture, Campbell Landscape Architects, SLIC Interiors, & Alchemy Builders, this 4-bedroom, 3.5-bath residence offers 2,508 SF. Three bedrooms have ensuite baths, & the primary suite-expanded in 2021-offers a serene retreat amongst tree canopies, 2 walk-in closets, & a bath with custom white oak vanity, Statuarietto marble, cast-iron soaking tub, & brass fixtures. An additional 258 SF of detached conditioned space, not included in the SF, offers flexibility for storage, or an opportunity for a dedicated gym, office, or creative space. Details include Marvin wood windows, custom Shaker cabinetry, white oak accents, Abode brushed oak flooring, curated lighting, & timeless Craftsman-inspired doors. The kitchen pairs custom cabinetry, Statuarietto marble & white oak butcher block countertops with a 36"" Sub-Zero refrigerator & Viking Professional range. The powder bath is a jewel box, wrapped in Gucci Lillies wallpaper & anchored by a Carrara marble Stone Forest console sink with aged brass detailing. Outside, the oversized backyard is a rare Bouldin luxury, beautifully shaded by a magnificent mature oak whose canopy creates a setting that simply cannot be recreated. A limestone porch & patio overlook mature landscaping within a 9' privacy fence. The separately fenced front yard offers raised garden beds, established privacy landscaping, & an inviting front porch. A Level II EV charger adds convenience. Just moments from South Congress & South First, with Swedish Hill, Fresa's, Meteor, & C-Boy's immediately near. A private retreat in the heart of 78704-Bouldin character, fully realized for modern living.",That detached conditioned space at 2000 Wilson St caught my eye. Solid bonus at that price point.,advertiser
Beverly,beverlywilliams@realtyaustin.com,6904 Ladera Norte,Austin,"$1,525,000","Some homes have a view. This Cat Mountain home was designed to live with one. Expansive windows stretch across the back of the home framing extraordinary Hill Country views and filling the living spaces with natural light. Outside, seven decks and multiple outdoor living areas invite you to experience the setting from different perspectives --- from morning coffee among the trees to evenings when the sky comes alive with spectacular Texas sunsets. Recognizing just how special the setting was, the sellers worked closely with interior designer Betty Shaw to thoughtfully reimagine the home around it. Walls were opened, spaces redesigned and sightlines enhanced creating a casually sophisticated home that feels warm, welcoming and deeply connected to the outdoors. Set on approximately .37 acres, the 3,193-square-foot home offers three bedrooms, 2.5 beautifully remodeled bathrooms, plus a bonus upper-level office/flex room with custom built-ins, a closet and its own walk-out balcony. At the heart of the home, the kitchen balances thoughtful function with distinctive design anchored by a one-of-a-kind island crafted from an antique boxcar. The primary suite embraces the setting with expansive views and a spa-inspired bath featuring a freestanding soaking tub positioned to take in the sunset. Approximately $620,000 was invested in renovations and improvements including the extensive interior remodel, metal roof, replacement windows, renovated landscaping and hardscaping, refreshed decks, pergola and screened porch. Custom touches include a wine closet, fireplace screen and tools, motorized shades and built-ins giving the home character without feeling formal or fussy. The result is a home where every detail feels intentional, yet nothing feels overdone --- equally suited to quiet everyday living, entertaining and simply taking in the surroundings. And always, your eye is drawn back to the view. Come for the home. Stay for the sunset.",That kitchen island made from an antique boxcar at 6904 Ladera Norte caught my eye. Pretty cool feature at that price point.,advertiser
Lauren,laurenbuxkamper@gmail.com,9833 Briar Ridge Dr,Austin,"$434,000","2 story home, primary suite upstairs. Neighborhood has a playscape, pool, tennis/pickleball courts, and scenic trails to explore. Buyer to verify all information.",,advertiser
Lana,lana@lanamorin.com,14109 Cantarra Dr,Pflugerville,"$348,000","Welcome to this beautifully designed single story home in the Cantarra community, offering 4 bedrooms, 2 baths, and approximately 2,050 square feet of comfortable living space. The spacious open floor plan is designed for both everyday living and entertaining, with modern finishes and an easy flow throughout. At the heart of the home, the gourmet kitchen features quartz countertops, stainless steel appliances, abundant cabinetry, and generous prep space, all opening seamlessly to the main living and dining areas. The private primary suite offers a relaxing retreat with an ensuite bath featuring a walk in shower, dual sinks, and a generous walk in closet. Three additional bedrooms provide flexibility for guests, a home office, or additional living space. A large laundry room adds extra convenience and storage. Step outside to a covered patio overlooking a flat, grassy backyard with plenty of opportunity to create an outdoor space that fits your lifestyle, whether that means additional entertaining space, gardens, play areas, or simply room to enjoy the outdoors. Residents enjoy a low HOA through Cantarra Meadow, along with neighborhood amenities including a community pool, playground, trails, sidewalks, and green spaces. Conveniently located with easy access to SH 130, SH 45, and I 35, plus nearby parks and the growing East Village development offering shopping, dining, entertainment, and outdoor amenities.",That covered patio at 14109 Cantarra Dr caught my eye. Nice setup at that price point.,advertiser
Jon-michael,jon-michael@papasanproperties.com,407 Tamworth Ave,Austin,"$388,900","Welcome to 407 Tamworth, a thoughtfully renovated 3-bedroom, 2-bath single-story retreat in the heart of coveted 78745! Step inside to a light-filled open layout featuring new luxury vinyl plank flooring, fresh paint, recessed lighting, and designer fixtures throughout. The modern chef's kitchen boasts custom black cabinetry, quartz countertops, a center island, subway tile backsplash, and stainless steel gas appliances. Both bathrooms are exquisitely updated with black vanities, quartz surfaces, and stylish gold hardware. Beyond the cosmetic beauty lies ultimate peace of mind: major system overhauls include a warrantied slab foundation, full sewer line replacement, new PVC plumbing, new electrical panel & wiring, new HVAC with transferable warranty, tankless water heater, and new attic insulation. Additional highlights include double-pane windows with plantation shutters, new interior/exterior doors, a new driveway, and low-maintenance front xeriscaping. The fully fenced, shaded backyard features mature trees, a concrete patio for entertaining, and a storage shed. Unbeatable South Austin location; minutes to Radio Coffee, Cosmic Coffee, The Yard, St. Elmo Brewing, Matt's El Rancho, and SoCo! Completely turn-key and ready for its next owner. Don't miss out on this amazing opportunity!",That storage shed at 407 Tamworth Ave caught my eye. Solid bonus at that price point.,advertiser
David,david.bockman@kupersir.com,6806 Rearden Rd,Austin,"$695,000","Reimagined by Bockman Home, this fully renovated South Austin residence pairs warm modern design with a bright, functional single-level layout. Set on nearly a fifth of an acre in Western Hills at Cherry Creek, the 3-bedroom, 2-bath home features vaulted ceilings, an open living area, a gas fireplace, new light oak hardwood floors, designer lighting, and thoughtfully selected finishes throughout. The brand-new kitchen anchors the main living space with custom cabinetry, updated surfaces, and an open-concept layout designed for everyday living and entertaining. The primary suite has been fully refreshed with a walk-in shower, private toilet room, dual vanity, and custom closet system. Outside, mature oak trees frame the property and create a sense of privacy around the new deck and backyard, with additional improvements including a new privacy fence, fresh landscaping, mulched planting areas, and a storage shed. Turnkey and thoughtfully reimagined, this home blends character, comfort, and modern functionality in an established South Austin neighborhood.",That storage shed at 6806 Rearden Rd caught my eye. Solid bonus at that price point.,advertiser
Nicole,nicoleb@texas.net,11928 Musket Rim St,Austin,"$3,799,999","Set atop a commanding 1.36-acre hillside within the gates of Spanish Oaks, this extraordinary estate captures sweeping Hill Country views and a sense of privacy rarely found so close to the city. This residence blends contemporary sophistication with warm natural textures, feeling both architecturally striking and effortlessly livable. A dramatic arrival unfolds through grand double doors into soaring cathedral ceilings framed by Douglas fir beams and floor-to-ceiling windows. Stone, metal, and rich natural woods create a refined, timeless palette. The kitchen is beautifully appointed with custom knotty alder cabinetry, natural stone surfaces, professional Thermador appliances, and a fully equipped butler's pantry and wine room. Multiple living spaces flow throughout the home, including a glass-wrapped sunroom, a library, media room, and inviting secondary suites. The owner's retreat is a sanctuary unto itself, featuring exquisite architectural detailing, a fireplace, and a spa-inspired bath with a multi-function Roman shower. Outdoors, the estate unfolds into a private resort experience. Terraced decks and entertaining areas overlook a dramatic pool grotto with waterfall, heated spa, and landscaped grounds, all framed by panoramic Hill Country views. Modern convenience meets refined living with whole-home automation, multi-zone audio, advanced security, and integrated smart technology throughout. Located within one of Austin's most sought-after gated golf course communities, residents enjoy the Spanish Oaks Golf Club, Austin Tennis Academy, resort-style pool pavilion, scenic trails, and 24-hour security, just minutes from Lake Travis and downtown Austin. Freshly painted and impeccably maintained, this is a rare opportunity to experience elevated Hill Country living in one of the region's most coveted enclaves.",That pool grotto at 11928 Musket Rim St caught my eye. Pretty cool feature at that price point.,advertiser
Bridget,bridget.ramey@kupersir.com,4803 River Place Blvd,Austin,"$1,350,000","Overlooking the golf course at River Place Country Club, The Fairway captures one of the area's most remarkable outlooks. From its elevated position, the home looks across a dramatic canyon-like pocket of the course and beyond to Hill Country terrain and the downtown Austin skyline in the distance. Designed to live like a single story, the entry, garage, kitchen, formal dining room, primary suite, and main living spaces are all located on the upper level. Vaulted ceilings, wood floors, expansive windows, and a gas fireplace create a warm, open setting, while a large balcony extends the living space outdoors with breathtaking golf course and canyon views. Outdoor speakers and motorized shades at the back sliding doors make it especially well suited for entertaining. The kitchen was remodeled in December 2024 and includes granite countertops, a skylight with shade, Thermador double ovens, a Samsung gas range and refrigerator, and Bosch dishwasher. Two bedrooms and two full baths are located upstairs, including one that can serve as a dedicated office or fourth bedroom. An easily accessed walk-up attic above the garage provides substantial storage. The lower level offers an equally impressive connection to the setting, with a second living room, wet bar, two additional bedrooms, two full baths, a cedar closet/safe room, and a massive sunroom or flex space surrounded by views. Whether used as a media room, gym, playroom, or entertaining space, it offers exceptional flexibility and scale. Recent improvements include a new composite roof and masonry exterior in 2026, new Guardian windows in the dining room, Pella doors, solar panels, and automatic irrigation for the front and back yards. Located in River Place and served by Leander ISD, the home is close to neighborhood parks, trails, and the fishing pond.",,advertiser
Brandye,brandyerocca@gmail.com,15109 Falconhead Grove Loop,Austin,"$875,000","Space to gather and the freedom to lock and leave.One of the larger homes in The Grove at Falconhead, this 3,044 sq. ft. residence offers 3 bedrooms, 3.5 baths and an open floor plan filled with natural light. Built in 2013 on a 0.13-acre lot, the home features spacious kitchen, dining and living areas designed for comfortable everyday living and entertaining. The living room includes a beautiful stone fireplace and large windows overlooking the outdoor living space and mature oak trees. The main level includes a private office with built-ins and a primary suite with an updated bath and custom closet. Upstairs features a large game room, a media room, 2 bedrooms and 2 full baths. The media room can easily be used as a 4th bedroom. Extensive built-ins throughout the home provide both style and functional storage. The garage includes an EV charger and dedicated workshop area. Guest parking is easy, with additional spaces on both sides of the home and parking available along Spillman Ranch. Outside, the fenced patio and low-maintenance turf create an inviting place to relax or entertain beneath the oak trees. The Grove at Falconhead community pool and covered outdoor living space are right next door, with direct gate access from the backyard. The community park and playground are just a short distance across the street. Zoned to Lake Travis ISD and situated across from Falconhead Golf Course, with shopping and restaurants nearby, this home offers an ideal lock-and-leave lifestyle. **Second POA The Grove at Falconhead",That workshop area in the garage at 15109 Falconhead Grove Loop caught my eye. Solid bonus at that price point.,advertiser
Joanie,joanie.capalupo@compass.com,1317 Wilson Heights Dr,Austin,"$1,150,000","Perfectly positioned in the heart of coveted Lost Creek, 1317 Wilson Heights Drive offers a sophisticated blend of thoughtful updates, timeless appeal, and an exceptional neighborhood lifestyle. Located within highly acclaimed Eanes ISD and minutes from top-rated schools, this beautifully maintained home offers both convenience and enduring appeal in one of Austin's most sought-after communities. A truly walkable setting places neighborhood parks, playgrounds, and scenic hiking trails just outside your door, creating an active, connected lifestyle only minutes from downtown Austin. Inside, extensive updates enhance both style and function. The upstairs primary suite features a fully remodeled bath with a new shower, tile, cabinetry, and countertops. Luxury vinyl plank flooring extends throughout the home, replacing carpet, while fresh paint and retextured walls create a clean, polished feel. The kitchen has been refreshed with new countertops, tile backsplash, stove, and dishwasher, while secondary baths feature updated flooring, countertops, and fixtures. Significant system improvements include recently replaced upstairs and downstairs HVAC systems, new windows, a new water heater, and an updated electrical panel with generator compatibility. Exterior enhancements further elevate the property, including a durable metal roof, Hardi-Plank siding, and beautifully improved outdoor living spaces. A rebuilt Trex deck with new footings and staircase creates seamless indoor-outdoor flow, while the enclosed lower-level sunroom with mini-split provides flexible year-round living. Additional features include a new garage door and motor, 8-foot privacy fence, flagstone patio, and Rachio smart irrigation system. With extensive updates, exceptional outdoor spaces, and an enviable Lost Creek location within Eanes ISD, 1317 Wilson Heights Drive offers a rare opportunity to enjoy a turnkey home in one of West Austin's most established and desirable neighborhoods.",That enclosed sunroom at 1317 Wilson Heights Dr caught my eye. Nice bonus at that price point.,advertiser
Martha,msmall@aveone.com,2504 Braemar Cv,Austin,"$450,000","Nestled in the established Onion Creek community, 2504 Braemar Cove offers a rare opportunity to create the home of your dreams on a beautiful, heavily tree-filled 0.42-acre cul-de-sac lot. Built in 1982 and lovingly owned by the same owner since 1986, this one-story home offers a spacious layout and a wonderful setting with plenty of potential. The primary suite features two walk-in closets, while the large two-car garage provides ample storage. Enjoy the peaceful, wooded surroundings from the covered back porch. The home is ready for its next chapter and awaits a new owner ready to bring their vision, updates, and personal style to this special property.",That wooded cul de sac lot at 2504 Braemar Cv caught my eye. Nice setting at that price point.,advertiser
Kathryn,kathryn.scarborough@evrealestate.com,403 Ridgewood Rd,Austin,"$3,999,000","AUCTION - Seller offering property via online auction. Bid online beginning Monday, October 26th with a starting bid of $1.75M and ends on October 27th. Preview weekend begins Friday, October 23 rd to view a one-of-a-kind estate in one of Austin's most coveted neighborhoods, where modern design meets everyday warmth. Built in 2022, this contemporary residence is elevated yet effortlessly livable, with natural light spilling across wide oak floors and through airy, inviting spaces. At the heart of the home, a stunning kitchen is centered around an oversized 14-foot quartz island with Wilsonart countertops, creating a natural gathering place for everyday living and entertaining. Dining and living spaces flow seamlessly to the backyard, extending the home outdoors to a private setting with a pool, fire feature, patio, and curated landscaping. The spacious main-level primary suite offers garden views and direct outdoor access, while a tucked-away study/flex space and additional ensuite bedroom provide privacy and flexibility. Upstairs, a bright game room opens to a shaded balcony, accompanied by three additional bedrooms, including an ensuite and Jack-and-Jill arrangement. Thoughtful details include a second laundry room upstairs, custom mudroom off the two-car garage, and dedicated pool half bath. Fully fenced grounds and a secure entry add privacy, while the location offers the best of both worlds, minutes from Downtown Austin yet tucked within a serene, established neighborhood. Sophisticated, warm, and meticulously designed, The Rollingwood Estate brings together contemporary architecture, exceptional functionality, and effortless indoor-outdoor living. Contact agent or auction company for full terms and conditions of the sale and to schedule a preview.",That oversized kitchen island at 403 Ridgewood Rd caught my eye. Pretty great gathering spot.,advertiser
Lori,lhuey@cbunited.com,9203 Comburg Dr,Austin,"$825,000","Welcome to elevated South Austin living in the highly sought-after Castlewood Forest neighborhood. Beautifully renovated with over $100,000 in upgrades, this exceptional 4-bedroom, 2.5-bath residence blends timeless charm with sophisticated modern design on a generous 0.27-acre lot. A charming brick entry opens to a private courtyard with a tranquil pond, creating a serene, memorable arrival. New French doors welcome you inside, where abundant natural light fills the home through large windows and highlights the beautifully refreshed interiors. The versatile floor plan offers generous living spaces designed for both everyday comfort and effortless entertaining. A spacious second living area provides flexibility for a home office, creative studio, playroom, or additional gathering space. The beautifully updated kitchen features new countertops and appliances installed in May 2026 and opens seamlessly to the main living room, anchored by a cozy fireplace. Luxury vinyl plank flooring enhances the main level, while hand-scraped wood flooring adds warmth and character upstairs. Fresh interior and exterior paint, along with stylish new light fixtures throughout, completes the home's polished, move-in-ready appeal. The private primary suite offers a beautifully remodeled bath with a spa-inspired shower, double vanity, and generous linen closet. Additional improvements include a 2-year-old HVAC handler, 3-year-old roof, and new 2026 garage doors, providing added comfort and peace of mind. Step outside to your own private resort-style retreat. The backyard features an in-ground pool, covered patio, outdoor bar and grill, and ample space for entertaining. This outdoor oasis is ideal for hosting unforgettable gatherings and delivers exceptional Texas living. Ideally located near shopping, dining, schools, parks, and everyday conveniences. This home offers a rare combination of luxury, privacy, style, and exceptional indoor-outdoor living.",That outdoor bar at 9203 Comburg Dr caught my eye. Pretty cool setup at that price point.,advertiser
Jared,jaredlcrouch@gmail.com,4609 Walsall Loop,Austin,"$512,500","Welcome to 4609 Walsall Loop, a spacious and inviting home tucked into the desirable Senders community in Southwest Austin. This well-designed 3-bedroom, 2.5-bath home offers an open-concept main level, and a large backyard that provides plenty of room to entertain, gardening or simply enjoy the outdoors. The main level features a comfortable living area with an open flow into the kitchen and dining spaces, creating an ideal layout for everyday living and entertaining. Upstairs, the spacious primary suite offers a private retreat with an ensuite bath, dual vanity, and walk-in closet, while two additional bedrooms share a second living area that provides flexibility for a game room, media space, office, or additional lounge area. Ideally located in Southwest Austin, this home offers convenient access to MoPac, SH-45, shopping, dining, parks, and recreation. Nearby destinations include Dick Nichols Park, Circle C Ranch, the Lady Bird Johnson Wildflower Center, and the vibrant Brodie Lane area. A great opportunity to enjoy a comfortable home in a convenient South Austin location.",That upstairs second living area at 4609 Walsall Loop caught my eye. Nice bonus at that price point.,advertiser
Laura,laura@via-re.com,10045 Planters Woods Dr,Austin,"$748,000","Exceptional single-story residence offering the perfect blend of style, comfort, and effortless living. Featuring three bedrooms plus a private study, formal dining room, breakfast area, and an expansive open-concept kitchen and living space ideal for entertaining. Wood flooring flows throughout the residence, complemented by high ceilings, abundant natural light, and a striking updated fireplace that anchors the main living area. The updated kitchen offers generous cabinetry and counter space while connecting seamlessly to the living and breakfast areas. Updated bathrooms add a fresh, sophisticated touch. The thoughtfully designed floor plan provides excellent separation between living, working, and entertaining spaces while maintaining an open, welcoming feel. Ideally located near neighborhood parks, shopping and dining, with convenient access to Lake Austin, Lake Travis, and highly regarded schools. A rare opportunity to enjoy sophisticated single-story living in an exceptional Austin location",That updated fireplace at 10045 Planters Woods Dr caught my eye. Nice touch at that price point.,advertiser
Oksana,oksana-west@realtytexas.com,14525 Ballycastle Trl,Austin,"$519,000","Fully remodeled, this exceptional Avery Ranch home offers a perfect blend of modern style, thoughtful updates, and an outstanding Northwest Austin lifestyle. The spacious interior features an inviting floor plan, abundant natural light, generous living areas, a private office downstairs, and a large game room - providing plenty of space for both everyday living and entertaining. The living room is anchored by a cozy stone-accented fireplace, creating an elegant focal point. The beautifully updated kitchen opens to the main living and dining areas, providing a welcoming gathering space. The home features three spacious bedrooms and beautifully remodeled, spa-like bathrooms, offering comfortable retreats with stylish finishes and a sense of everyday luxury. Each bedroom provides generous space and flexibility, while the thoughtfully updated bathrooms showcase a fresh, sophisticated design. Step outside to enjoy the oversized backyard with green space directly behind the property, offering a peaceful backdrop, added privacy, and plenty of room to relax, play, or entertain. The covered patio provides an ideal outdoor living area for enjoying beautiful Texas evenings. Community amenities include multiple swimming pools, tennis and pickleball courts, parks, playgrounds, and miles of walking and biking trails, along with the nearby Avery Ranch Golf Club. Located in the highly regarded Leander ISD, this home is zoned to Rutledge Elementary, Artie L. Henry Middle School, and Vista Ridge High School. Enjoy easy access to shopping, dining, major employers, and everyday amenities, while being ideally situated in one of Northwest Austin's desirable communities.",That game room at 14525 Ballycastle Trl caught my eye. Solid bonus at that price point.,advertiser
Regan,regan.pack@remax.net,12909 Noche Clara Dr,Del Valle,"$254,999","Fresh Paint! Hardwood floors!! Brand New Carpet!!! Beautiful Updates!!!! 12909 Noche Clara is back and looking better than ever. Recent updates include fresh interior paint and new carpet, giving the home a clean, updated, move-in-ready feel. The spacious family room is a true standout with dramatic 20' ceilings and abundant natural light. The main-level primary suite offers privacy and convenience, while the upstairs loft provides flexible space for a home office or second living area. Located near the Austin International Airport (AIBA), Circuit of the Americas (COTA), major highways, shopping, dining, and entertainment, this home is perfectly positioned for easy access to everything Austin has to offer. The newly completed Cotaland is Austin's first amusement park, is only minutes from this home and promises to be a sought-after local attraction. This move-in-ready home is perfect for investors, first-time homeowners, and families looking for space and opportunity to grow. You will want to see this home before it's gone!",That 20 foot ceiling in the family room at 12909 Noche Clara Dr caught my eye. Pretty cool feature at that price point.,advertiser
Susan,susanrussell@realtyaustin.com,925 Cavalry Ride Trl,Austin,"$725,000","This two-story home located in the sought-after community of Steiner Ranch has a spacious master suite on the first floor with large French doors opening out to the expansive covered patio, with ceiling fans, that extends all the way across the back of the house. First floor also offers open kitchen and living area, granite countertops, lots of cabinetry, plus formal dining and a private office/bonus room. Stairs from either the kitchen or front entry way lead up to an extensive bonus living area with large windows. The second story boasts an additional master suite and two more bedrooms with a Jack and Jill bathroom. Top rated Leander ISD, Hiking, Biking, Tennis, Boating. Close to everything Austin has offer!",That covered patio at 925 Cavalry Ride Trl caught my eye. Nice setup at that price point.,advertiser
Laura,austinrockcityrealty@gmail.com,7004 Whispering Oaks Dr,Austin,"$368,000","HOT 78745 location , just south of William Cannon between Westgate and Menchaca, 20 minutes to downtown, 12 minutes to Southpark Meadows and Saint Edwards- this home is super conveniently set in the middle of South Austin! Attractive limestone exterior, cedar sided covered entry and a beautiful mature magnolia tree gives street appeal, and a covered patio in back provides a nice shaded area to enjoy your morning coffee. Many recent improvements have been completed, including new privacy fencing, cedar siding at the covered entry in Garage doors and openers were replaced in 2024. Exterior paint in 2024. 30 year dimensional shingle roof installed in 2023. The Carrier AC system and exterior hardisiding was installed in 2019,The windows have been replaced with double pane, low E vinyl sash windows in 2018. PRICED to accomodate some work after closing, including plumbing repairs ( see estimate in documents section) and interior updates. If you are ready to take on the interior paint and plumbing work, this may be the perfect starter home or investment property for you!",That mature magnolia tree at 7004 Whispering Oaks Dr caught my eye. Nice touch at that price point.,advertiser
Christina,512homesales@gmail.com,13010 Lamplight Village Ave,Austin,"$425,000","This is the one that makes you stop scrolling. Tucked into established Lamplight Village in North Austin, this 3-bedroom, 2-bath home blends the character of an established neighborhood with a beautifully remodeled kitchen that completely transforms the heart of the home. Bright white cabinetry, generous counter space, stainless appliances and an open connection to the living and dining areas create a space that feels fresh, inviting and made for real life - whether that means morning coffee at the counter, dinner with friends or simply having room to spread out. The living room offers warm wood flooring and a fireplace that adds character and creates a natural gathering place. The two-level floor plan provides separation between living and sleeping spaces, including a private upstairs primary bedroom and bath. Outside, the spacious backyard gives you room to entertain, garden, play or simply enjoy your own outdoor space. A newer fence and newer roof add even more value, while the attached two-car garage provides the everyday storage and parking buyers appreciate.",That two level floor plan at 13010 Lamplight Village Ave caught my eye. Nice separation between living and sleeping spaces.,advertiser
Jeffrey,jeffrey@srgcompass.com,10909 River Plantation Dr,Austin,"$849,900","Two primary suites, 4,032 square feet, and a private pool in Onion Creek, at a number that leaves room for the rest of your life. The main-floor primary is the one buyers hunt for and rarely find at this size: a king-scaled bedroom, dual vanities, separate walk-in shower, garden soaking tub, and a walk-in closet with room to spare. Upstairs, a second full primary suite with its own en-suite bath creates a true guest or in-law wing, a door that closes and nobody sharing a bathroom. Three more bedrooms sit upstairs, and a second main-floor room with a full closet works as an office or sixth bedroom, whichever you need. The renovated kitchen anchors the downstairs: quartz counters, an oversized island, custom cabinetry, built-in double ovens, gas cooktop, wine refrigerator, and a walk-in pantry, all open to the family room and its wood-burning fireplace with gas starter. Upstairs, a second living area with a wet bar handles game night. High ceilings, recessed lighting, French doors, wired for sound, and no carpet anywhere. Two mature shade trees anchor the front yard, the kind newer subdivisions will not have for another twenty years. Out back, a privacy-fenced yard with an in-ground pool, a covered patio, and a shaded spot to sit when the afternoon runs long. Onion Creek is the part people underestimate. The Onion Creek Club sits inside the neighborhood with 27 holes of golf, an Olympic-sized pool alongside a kiddie pool, pickleball and tennis courts, and a fitness center running daily classes with full locker rooms. The clubhouse restaurant and bar are a golf cart ride away. Membership is offered separately from the neighborhood HOA. McKinney Falls State Park and the Onion Creek Greenbelt are minutes out, and I-35 puts downtown Austin and the airport within an easy drive. Established, quiet, and close in, a combination that keeps getting harder to find on this side of town.",That pool at 10909 River Plantation Dr caught my eye. Solid bonus at that price point.,advertiser
Sarah,sarah.sutfin@compass.com,1700 Colony Creek Dr,Austin,"$449,000","Priced to sell and move-in ready! Updated in 2020, you'll step inside to find a bright and airy open-concept layout that's ready to host your next get-together. The heart of the home flows seamlessly into the kitchen and dining areas, but the real showstopper is the wall of floor-to-ceiling glass sliding doors. These lead out to a massive, beautifully designed covered patio that feels like a true outdoor living room. It's the ultimate spot to enjoy the landscaped backyard regardless of the weather. Looking for that extra space? You've got a second flexible living area, that's ready to become whatever you need-a game room, a quiet home office, or a sophisticated dining space. This bonus space is anchored by a contemporary accent wall that adds a layer of warmth and texture, making the room feel incredibly custom and curated. When it's time to retreat, the primary suite is an absolute dream. It features not one, but two closets-including what we're calling ""the best closet ever,"" fully loaded with pullout drawers, custom shelving, and plenty of hanging space. The ensuite bath offers a walk-in shower and a dedicated dressing space. Three additional bedrooms feature plenty of space and share a full bath decked out in seriously cute tile. Practicality meets style with a large in-home laundry room full of cabinetry and an attached two-car garage. Plus, you're perfectly positioned in North Austin with lightning-fast access to the tech corridor, The Domain, and Q2 Stadium for Austin FC match days. Come see why this home is a total game-changer!",That covered patio at 1700 Colony Creek Dr caught my eye. Nice setup at that price point.,advertiser
Sondra,sondrasellsaustin@gmail.com,4204 Wildwood Rd,Austin,"$1,075,000","Rare opportunity in Wilshire Woods! This nearly 3000 sf 4 bedroom home with bonus office combines period charm with modern updates like metal roof and newer windows (2017), tankless water heater (2018), recent HVACs (2023/2018), recessed lighting, updated electrical. Fresh exterior paint. Incredible location close to Mueller, Hyde Park, and minutes to downtown. Spacious layout, oversized rooms, and multiple living areas give everyone privacy! 4th bedroom can have multiple uses (currently used as a workout and music studio)",That music studio at 4204 Wildwood Rd caught my eye. Pretty cool bonus at that price point.,advertiser
DOUG,doug@moreland.com,2700 Tom Miller St,Austin,"$1,295,000","This special single family residence is located in the highly sought after Mueller subdivision. What makes this home standout is the exceptional combination of an oversized corner lot, with alley access, and overlooking the neighborhood ponds and Southwest Greenway. This 4 Star Green Built Home has solar panels, spray foam insulation, and tankless water heaters. You are greeted by fabulous curb appeal with an oversized front porch clad with Mexican tile and a xeriscape yard that overlooks the neighborhood ponds and greenbelt. Once you enter the home, you are greeted with a large living area with high ceilings and a wood burning fireplace. The natural light is wonderful with large south facing windows overlooking the ponds and seasonal wildflowers. Pass through the comfortable living space into the heart of the home which is the kitchen and large dining area. Stainless appliances, ample storage, glass front cabinets, and a center island are all great features in the chefs kitchen. There is a full bedroom; with a built in Murphy bed, and bathroom downstairs, along with the highly useful mudroom and utility room spaces. Ascend the staircase to the upstairs 3 bedrooms/2 bathrooms and additional game room that has French doors for additional privacy. The oversized primary bedroom has wonderful light overlooking the greenbelt; and there is an excellent attached office space with built in cabinets and bookshelves. Two side bedrooms share a bathroom, and there is the additional large space that works great as a TV room or playroom. The private backyard and side yard have artificial turf, and the shady corner lot gives the property a great sense of privacy, with only one common neighbor. There is an oversized two car garage that is located off of the alley access, an irrigation system, and the location is so convenient to the University of Texas and downtown Austin. Take a minute to enjoy the shady, covered front porch that overlooks the neighborhood greenbelt!",That front porch at 2700 Tom Miller St caught my eye. Nice spot overlooking the greenbelt.,advertiser
Adam,adamcormany@realtyaustin.com,2606 Pembrook Trl,Austin,"$2,600,000","Completion: November 2026 (Home is available to contract prior to completion). Located in the heart of highly sought-after Rosedale and just moments from The Grove, this exceptional new construction blends timeless architecture with modern luxury in one of Central Austin's most desirable neighborhoods. Scheduled for completion in November 2026, this 5-bedroom, 4-bath residence offers 3,665 square feet of thoughtfully designed living space with soaring 12-foot ceilings throughout the main level and dramatic vaulted and cathedral ceilings upstairs that create an airy, light-filled atmosphere. Every detail has been carefully curated with a timeless elegance that transcends trends, featuring rich architectural character, refined finishes, and a warm, sophisticated aesthetic. The chef's kitchen is anchored by a premium Thermador appliance package, generous workspace, and seamless flow into expansive living and dining areas designed for both everyday living and effortless entertaining. Outdoors, enjoy your own private retreat with a resort-style pool and beautifully designed outdoor living spaces. Perfectly positioned near The Grove, you'll have easy access to some of Austin's favorite restaurants, cafs, fitness studios, boutiques, and parks, including Carve American Grille, Verdad True Modern Mexican, Ling Wu Asian Restaurant, Sour Duck Market, and the neighborhood's vibrant green spaces and walking trails. Just minutes from Burnet Road, Lamar Boulevard, Downtown Austin, and The Domain, this location offers an unmatched combination of convenience, lifestyle, and connectivity. Rarely does a brand-new home of this caliber become available in Rosedale, offering the perfect balance of timeless design, luxury finishes, and one of Austin's premier Central Austin locations.",That resort style pool at 2606 Pembrook Trl caught my eye. Pretty nice setup at that price point.,advertiser
ERNIE,moveupaustin@sbcglobal.net,416 Hogg Pecan Pass,Austin,"$500,000","Welcome to 416 Hogg Pecan Pass in Oak at Twin Creeks, where the South Austin lifestyle is in full effect. This spacious and open 1-story home offers 3 bedrooms, two full bathrooms & one 1/2 baths. This home has a versatile flex room with French doors that works beautifully as an office, media room or game room. The inviting interior features tall ceilings, recessed lighting, wood and tile flooring and recently replaced carpet in all three bedrooms. The spacious kitchen offers granite countertops, abundant cabinetry, a large center island, electric cooktop, microwave, dishwasher, coffee nook, full-size pantry and a refrigerator that conveys. An eat-in kitchen and separate dining room provide plenty of space for everyday living and entertaining. The primary suite features a walk-in closet and private bath with double vanity and separate walk-in shower. A second full bath also features a double vanity. Outside, enjoy the covered and extended patio overlooking the established yard, creating a great space for relaxing or entertaining. Recent improvements include HVAC replacement in 2020, roof replacement in 2022, fence replacement in 2020, new bedroom carpet in 2025 and garage door springs and opener replaced in 2026. Conveniently located near Southpark Meadows, the South Menchaca entertainment district, Sunset Valley shopping/dining and numerous parks, hike and bike trails. Downtown Austin is also just a quick commute away. Come experience the space, comfort and laid-back lifestyle that make South Austin such a great place to call home.",That extended patio at 416 Hogg Pecan Pass caught my eye. Nice setup at that price point.,advertiser
