Bedrooms,FirstName,LastName,Phone,Address,City,Price,Website,Email,PublicRemarks,BouncerStatus,BouncerReason,BouncerOutcome,EmailSource
5,Waxhaw,Landing,,1026 Honey Trl,Monroe,559990,,,"Enter the Lassen, greeted by a foyer open to a flex room/study and bedroom with a full bath. Continue to the large open Great Room with a fireplace, dining area, and kitchen featuring a large island, breakfast bar, and walk-in pantry. A 2-car garage completes the first floor. The second floor features an owners suite, laundry room, a loft, three additional bedrooms, and a/two full bathrooms. At Waxhaw Landing, discover Mattamy's distinctive streetscapes surrounded by natural spaces, thoughtful architectural details, and superior standard finishes in single-family homes featuring both 1- and 2-story designs with 3-6 bedrooms, 2-car garages, covered verandas, and screen porches tentatively priced from the upper $300s. It's Mattamy quality and style at an exceptional price, located in an exceptional area. *Availability, prices, financing promotion and offers subject to change without notice. Square footage is approximate. Please see your New Home Counselor for details.",,,not_found,none
4,Waxhaw,Landing,,1107 Honey Trl,Monroe,439990,,,"Upon entering the Redwood, you are greeted by a foyer that opens to a flex room/study/guest bedroom and shared bath. Continue to the spacious Great Room with a fireplace and dining room with patio, open to the kitchen featuring a large island, breakfast bar, and stainless-steel appliances. Head to the second floor to find the large owners suite, loft, two additional bedrooms, a full bathroom, and a convenient laundry room. It's the small-town lifestyle you've always wanted at Waxhaw Landing. Enjoy the best of quaint community living with proximity to shopping, entertainment, and recreation, all while being located on Hwy 75, minutes from historic Waxhaw and Monroe. Convenient access to nearby schools includes Union Academy, Monroe Charter Academy, Walter Bickett Elementary, Monroe Middle, and Monroe High School. Celebrate local farmers at the Waxhaw Farmers Market and enjoy boating, biking, and camping at beautiful 1,050-acre Cane Creek Park. *Availability, pricing, promotions, specifications, and features are subject to change without notice. Square footage is approximate. Renderings are for illustrative purposes only. See your New Home Counselor for details.",,,not_found,none
4,Savona,,,15625 Northcross Dr,Huntersville,593500,,,"Main Level Guest Suite, Upgraded Cabinets and Kitchen Tile Backsplash, Upgraded Quartz Countertops in Carrara Delphi, Full Tile Shower in Primary and Secondary Bathroom, Walk-in Laundry with Lower Cabinets and Sink, Hard Surface Floors at Stairs, Loft and Bedrooms, Exterior Landscape Maintenance and More!",,,not_found,none
4,Waxhaw,Landing,,1036 Honey Trl,Monroe,559990,,,"Enter the Poinsett, greeted by a foyer open to a formal dining room/a study. Continue to the large open Great Room with a gas fireplace, breakfast area, and den/guest suite with a full bath. The kitchen features a large island, breakfast bar, and walk-in pantry. A 2-car garage completes the first floor. The second floor features an owners suite, laundry room, a loft, three additional bedrooms, and a/two full bathrooms. At Waxhaw Landing, discover Mattamy's distinctive streetscapes surrounded by natural spaces, thoughtful architectural details, and superior standard finishes in single-family homes featuring both 1- and 2-story designs with 3-6 bedrooms, 2-car garages, covered verandas, and screen porches tentatively priced from the upper $300s. It's Mattamy quality and style at an exceptional price, located in an exceptional area. *Availability, pricing, promotions, specifications, and features are subject to change without notice. Square footage is approximate. Renderings are for illustrative purposes only. See your New Home Counselor for details.",,,not_found,none
4,Aurora,Acres,,5021 Astra Ln,Snow Camp,409440,,,"5021 Astra Lane could be your new home today! Welcome to the Hayden, one of our two-story floorplans in Aurora Acres in Snow Camp, NC. This home features 4 bedrooms, 3 bathrooms, 2,511 sq. ft. of living space, and a 2-car garage. Upon entering the home, you'll be greeted by a foyer passing by the flex room, then led into the center of the home. This open-concept space features a functional kitchen, the living room, a breakfast area, a study and a full bathroom in the back left of the home. The kitchen is equipped with a corner walk-in pantry, quartz countertops, stainless steel appliances, kitchen island, and a breakfast area. The second floor hosts the spacious primary bedroom and primary bathroom boasting two walk-in closets, a walk-in shower, dual vanity, and separate water closet for ultimate privacy. The additional three bedrooms share a third full bathroom. The laundry room and loft complete the second floor. With its luxurious design and ample space, the Hayden is the perfect place to call home.",,,not_found,none
3,Wildbrook,Village,,193 Wildbrook Dr,Waynesville,369890,,,"The Aria at Wildbrook Village offers the ease of single-level living combined with the beauty and convenience of life in Waynesville. Located near charming downtown Waynesville, shopping, dining, outdoor recreation, and everyday essentials, Wildbrook Village provides the perfect setting to enjoy the best of Western North Carolina. This thoughtfully designed ranch home features 3 bedrooms and 2 bathrooms with an open-concept layout ideal for both everyday living and entertaining. A welcoming foyer leads into the spacious living room, dining area, and kitchen, creating a bright and connected living space. The kitchen features ample cabinet storage, modern finishes, and a functional layout that makes meal preparation and gathering with family and friends effortless. The private primary suite serves as a relaxing retreat, complete with a spacious walk-in closet and an ensuite bathroom featuring dual vanities and a walk-in shower. Two additional bedrooms and a second full bathroom provide flexibility for guests, family members, or a home office. A conveniently located laundry room adds to the home's practical design. Step outside to the covered rear porch, the perfect place to enjoy your morning coffee, relax after a long day, or take in the peaceful mountain surroundings. With a two-car garage, thoughtfully designed living spaces, and the convenience of one-level living, the Aria at Wildbrook Village offers comfort, functionality, and the mountain lifestyle you've been looking",,,not_found,none
5,Rolling,Hills,,2016 Cypress Hill Drive SE,Bolivia,384990,,,"The Iberville floorplan in Rolling Hills located in Bolivia, North Carolina is a two-story home offering 2,614 square feet of living space across 5 bedrooms and 3 full bathrooms. Your style, your way. This plan offers a flex space just off the foyer that could be a dedicated home office or formal dining room for entertaining family and friends. A guest bedroom plus a full bath on the main also ensures a private space for visitors. The central family room opens to a casual dining area and an open kitchen with extended island. This well-appointed space offers bar top seating, so everyone stays connected and features include granite countertops, stainless steel appliances and contemporary cabinetry. Upstairs there is a generous primary suite with adjoining bath that offers a garden tub, separate shower, dual vanities and plenty of closet space. Secondary bedrooms ensure everyone has their own space, plus there is an additional living room perfect for family movie nights, gaming or just a place to get away and relax. And you will never be too far from home with Home Is Connected(R) Smart Home Technology is included in your new home and comes with an industry-leading suite of smart home products including touchscreen interface, HD video doorbell, smart door lock, smart thermostat all controlled by smartphone app with voice! The photos you see here are for illustration purposes only, interior and exterior features, options, colors and selections will vary from the homes as buil",,,not_found,none
3,Providence,Walk,,242 Lauren Ln,Hendersonville,327390,,,"The Maywood at Providence Walk combines an inviting open-concept layout with thoughtful spaces designed for modern living. On the main level, a spacious family room flows effortlessly into the dining area and kitchen, where a large center island creates the perfect gathering spot for meal prep, casual dining, and entertaining. A convenient half bath, attached one-car garage, and rear patio add both functionality and outdoor enjoyment to the home's well-designed first floor. Upstairs, the private primary suite offers a relaxing retreat with a spacious bedroom, an ensuite bath featuring a dual vanity and walk-in shower, plus two linen closets for added storage. The generously sized walk-in closet provides plenty of room for organization. Two additional bedrooms, a full secondary bathroom with a bathtub, and a centrally located laundry room complete the second floor, making everyday routines more convenient for the whole household. Nestled in the sought-after Providence Walk community in Hendersonville, homeowners enjoy easy access to the Ecusta Trail, downtown Hendersonville, local dining, shopping, and outdoor recreation. Combining a desirable location with a comfortable and functional floorplan, the Maywood is an excellent place to call home.",,,not_found,none
3,Providence,Walk,,20 Katherine Emilie Dr,Hendersonville,356690,,,"The Brandon at Providence Walk offers a smart, open-concept design that blends comfort and functionality in one beautiful home. The main level features a spacious family room that flows seamlessly into the dining area and kitchen, creating the perfect space for everyday living and entertaining. Sliding glass doors provide easy access to the backyard, while a convenient half bath and attached one-car garage complete the first floor. Upstairs, the private primary suite serves as a relaxing retreat with a generously sized bedroom, a luxurious bath featuring a dual vanity and walk-in shower with glass doors, and a large walk-in closet. Two additional bedrooms share a full bathroom with a bathtub, and the nearby laundry room adds everyday convenience right where you need it most. Located in the desirable Providence Walk community in Hendersonville, residents enjoy easy access to the Ecusta Trail and the charm of downtown Hendersonville. With shopping, dining, recreation, and outdoor adventures just minutes away, Providence Walk offers the perfect balance of peaceful living and everyday convenience.",,,not_found,none
3,Wildbrook,Village,,200 Wildbrook Dr,Waynesville,373090,,,"Discover the perfect blend of space, flexibility, and mountain living with the Penwell, a thoughtfully designed two-story home offering 2,175 square feet of comfortable living space in the beautiful Wildbrook Village community in Waynesville. The main level is designed for both everyday living and entertaining, featuring a spacious great room, modern kitchen, convenient half bath, and a versatile flex room or study that can be tailored to fit your lifestyle. Whether you need a home office, playroom, formal dining area, or hobby space, the Penwell offers the flexibility to make the home your own. Upstairs, you'll find a private primary suite complete with an attached full bathroom and a generous walk-in closet. Two additional bedrooms, a second full bathroom, and a conveniently located laundry room provide functionality and comfort for the entire family. For even greater flexibility, the Penwell is available with either a fourth bedroom option or a large loft space, allowing you to choose the layout that best suits your needs. A two-car garage completes this spacious and practical design. Nestled in the charming Jonathan Creek area of Waynesville, Wildbrook Village offers a truly unique mountain lifestyle. Surrounded by the stunning beauty of Western North Carolina's mountains and situated alongside a picturesque creek, residents can enjoy peaceful outdoor living and cool off with a refreshing creekside stroll on warm summer days. Conveniently located just minutes from Magg",,,not_found,none
3,Providence,Walk,,248 Lauren Ln,Hendersonville,326390,,,"The Maywood at Providence Walk combines an inviting open-concept layout with thoughtful spaces designed for modern living. On the main level, a spacious family room flows effortlessly into the dining area and kitchen, where a large center island creates the perfect gathering spot for meal prep, casual dining, and entertaining. A convenient half bath, attached one-car garage, and rear patio add both functionality and outdoor enjoyment to the home's well-designed first floor. Upstairs, the private primary suite offers a relaxing retreat with a spacious bedroom, an ensuite bath featuring a dual vanity and walk-in shower, plus two linen closets for added storage. The generously sized walk-in closet provides plenty of room for organization. Two additional bedrooms, a full secondary bathroom with a bathtub, and a centrally located laundry room complete the second floor, making everyday routines more convenient for the whole household. Nestled in the sought-after Providence Walk community in Hendersonville, homeowners enjoy easy access to the Ecusta Trail, downtown Hendersonville, local dining, shopping, and outdoor recreation. Combining a desirable location with a comfortable and functional floorplan, the Maywood is an excellent place to call home.",,,not_found,none
4,Aurora,Acres,,5037 Astra Ln,Snow Camp,442525,,,"Welcome home to 5037 Astra Lane! The Columbia is a spacious and modern two-story home offering 4 bedrooms, 3.5 baths, 3,108 sq. ft. of living space, and a 2-car garage. The moment you step inside the home you will be greeted by the foyer which connects you first to a home office and then to a formal dining room. The open-concept layout integrates the main living area, which is a spacious family room. The gourmet kitchen, features stainless steel appliances, center island, ample cabinets, quartz countertops, ceramic tile backsplash, and a large breakfast room perfect for casual dining. Upstairs, there is a spacious primary bedroom with private bathroom and large walk-in closet. The additional three bedrooms all include walk-in closets, built with comfort. The Columbia includes versatile loft area that can be a media room, playroom, or home gym. With its thoughtful design and spacious layout, the Columbia is the perfect place to call home.",,,not_found,none
3,Indigo,Preserve Townhomes,,3225 Butterfly Ginger St Lot 73,Leland,478990,,,"Welcome to this beautifully designed ranch-style 2-story home - The Bradford! Located in the highly sought-after Indigo Preserve community in the heart of Leland. This charming home offers 3 spacious bedrooms, a French-door flex room that is perfect for an office or formal dining space, 3 full baths, and a versatile upstairs bonus room. The living area is an open concept, where your kitchen, living, and dining areas blend seamlessly into a space perfect for everyday living and entertaining. This floorplan is features a desirable first floor primary suite, providing comfort and convenience with easy main-level living. Enjoy the covered patio perfect for entertaining and enjoying eastern North Carolina evenings. Residents of Indigo Preserve enjoy an exceptional lifestyle with resort-style amenities including a sparkling pool, pickleball courts, playground, open-air pavilion, and sidewalks throughout the community. Conveniently located near shopping, dining, and area beaches, this home offers the perfect blend of comfort, recreation, and coastal living. Home Is Connected(R) Smart Home Technology is included in your new home and comes with an industry-leading suite of smart home products. Contact us today and find your home at Indigo Preserve.",,,not_found,none
4,Carpenter,Falls,,702 Timber Terrace Dr,Durham,406940,,,"At the core of the Raven new home plan is the versatility you need. The first-floor bedroom with adjacent full bath can work as a guest suite, teens' getaway or home office well separated from the rest of the house! Ready this Summer!",,,not_found,none
4,Helmsley,,,707 Orchard Vista Cir,Raleigh,430190,,,"Smith Douglas Homes proudly presents the Radcliffe at Helmsley. HOME UNDER CONSTRUCTION. EXPECTED COMPLETION, DECEMBER. REPRESENTATIONAL PHOTOS. Discover elevated townhome living with an added sense of privacy in this beautifully designed three-level Radcliffe. One of only two homes in its building, this residence enjoys the rare advantage of no neighboring building directly behind it. The first floor offers a private fourth bedroom with its own ensuite, ideal for guests or a home office, along with an enclosed outdoor living space enhanced by a ceiling fan. Upstairs, the main living level is designed for effortless entertaining, with a spacious kitchen featuring granite countertops and access to a private balcony, perfect for enjoying a breath of fresh air. Luxury vinyl plank flooring brings a polished finish to the main living areas, while soft carpet adds comfort to the bedrooms. The owner's suite creates a relaxing retreat with a beautifully tiled shower and quartz bathroom countertops. Thoughtful conveniences include blinds throughout the entire home, with screens on the front and rear windows. Ideally situated in the heart of Raleigh, just minutes from the sought-after Fenton district for premier shopping, dining, and entertainment. Schedule your appointment today!",,,not_found,none
3,Liberty,Creek,,243 Spirit Springs Rd,Smithfield,415535,,,"Smith Douglas Homes proudly presents the Avery D Plan at Liberty Creek. Step into refined single-story living with one of Smith Douglas Homes' most sought-after designs, beautifully situated on an expansive .689-acre homesite. An extended foyer creates an inviting entrance and leads to a dedicated dining room designed for memorable gatherings. Upgraded luxury vinyl plank flooring flows throughout the main living areas, enhancing the home's open and sophisticated feel. The spacious family room connects effortlessly to a beautifully appointed kitchen featuring quartz countertops, crisp white cabinetry, a generous center island, and a bright breakfast nook with access to the outdoor patio. Privately positioned at the rear of the home, the oversized primary suite offers a relaxing retreat with dual vanities, quartz countertops, a spacious walk-in shower, and generous closet space. Two additional bedrooms provide flexibility for guests, work, or everyday living. A conveniently located laundry room and mudroom add functionality. Enjoy an easy commute to downtown Raleigh along with community walking trails, an outdoor fireplace, and a playground.",,,not_found,none
3,Ivy,Meadows,,102 Airdale Drive,Oxford,354990,,,"Welcome to the Jodeco, a stunning two-story home offering 3-5 bedrooms, 2.5-3 bathrooms, and a 2-car garage across 2,300 sq. ft. of beautifully designed living space. The first floor features a versatile study perfect for a home office, an open-concept kitchen, dining, and family room, and a powder room for guests. Upstairs, the spacious primary suite includes double vanity sinks, two walk-in closets, and a convenient private laundry area, while two additional bedrooms with walk-in closets share a full second-floor bathroom. A generous loft provides flexible space for family gatherings or recreation. Optional upgrades let you convert the loft and study into additional bedrooms and a full bathroom, and add a paved or covered patio to create the perfect backyard retreat. The Jodeco combines style, space, and flexibility, making it ideal for modern family living. *Photos are representative of the Jodeco floor plan",,,not_found,none
4,Glen,Abbey,,1014 Riverbank Dr,Kernersville,349990,,,"Step into the home through the foyer, where a powder bath and access to the two-car garage are conveniently located. The foyer opens into a spacious, open-concept kitchen, family room, and dining area. A back patio is situated just off the dining area, while on the opposite side of the family room, stairs lead to the second floor and a study. Upstairs, a spacious loft connects three additional bedrooms-two with walk-in closets-that share a full bath. On the opposite side of the loft, you'll find a laundry room and the primary bedroom, complete with a walk-in closet and private primary bath.",,,not_found,none
3,Lemon,Springs Estates,,1236 Averitt Way,Sanford,345050,,,"Smith Douglas Homes proudly presents the Caldwell D plan at Lemon Springs Estates. THIS HOME IS UNDER CONSTRUCTION, ESTIMATED COMPLETION, JANUARY. REPRESENTATIONAL PHOTOS. Start the new year in a brand-new home designed with comfort, style, and flexibility in mind. The Caldwell offers the convenience of a primary suite on the main level, complemented by a formal dining room and easily accessible laundry room. At the heart of the home, the beautifully appointed kitchen makes a statement with sophisticated stone-gray cabinetry and granite countertops, creating an inviting space for everyday meals and entertaining. Luxury vinyl plank flooring flows through the main living areas for a polished, cohesive look. Tucked away on the main level, the primary suite offers a relaxing retreat with dual sinks, quartz countertops, and a spacious walk-in shower. Upstairs, a large loft provides valuable additional living space alongside two secondary bedrooms, giving you plenty of room to make the home your own. Located in the lovely town of Sanford, Lemon Springs Estates offers sidewalks throughout the community and convenient access to Hwy US-1.",,,not_found,none
4,Liberty,Creek,,330 Spirit Springs Rd,Smithfield,365360,,,"Smith Douglas Homes proudly presents The McGinnis A plan at Liberty Creek. THIS HOME IS UNDER CONSTRUCTION, EXPECTED COMPLETION OCTOBER. REPRESENTATIONAL PHOTOS. Looking for an affordable home without sacrificing the space and features on your wish list? The McGinnis A delivers with four bedrooms, a versatile loft, private study, and an impressive .71-acre homesite. The inviting family room flows seamlessly into the kitchen and breakfast nook, creating an open gathering space for everyday living and entertaining. Stainless steel appliances and a center island add both style and functionality to the kitchen, while an extended patio provides even more room to enjoy the outdoors. Upstairs, retreat to a comfortable owner's suite featuring a garden tub/shower combination and convenient access to the laundry room. Three additional generously sized bedrooms each offer their own walk-in closet, providing exceptional storage throughout the home. Located in the charming town of Smithfield with a convenient drive to Raleigh, Liberty Creek offers a community fireplace, walking trails, and a playground. With abundant living space, a large homesite, and a price point designed to offer more, The McGinnis A is an opportunity you won't want to miss!",,,not_found,none
4,Cambria,,,509 Havannah Rd,Garner,474840,,,"The Kirby at Cambria blends timeless design with modern comfort, featuring a sought-after first-floor owner's suite, expansive gathering spaces, and the flexibility to accommodate every stage of life.",,,not_found,none
5,Thomas,L Shoupe,,6302 Cabin Branch Dr,Durham,640000,,,"6302 Cabin Branch Dr is a Durham corner-lot home built in 2017 with 3,542 square feet on nearly half an acre. The kitchen features quartz countertops, an accent backsplash, and stainless steel appliances, creating a well-equipped space for cooking and entertaining. A fireplace anchors the main living area, adding warmth and ambiance to the central gathering space. A front porch and a back deck extend the living space outdoors, creating ample room for relaxation and entertaining. A two-car side-entry garage completes this well-maintained residence with practical amenities and comfortable living spaces throughout every room.",,,not_found,none
3,Ellen,Kuo,19198895898,828 Alderleaf Dr,Fuquay Varina,338000,http://www.augrealty.com,,"Welcome to 828 Alderleaf Dr in Fuquay- Varina! This beautiful refreshed home offers comfortable living space with thoughtful updated. The living area and hallway feature durable LVP flooring, new carpets in bedrooms, both bathrooms have been update with new vinyl flooring and two new toilets and three new ceiling fans. Step outside to enjoy the brand new deck overlooking a fully fenced, private backyard, an idea space for relaxing, gardening or creating your own personalized landscaping oasis.One carport with a generously sized storage are, providing excellent space for outdoor equipment, tools and additional storage. Move in ready and conveniently located near Fuquary-Varina Downtown",,,not_found,none
4,Ali,Winslow,19198474447,1336 Eldon Cir,Durham,1725000,,,"Introducing the Beverly by local custom builder Homes by Dickerson. Ready March 2027 and located in Pinecrest, Durham's newest community, this home offers a rare opportunity to own new construction within the historic Forest Hills neighborhood. Inspired by the principles of New Urbanism, Pinecrest combines timeless architecture with a low-maintenance lifestyle, featuring thoughtfully designed green spaces, scenic walking trails, pedestrian-friendly streets, and direct access to the American Tobacco Trail and vibrant downtown Durham. Currently under construction, this thoughtfully designed 4-bedroom, 4 full bath, 2 half bath home offers a main level private primary suite, dedicated dining room, and open-concept living/kitchen spaces. Upstairs you'll find three secondary bedrooms each with en-suite baths, as well as the laundry room and dedicated rec room. Professionally curated by our in-house design team, the Beverly showcases timeless finishes, elevated craftsmanship, and attention to detail.",,,not_found,none
5,Brittney,Powell,17044218618,4953 Brown Hall Ct Unit 151,Huntersville,834010,,,"The Seaforth home design greets you with an impressive two-story foyer that leads to a spacious open-concept floor plan. A stunning great room flows seamlessly into the casual dining area and a well-appointed kitchen with a large island, a walk-in pantry, and access to the outdoor patio. The first floor also offers a convenient 1st floor office and secondary bedroom with shared hall bath. Upstairs, the primary suite offers a luxurious retreat with dual walk-in closets and a spa-like bathroom featuring dual sinks, a luxurious shower, and a private water closet. The second level also boasts a versatile loft space and secondary bedrooms providing ample space for family or guests. A shared hall bath and ensuite bath along with a convenient laundry room completes the bedroom level.",,,not_found,none
3,Skyler,Tegtmeier,,123 Wheaton Dr,Richlands,265000,,,"Check out this country living property that has 3 spacious bedrooms 2 bathrooms on over half an acre! This property is complete with a 2026 HVAC system, new fridge and the septic was pumped in 2025 giving you added peace of mind! Nestled in a peaceful setting while still being conveniently located near the amenities of Richlands and an easy drive to Jacksonville and surrounding areas. If you're looking for a home with a relaxed feel, no HOA restrictions, and room to enjoy the outdoors, this one is worth a look!",,,not_found,none
3,Corinne,Smith,19104835353,328 Interchange Dr,Fayetteville,399900,,,"WELCOME HOME TO LONGLEAF! Here is the rare find you've been waiting for! Nestled in the highly sought-after Longleaf community, this beautifully maintained classic two-story brick home offers timeless style, generous living spaces, on a Cul-de-sac! Step inside the welcoming foyer, where beautiful formal spaces flank either side. The formal dining room features hardwood flooring, elegant wainscoting, and a tray ceiling-perfect for hosting family and friends. Across the foyer, the formal living room offers hardwood floors and French doors, creating a flexible space that could easily serve as a home office, playroom, or quiet sitting room. The spacious kitchen is designed for gathering and features rich cherry cabinetry, granite countertops, tile backsplash, and a breakfast area. A large opening from the kitchen overlooks the impressive great room, complete with a gas-log fireplace and vaulted ceiling, allowing the spaces to feel connected while still maintaining their own character. Upstairs, retreat to the spacious primary suite featuring a tray ceiling, walk-in closet, and private tiled bath with a jetted tub and separate shower. Two additional bedrooms provide plenty of room for family or guests. Need even more space? You'll LOVE the bonus room with a closet, plus an additional flex room ideal for a craft room, media room, home office, or whatever fits your lifestyle! Step outside and enjoy a backyard designed for relaxing and entertaining, complete with a screened-in patio, 6-foot privacy fence, and wired storage building. And LOCATION! Conveniently situated near Fort Bragg, shopping, restaurants, and everyday conveniences, this beautiful Longleaf home offers the space, character, and location buyers are looking for. Classic charm. Flexible living spaces. Fantastic location. This one is ready to welcome you HOME! Love Where You Live!",,,not_found,none
4,Lucas,Jacques,17048980640,3756 Sand Wedge Dr,Gastonia,850000,,,"Welcome to 3756 Sand Wedge Dr. a truly exceptional custom-built home in the prestigious Gaston Country Club! Built in 2017, this full-brick masterpiece offers just under 2,700 square feet of beautifully designed living space, featuring 4 bedrooms and 3.5 bathrooms, all on one level, plus a bonus room and full bathroom upstairs. Situated on a 0.52-acre lot, this home blends timeless craftsmanship with incredible outdoor living. Step inside to 12-foot ceilings, rich hardwood floors, coffered, tray, vaulted, and cathedral ceilings, 8-foot solid wood interior doors, a stunning metal-clad front door, gas logs, marble-tiled bathrooms, and Sonos hardwired surround sound. The custom details continue with new appliances, built-in garage cabinetry, epoxy garage flooring, a walk-in attic, and a hardwired security system. Outside, your private retreat awaits with an in-ground pool built in 2023, a screened-in porch, outdoor kitchen, stamped concrete, a brick-enclosed backyard, above-ground hot tub, large custom wood-burning fireplace, natural gas grill, and fire pit. A full irrigation system keeps the landscaping looking its best. Located in a great school district and conveniently close to restaurants, grocery stores, and shopping, this is more than a home-it's a one-of-a-kind custom property designed for luxury, entertaining, and everyday living. A rare opportunity to own something truly special in Gaston Country Club!",,,not_found,none
3,ROY,K PARKER,,129 Deepwater Dr,Stella,699000,http://coastland.com/,,"Welcome to the coastal lifestyle you've been dreaming of! Meticulously maintained and lovingly cared for, this beautiful 3-bedroom, 2-bath home offers the perfect combination of peaceful country living and easy access to the coast. Located in River Oaks Plantation a water-access community with a private boat slip, boat ramp, and dock, this is a true boater's dream! Also located in the award winning Croatan High School district. Inside, you'll find over 2,400 square feet of comfortable living space featuring a formal dining room, dedicated office, and spacious bedrooms. The home has been exceptionally well cared for and is truly move-in ready. But the possibilities don't stop there! The expansive unfinished basement offers over 2,000 square feet of potential for additional living space, recreation, a workshop, storage, or whatever your lifestyle requires. Outside, enjoy a large, private yard and a spacious 2-car garage, providing plenty of room for vehicles, boats, water toys, and all your coastal gear. The large back deck is the perfect place to relax, entertain, or unwind in the exceptional Trainer 18 D swim spa. With more than 40 jets, this swim spa is perfect for fitness training, exercise, hydrotherapy, or simply soaking away the stresses of the day--and it is in excellent condition! For those who love being on the water, the location is hard to beat. Launch your boat and be on the Intracoastal Waterway within minutes from the White Oak River. Spend the day fishing, crabbing, cruising, or exploring the waterways, then take the boat into historic downtown Swansboro for waterfront dining, shopping, and entertainment. Whether you're searching for a full-time coastal home, a weekend retreat, or a place where you can truly embrace the boating lifestyle, this property offers an incredible opportunity. Peaceful surroundings, privacy, abundant space, and exceptional water access come together to create a place you'll be proud to call home. Come experience the coastal lifestyle for yourself!",,,not_found,none
4,Andi,Dirkschneider,17049534329,9601 Pointer Rd Unit 77,Huntersville,535390,,,"Discover the elegance and charm of this Award-Winning 2-Story Home, designed with thoughtful details and modern luxury. With 4 spacious bedrooms, 3 full baths, and plenty of versatile spaces, this home is perfect for families of all sizes. Main Floor Convenience: Enjoy the flexibility of a main-floor bedroom and full bath, ideal for guests or multigenerational living. Gourmet Kitchen: Cook and entertain in style! Featuring an oversized island, stainless steel appliances (including a gas range), and a large walk-in pantry, this kitchen is a chef's dream. Luxurious Primary Suite: Retreat to your oversized primary bedroom, complete with a bonus room-perfect for a home office, gym, or extra walk-in closet. The spa-like primary bath boasts a stunning free-standing tub, perfect for unwinding after a long day. Convenience Meets Style: Includes a two-car garage, covered front porch, and charming outdoor living space. Living at Edgewood Preserve means being close to everything that matters. Whether it's a quick trip to uptown Charlotte, catching a flight, spending a relaxing day boating on Lake Norman, or enjoying some retail therapy at North Lake Mall or Concord Mills, you're just minutes away. And with grocery stores and everyday essentials right around the corner, it's easy to stay connected to the people and places that make life feel full and effortless. **Tour is Representational**",,,not_found,none
3,Luke,Bhothipiti,19192405800,1836 Lumineer Ln,Wendell,399900,,,"**FINAL OPPORTUNITY! SITE FINISHED HARDWOOD FLOORS** Unmatched quality. Situated just a stone's throw from WendellFalls' newest pool amenity, this popular Fletcher comes equipped with all of the details and luxury touches we're known for. Gasstainless range, tankless water heater, 42'' maple cabinets, upgraded primary shower, huge front porch, extensive architectural trimworkand so much more!",,,not_found,none
3,Robin,Mehler,,98 Stonehollow Rd,Fletcher,430000,,,"Easy, low-maintenance living in a convenient Fletcher location! This inviting 3-bedroom, 2-bath, one-level home features a desirable split-bedroom floor plan and a fenced backyard on one of the larger lots in the neighborhood. Trees along the back of the property provide a peaceful, natural backdrop and added privacy, while the large screened-in porch offers the perfect spot for morning coffee, outdoor meals, or relaxing at the end of the day. And because weekends are for living-not mowing-the low monthly HOA fee includes lawn mowing and edging! Just 1.5 miles from Fletcher Park, with walking trails, pickleball courts, ballfields, playgrounds, and more. Coffee shops, restaurants, shopping, and groceries are also just minutes away. Comfortable, convenient, and easy to maintain, this home makes everyday living simple.",,,not_found,none
5,Elmbrook,,,1106 Chasity Trails Ct,Indian Trail,749000,,,Beautifully Appointed Leyton Home Ready for Quick Move-In,,,not_found,none
3,Tonya,Bradford Powell,19194545256,3608 Sunbright Ln,Raleigh,360500,,,"Welcome to 3608 Sunbright Lane! This spacious 3 bedroom, 3 bath home offers an open layout with living and dining areas, plus a versatile bonus room. The kitchen provides ample countertop and cabinet space and eat in dining area. Primary bedroom upstairs, along with two additional bedrooms. Conveniently located near shopping, dining, and major roadways, this home is ready for its next owner. Schedule your showing today!",,,not_found,none
4,Laina,Davis,17047766308,4921 William Caldwell Ave,Charlotte,479000,,,"Welcome to a beautifully maintained home nestled in Charlotte's rapidly growing northeast corridor. This spacious 3-bedroom residence offers an inviting layout with modern flooring, updated cabinetry, and thoughtfully designed living spaces perfect for both everyday comfort and entertaining. The bright, open kitchen features contemporary finishes, ample storage, and a seamless flow into the main living area. Upstairs, generously sized bedrooms and well-appointed bathrooms provide privacy and convenience for the whole family. The outdoor space offers room to relax, play, or personalize to your lifestyle. Located just minutes from the exciting new Farmington Ridge development, this home sits in a thriving area filled with parks, family-friendly activities, and a wide variety of restaurants. Commuting is effortless with quick access to I-485, Harrisburg, University City, and other major Charlotte destinations. A move-in-ready home in an up-and-coming location - the perfect blend of comfort, convenience, and growth.",,,not_found,none
4,Triple,Crown - Hanover Collection,,4004 Jockey Trl,Durham,446990,,,"This new two-story home has space for the whole family. The main floor features a Great Room for great parties, a dining room for lovely lunches, a kitchen for cooking lessons, a separate bedroom ideal for guests and a patio for outdoor living. Upstairs are a versatile loft and three bedrooms, including the owner's suite with a private bathroom.",,,not_found,none
5,Overbrook,Estates - Elmspring Collection,,5318 Vernon Ridge Rd,Huntersville,774995,,,"The elegantly designed Wilburn offers a harmonious blend of elegance and functionality. A soaring two-story foyer extends past a sophisticated dining room into the expansive great room and bright casual dining area, which seamlessly connects to a lovely patio. The gourmet kitchen features a center island with a breakfast bar, abundant counter and cabinet space, a walk-in pantry, and a convenient passthrough to the formal dining room perfect for effortless entertaining. On the second floor, the serene primary bedroom offers a private escape, showcasing a walk-in closet and a relaxing bath complete with a dual-sink vanity, a luxe shower with a seat and drying area, a linen closet, and a private water closet. Three generous secondary bedrooms surround a stunning loft space two of the secondary bedrooms feature walk-in closets and share a well-appointed hall bath, and one offers a private bath. Additional highlights include a lovely first-floor secondary bedroom suite, a flex room just off the great room, convenient everyday entry, easily accessible second-floor laundry, and a two-car garage.",,,not_found,none
4,West,New Bern,,4000 Montford Drive,New Bern,362990,,,"The Wilmington is one of our two-story plans featured at West New Bern offering 3 modern elevations, and offers 4 bedrooms, 2.5 bathrooms, 2,824 sq. ft. of living space, and a 2-car garage. The moment you step inside the home you will be greeted by the foyer which connects you first to a home office, and then to a formal dining room which is perfect for entertaining. The foyer then leads into the center of the home. The open-concept layout integrates the main living area, which is a spacious family room that includes a cozy fireplace. The gourmet kitchen, adjacent to the family room, features stainless steel appliances, center island, ample cabinets, and a large breakfast room perfect for casual dining. Upstairs, there is a spacious primary suite with private bathroom and large walk-in closet. The additional three bedrooms all include walk-in closets, built with comfort. The Wilmington includes versatile loft area that can be a media room, playroom, or home gym. With its thoughtful design and spacious layout, the Wilmington is the perfect place to call home. Do not miss this opportunity to make the Wilmington yours at West New Bern.",,,not_found,none
4,Overbrook,Estates - Dogwood Collection,,5318 Vernon Ridge Rd,Huntersville,641995,,,"The inviting Woodrow II home design offers elegance and comfort. Its inviting front porch opens into a foyer hallway flanked by a versatile flex room. Well-lit by high windows, the expansive great room sets the stage for both relaxation and entertainment. Overlooking a casual dining area with access to the rear yard, the beautifully designed kitchen offers a center island, L-shaped counters and cabinets, and a walk-in pantry. The primary bedroom is a private sanctuary featuring a walk-in closet and a serene bath with a dual-sink vanity, a lavish soaking tub, a comfortable shower, and a private water closet. The second floor centers around a bright, open loft and includes a well-appointed secondary bedroom suite, two secondary bedrooms, and a thoughtfully designed hall bath with dual-sink vanity. Additional highlights include a first-floor office tucked away for added privacy, a powder room close to the main living area, centrally located laundry, and a two-car garage.",,,not_found,none
4,Bristol,Run,,12912 Garffe Sherron Road,Wake Forest,1079500,,,"Thoughtfully designed, the Ballentine features an expansive, easily accessible floor plan for all residents. Two wide front doors lead guests into an open living arrangement of a large family room, dining area, and kitchen with a working pantry. A private primary suite connects to an impressive primary suite bath with a garden tub and super-shower. Additional highlights of the Ballentine include a covered porch with upgraded options, a versatile family-ready room off the garage, and an optional wine room.",,,not_found,none
3,Regency,at Olde Towne - Discovery Collection,,5104 Fountainbridge Ct,Raleigh,438995,,,"The Parkhaven s thoughtful floor plan offers lovely spaces for gathering and quiet retreats. A bright foyer reveals the generous great room, a sizable casual dining area, and the desirable rear covered patio. The well-designed kitchen is complemented by a large center island with breakfast bar, plenty of counter and cabinet space, and a roomy pantry. Highlighting the superb primary bedroom suite are dual walk-in closets and a gorgeous primary bath with a dual-sink vanity, a large luxe shower with seat, linen storage, and a private water closet. Secondary bedrooms, one with walk-in closet, the other with a sizable closet, share a full hall bath. Additional highlights include conveniently located laundry and ample additional storage.",,,not_found,none
3,Donna,Bailey,12528132705,1595 Green Rd,Spring Hope,399900,,,"If you've been searching for a property that offers both peaceful country living and future potential, this nearly 15-acre retreat delivers. With approximately 12 acres fenced, 6 acres cleared, rolling hills, established trails, and a creek, this property is perfect for a homestead, hobby farm, horse property and a family compound. The 3-bedroom home, built in 2018, offers just under 1,200 square feet of efficient, move-in-ready living space. The home features energy-compliant construction, energy-efficient appliances, high-speed internet access, and a wood stove rated to heat up to 1,800 square feet, providing comfort and warmth throughout the seasons. A spacious 3/4 wraparound porch creates the perfect place to relax and enjoy the views of your land. The home is comfortable and ready for immediate occupancy, while offering affordable cosmetic upgrades that make it easy for a new owner to personalize finishes and flooring to match their own style and preferences. Property Highlights Nearly 15 acres Approximately 12 acres fenced Approximately 6 acres cleared Scenic rolling hills Private trails throughout the property Creek on the property 3-bedroom home built in 2019 Just under 1,200 sq. ft. Wood stove rated for up to 1,800 sq. ft. 3/4 wraparound porch Energy-efficient home and appliances Well installed in 2018 Underground power service High-speed internet available Metal carport/barn built in 2022 Chicken coop Raised garden beds Producing peach trees Whether your dream is growing your own food, raising livestock, creating a private retreat, this land is ready to support your vision. Located in an active and growing area with new homes being built nearby, you'll enjoy the rare combination of privacy, infrastructure, and future opportunity. A turnkey homestead today, with room to grow tomorrow.",,,not_found,none
4,Longleaf,Crest,,6621 Azure Heights Ct,Holly Springs,1022995,,,"The elegant Halstead makes an immediate impression with its breathtaking two-story foyer and flanking stairs, revealing the spacious office and lovely dining room that presents views to the soaring two-story great room. Overlooking an inviting casual dining area with rear yard access, the expertly designed kitchen is complemented by a sizable island with breakfast bar, plenty of counter and cabinet space, an expansive walk-in pantry, as well as a butler pantry to the dining room. The second floor is defined by the palatial primary bedroom suite with a relaxing primary retreat and exquisite features including an impressive walk-in closet and a graceful primary bath with dual vanities, large soaking tub, luxe shower with seat and drying area, linen storage, and a private water closet. Secondary bedrooms feature ample closets and private baths. The Halstead also features a generous flex room off the great room, a convenient powder room, an everyday entry, easily accessible laundry, and additional storage throughout.",,,not_found,none
3,Regency,at Holly Springs - Excursion Collection,,205 Regency Ridge Dr,Holly Springs,728995,,,"Impressively planned and beautifully rendered, the Eden leaves an impression from gracious foyer to the expansive great room and beyond. Adjacent to the spacious flex room are a large covered patio and a sizable casual dining area overlooking the well-designed kitchen highlighted by a large center island with breakfast bar, plenty of counter and cabinet space, and a roomy walk-in pantry. The alluring primary bedroom suite is enhanced by a generous walk-in closet and appealing primary bath with dual-sink vanity, a large luxe shower with seat, linen storage, and a private water closet. Secondary bedrooms feature sizable closets and share a full hall bath. Additional highlights include a convenient everyday entry, centrally located laundry, and plenty of additional storage.",,,not_found,none
3,Toll,Brothers at Ocean Isle Palms,,1546 St Lucia Dr,Shallotte,475995,,,"The thoughtfully designed Bellwood is ideal for a variety of lifestyles. An inviting foyer flows into a stunning great room and a bright casual dining area with access to the rear yard. Rounding out the heart of the home is an L-shaped kitchen featuring a generous center island with breakfast bar and a convenient pantry. Relax in the primary bedroom complete with a large walk-in closet and a serene primary bath featuring a dual-sink vanity, a luxe shower, linen storage, and a private water closet. Secondary bedrooms offer ample closets and have access to a full hall bath. Other desirable features include an everyday entry with drop zone, conveniently located laundry, and plenty of storage space.",,,not_found,none
3,Griffith,Lakes - Cottage Collection,,2525 Griffith Lakes Pkwy,Charlotte,574995,,,"From its cozy porch and elegant entry revealing a spacious flex room with tray ceiling to its open living areas, the Dean welcomes you home. A bright, casual dining area overlooks the well-designed kitchen with large center island with breakfast bar, ample counter and cabinet space, and sizable walk-in pantry. The marvelous primary bedroom suite is enhanced by dual walk-in closets and charming primary bath with dual-sink vanity, large soaking tub, luxe shower with seat, linen storage, and private water closet. Central to a generous loft, secondary bedrooms feature walk-in closets and shared hall bath with dual-sink vanity. Additional highlights include a thoughtful workspace, convenient powder room and everyday entry with drop zone, centrally located laundry, and additional storage.",,,not_found,none
3,Regency,at Holly Springs - Journey Collection,,205 Regency Ridge Dr,Holly Springs,601995,,,"The Westview is ideally designed with the entertainer in mind. The gracious foyer flows past a large flex room and then onto the well-designed kitchen, complemented by a large center island with breakfast bar, plenty of counter and cabinet space, and an ample walk-in pantry. Perfect for easy entertaining, kitchen overlooks the casual dining area, great room, and covered patio beyond. The gracious primary bedroom suite is highlighted by a sizable walk-in closet and an appealing primary bath with a dual-sink vanity, a large luxe shower with seat, and a private water closet. Secondary bedrooms feature ample closets and shared hall bath. Additional highlights include a generous flex room, an easily-accessible laundry, a convenient powder room, and plenty of additional storage.",,,not_found,none
3,Regency,at Olde Towne - Excursion Collection,,5104 Fountainbridge Ct,Raleigh,589995,,,"The Devin is a joy to come home to. Through the lovely foyer, the expansive great room overlooks the large covered patio, and is adjacent to a bright casual dining area and the well-designed kitchen offering a large center island with breakfast bar, ample counter and cabinet space, and a roomy walk-in pantry. Complementing the gorgeous primary bedroom suite are a generous walk-in closet and beautiful primary bath with dual vanities, a large luxe shower with seat, linen storage, and a private water closet. Large secondary bedrooms provide versatile entertaining and living options plus a shared hall bath with separate vanity area. Additional highlights include a convenient powder room, an everyday entry, a centrally located laundry, and additional storage throughout.",,,not_found,none
3,The,Point,,296 Marvel Drive,Rolesville,368990,,,"The Emma is a thoughtfully designed single-story home that offers comfort, style, and convenience across 1,606 square feet. With three bedrooms and two full baths, this home is ideal for those seeking a low-maintenance lifestyle without compromising on thoughtful design.At the heart of the home, the open-concept kitchen, dining area, and family room are perfect for daily living and entertaining. The kitchen features a large center island with a built-in sink, creating a functional space for meal prep and casual dining. Double windows in the main living area let in an abundance of natural light. The primary bedroom is set apart from the secondary bedrooms and features a spacious walk-in closet and a private bath with a walk-in shower and dual sinks. Two additional bedrooms offer flexibility for guests, a home office, or a hobby room.A rear-load two-car garage enhances curb appeal and with its smart layout and inviting spaces, the Emma offers the ease of one-level living in a home designed for the way you live.",,,not_found,none
4,Kernodle,Landing,,1516 Reese Ct,Burlington,449700,,,"Introducing the Richmond at Kernodle Landing, an ideal retreat with spacious homesites, modern amenities, and quick access to outdoor recreation. This move-in ready Richmond spans 2,513 square feet across three floors, with four bedrooms, two full baths, a powder room, and a two-car garage. The great room opens under a vaulted ceiling that rises to the second floor, drawing in light and giving the main level a sense of real volume. The kitchen centers on a generous island that handles both prep and plating with ease. The primary suite sits on the main level, tucked away from the shared spaces, with its own bath close by. Upstairs, three additional bedrooms and a loft give everyone room to spread out. The loft works well as a workspace or hangout spot between the bedrooms. There is still time to personalize this home with your choice from our available Design Collections. Current pricing reflects base and structural options; final pricing may adjust once selections are made. Your new home features: A screened porch and deck extend your outdoor living space. Wrap-around porch adds covered space at the front and sides. Primary bath includes a dual vanity and walk-in tile shower. Hall bath also features a dual vanity for busy mornings. Freeslide shelving keeps storage organized throughout the home. Experience the space, design, and location for yourself. Schedule a private tour today.",,,not_found,none
4,Boulder,Ridge,,2047 Boulder Ridge Dr,Gastonia,406990,,,"Welcome to 2047 Boulder Ridge Drive, Gastonia, North Carolina - a beautifully designed new construction home built by M/I Homes. This 2-story home offers 2,542 square feet of thoughtfully planned living space, featuring 4 bedrooms and 3 bathrooms. Step inside to discover an open-concept living space that creates a seamless flow between gathering areas, ideal for both everyday living and entertaining. The quality of design is evident throughout, with carefully selected finishes and attention to detail in every room. The owner's bedroom includes a private en-suite bathroom, providing a comfortable retreat at the end of the day. Key Features: 4 bedrooms and 3 bathrooms 2,542 square feet of living space 2-story floorplan with open-concept living space Owner's bedroom with en-suite bathroom Private patio for outdoor enjoyment 2-car garage Located along Boulder Ridge Drive, this established neighborhood offers a welcoming setting surrounded by quality homes and convenient access to local parks. With thoughtfully designed homes and nearby opportunities for outdoor recreation, it's a great place to enjoy both everyday living and the outdoors. This Quick Move-In home combines functional design with quality construction, offering a well-built living space in a desirable Gastonia neighborhood. The patio extends your living area outdoors, while the surrounding area provides easy access to parks and green spaces for an active l...",,,not_found,none
5,Spring,Grove,,1104 Yellow Springs Drive,Huntersville,688990,,,Build up to 6 bedrooms and 5 bathrooms in this stunning new construction home. Contact our team today for more information!,,,not_found,none
4,Williams,Grove,,3244 Shannon Woods Ln,Apex,795000,,,"Take a look at the Lambert at Williams Grove, an ideal setting for outdoor recreation and convenient access to shopping and dining. This Lambert delivers 3,064 square feet across two floors, four bedrooms, three full baths, and a two-car garage. A bedroom and full bath just off the foyer sit apart from the main living areas, giving guests a private space. The kitchen pairs white perimeter cabinetry with Admiral-blue island cabinets, Miami Oro granite countertops, and a full GE stainless suite including a wall oven, gas cooktop, and hood, opening into the family room where the electric fireplace adds warmth. The screened patio off the back stretches the living space past the rear wall. Upstairs, the primary suite includes a walk-in closet and a bath with a garden tub, frameless glass shower, and Miami White countertops, while two additional bedrooms share a dual-vanity bath with Blanco Maple countertops. Vinyl plank flooring in Polaris Plus Lighthouse runs through the entire house. Standout features: Soft-close doors and drawers throughout the cabinetry. A utility sink is included in the laundry room. The front door is painted Tricorn Black with navy siding and stone accent. LED lighting is installed in the family room. Don't miss the opportunity to call this home. Book your private showing and explore every detail in person.",,,not_found,none
5,Williams,Grove,,330 Macon Lake Dr,Apex,848685,,,"Meet the Lorraine at Williams Grove, an ideal setting for outdoor recreation and convenient access to shopping and dining. This Lorraine delivers 3,372 square feet across two floors, five bedrooms, four full baths, a powder room, and a three-car garage. A private entrance opens into the multigenerational suite, where a kitchenette, full bath, and living area operate independently. The kitchen features white Brellin Purestyle perimeter cabinets, Admiral island cabinets, Miami Oro granite countertops, and a GE stainless steel gas cooktop, wall oven, and dishwasher. Vinyl plank flooring in Lighthouse runs throughout, and the covered patio extends the living area outward. Upstairs, the primary suite offers a sitting area, walk-in closet, and a bath with Miami White countertops and a built-in shower seat. Three more bedrooms, each with a walk-in closet, and a laundry room with a utility sink complete the upper floor. The separate suite gives extended family space without disrupting the rest of the home. Key features include: An electric fireplace anchors the main living area. Soft-close doors and drawers throughout the cabinetry. Cumberland Tudor brick and Tennessee Ledgestone shape the front exterior. A black front door and bronze gutters complete the exterior palette. Make your move before this home is gone. Book a private showing and see it firsthand.",,,not_found,none
3,Trestle,Ridge at Brunswick Forest,,4501 Abberley Way,Leland,469990,,,"Take a look at the Garland at Trestle Ridge at Brunswick Forest, an amenity-rich community minutes from beaches, dining, and outdoor recreation. This move-in ready Garland puts 2,319 square feet to work across two floors, with three bedrooms, two full baths, a powder room, and a two-car garage. The kitchen centers the main level with Aristokraft white cabinets, soft-close doors, crown molding, Arctic White quartz countertops, and GE stainless appliances including a wall oven and gas cooktop. A screened patio off the main level keeps the connection to the outdoors comfortable no matter the season. The primary suite sits on the main floor with a walk-in closet and an ensuite bath finished in Blanco Maple countertops. three bedrooms and a hall bath with dual vanities occupy the upper floor, along with a glass-door study. Vinyl plank flooring runs through the main living spaces while Shaw carpet carries through the bedrooms. Mudroom cubbies with a bench just off the garage give bags and gear a home before anything reaches the rest of the house. Key features include: The electric fireplace adds warmth to the family room. The screened patio extends the main level into the outdoors. Exterior trim in Arctic White pairs with Tidewater shutters and front door. Graysburg brick accent and Ledgestone Pennsylvania stone finish the front exterior. This home won't last long! Schedule your private tour today and see all that this incredible property has to offer.",,,not_found,none
4,Boulder,Ridge,,2048 Boulder Ridge Dr,Gastonia,431990,,,"Welcome home to the Savoy II! This beautiful home boasts 4 bedrooms, 3.5 bathrooms, a loft, a back patio, an open-concept main living area, and a 2-car garage. Step through the covered front porch and into the foyer. You'll first come across a front-facing bedroom with a walk-in closet and an en-suite full bathroom, making it an ideal guest bedroom. Step past the staircase to find the open-concept main living area. Your gorgeous kitchen flows effortlessly with the great room, creating a space perfect for entertaining. This kitchen offers a spacious center island, L-shaped countertops, and a convenient walk-in corner pantry, making it the perfect space for all your culinary needs. Access the 2-car garage and a powder room through the interior garage door tucked away in a corridor just off the kitchen. Head upstairs to find your private owner's suite, 2 more secondary bedrooms, the laundry room, and the spacious loft. Your owner's suite functions as your in-home getaway and sits just off the second-floor landing. Your spacious en-suite owner's bath comes standard with a dual-sink vanity, a large shower, a private water closet, and a massive walk-in closet. As part of our All In program, the Savoy II includes many features typically considered upgrades, giving you exceptional value with clear, upfront pricing. Contact us today to learn how to personalize the Savoy to fit your wants and needs!",,,not_found,none
3,Pinewood,,,6242 Raystone Way,Leland,399990,,,"Take a look at the Garland at Pinewood, an active outdoor lifestyle with pool, courts, and minutes from beaches and golf. This move-in ready Garland brings 2,319 square feet across two floors, with three bedrooms, two full baths, a powder room, and a two-car garage. The kitchen sits at the center of the main level, dressed in white Aristokraft Elkins cabinets, Quartz Blanco Maple countertops, and a GE Profile electric cooktop paired with a stainless steel wall oven and hood. Vinyl plank flooring in Wild Dunes runs underfoot through the living areas, connecting the kitchen to the screened patio just beyond, where evenings stretch past dinner. The primary suite occupies its own corner of the main floor, with a walk-in closet and an ensuite bath finished in Blanco Maple with dual vanities. Upstairs, three bedrooms and a flex room share the second floor alongside a hall bath with dual vanities. On busy nights, dinner comes together at the island while the screened patio waits to take the rest of the evening outside. Your new home features: Graysburg brick pairs with Pennsylvania Ledgestone at the front. Accent siding in Harbor Blue adds contrast to the exterior. A matte black metal roof completes the exterior palette. Exterior flood lighting covers the property after dark. See what sets this home apart. Schedule a private showing and imagine life here.",,,not_found,none
4,Serenity,- The Cottage Collection,,19 Restful Pt,Fuquay Varina,398690,,,"Bring your design and lifestyle inspirations to life with The Springhill floor plan by David Weekley Homes in the Raleigh area. Natural light and your style will create a picture-perfect setting for the cherished memories you'll build in the open-concept gathering spaces. The chef's kitchen provides a dine-up island and an effortless layout. A welcoming study and serene patio present lovely spaces to achieve goals and celebrate your accomplishments. Start each day refreshed in the Owner's Retreat, which includes a walk-in closet and a serene Owner's Bath. Two spare bedrooms help everyone find a space they can make uniquely their own. Contact the David Weekley Homes at Serenity Team to learn more about building this new home in Fuquay Varina, NC.",,,not_found,none
3,Pinewood,,,7411 Linda Vista Ln,Leland,369000,,,"Step into The Bancroft, where easy main level living awaits to simplify your lifestyle. Discover the spacious primary suite, boasting an ensuite bathroom and a walk-in closet conveniently located just off the family room, ensuring comfort and convenience at every turn. As you enter through the foyer, you'll be greeted by two generously sized bedrooms that share a full bathroom, providing ample space for relaxation and rejuvenation. Transitioning further into the home, the open concept design seamlessly integrates the kitchen, dining space, and family room, creating a welcoming environment ideal for entertaining and making cherished memories with loved ones. Embrace the functionality and style of The Bancroft where every detail is crafted to enhance your living experience.",,,not_found,none
5,Highland,Ridge,,945 Walker Ridge Way,Willow Spring,599990,,,"Move-In Ready. Discover the York Basement at Highland Ridge by Ryan Homes in Willow Spring, NC. This thoughtfully designed home features an open-concept first floor with a spacious kitchen offering a walk-in pantry, stainless steel appliances, quartz countertops, and a gas range. A formal dining room adds the perfect space for hosting dinner parties or enjoying everyday meals. A main-level guest suite provides comfort and convenience for visitors. Upstairs, you'll find a luxurious primary retreat with two oversized walk-in closets, along with a versatile loft and three additional spacious bedrooms, plenty of room for everyone. The basement offers even more living potential, complete with a full bathroom and generous storage space. Situated on a beautiful wooded homesite, this home can be enjoyed from the privacy of the covered back deck. Ideally located near top-rated Wake County schools and offering easy access to I-540, Route 55, and Route 42, you'll be just minutes from shopping, dining, and everyday conveniences. Start your homebuying journey today.",,,not_found,none
4,Enclave,at Bells Lake,,4900 Overeasy Drive,Apex,594990,,,"The Seneca single-family home exudes style and substance. Beyond the foyer, the versatile flex area sets the tone as a library, office or guest suite. Serve dinner in the functional dining room, or the grand kitchen and dining space, which flow effortlessly into the wide open family room. Add a covered porch for outdoor living. Upstairs, 3 spacious bedrooms each include a walk-in closet, and one features its own full bath. Another full bath and a loft provide comfort for friends and guests. Your luxury owner's suite features two walk-in closets and a dual vanity. You'll love The Seneca.",,,not_found,none
4,Brookshire,Estates,,210 Bluebell Street,Sanford,394990,,,"The Seneca single-family home exudes style and substance. Beyond the foyer, the versatile flex area sets the tone as a library, office or guest suite. Serve dinner in the functional dining room, or the gourmet kitchen and dining space, which flow effortlessly into the wide-open family room. Add a covered porch for outdoor living. Upstairs, 4 spacious bedrooms each include a walk-in closet, and one features its own full bath. Another full bath and a loft provide comfort for friends and guests. Your luxury owner's suite features two walk-in closets and a dual vanity. You'll love The Seneca.",,,not_found,none
5,Ravenfield,,,7005 Rockland Drive,Charlotte,436990,,,"Welcome to Ryan Homes at Ravenfield! The Meridian has an open layout, abundant natural light, and effortless patio connection, it's ideal for both everyday living and special gatherings. The gourmet kitchen with oversized island, flexible first-floor bedroom and bath, and bright loft space upstairs make this home as versatile as it is stunning. Whether you're entertaining guests or enjoying quiet family time - the Meridian seamlessly accommodates different needs, providing an exceptional balance of luxury and practicality for today's growing families. At Ravenfield, you'll be just minutes from Uptown Charlotte, close to I-85 and I-485, and less than two miles from the Tom Hunter light rail station, making commuting simple while still enjoying a peaceful setting. Shopping, dining, and daily essentials along University City Blvd are only a short drive away, with Target and Atrium Health University City also close for added ease.",,,not_found,none
3,Baker,Farm,,15 Baker Farm Dr,Youngsville,371900,,,"The Aberdeen is a single-story home featured at Baker Farm in Youngsville, NC. Offering approximately 1,902 square feet, this thoughtfully designed floor plan features 3 bedrooms, 2 bathrooms, and a 2-car garage. The layout is centered around a spacious main living area where the kitchen, dining room, and family room come together to create a comfortable space for everyday living and entertaining. The kitchen features quartz countertops, stainless steel appliances, a large island, and a pantry that provides additional storage. Positioned toward the rear of the home, the primary suite offers a private retreat with a walk-in closet, dual vanities, and a walk-in shower. Two additional bedrooms and a full bathroom provide flexible space for family members, guests, or a home office. A covered porch creates a welcoming outdoor extension of the home, offering a place to relax and enjoy time outside. Throughout Baker Farm, spacious homesites and open outdoor areas create opportunities to enjoy everyday moments outdoors while remaining close to the conveniences of Youngsville and Wake Forest. With its single-level design, open living spaces, and practical layout, the Aberdeen offers a comfortable home that balances function and flexibility at Baker Farm.",,,not_found,none
4,The,River District - Excursion Collection,,5217 Hollow Branch Rd,Charlotte,846578,,,"The Savannah floor plan by David Weekley Homes in The River District brings together thoughtful design, elevated finishes, and a fresh new lifestyle surrounded by nature. Abundant natural light streams through oversized, energy-efficient windows, illuminating the open-concept family and dining spaces and creating a bright, welcoming atmosphere throughout the home. The contemporary kitchen is designed for both everyday living and entertaining, featuring a center island, corner pantry, and open sight lines that connect seamlessly to the dining and family rooms. A main-level bedroom and full bath provide a private and versatile space for guests, family, or a home office, plus a spacious upstairs retreat, and inviting outdoor living spaces offer plenty of room to work, relax, and gather. Step outside to the extended covered back porch and enjoy the tranquility of a private, wooded backyard-a peaceful backdrop for morning coffee, evening entertaining, or simply unwinding surrounded by nature. Upstairs, the spectacular Owner's Retreat offers a relaxing escape with an en suite Owner's Bath and generous walk-in closet. Additional bedrooms feature spacious closets and privacy, creating comfortable spaces for everyone to grow and recharge. Located in The River District, this home offers more than beautiful design-it introduces a new way of living in Charlotte, with nature trails, parks, greenways, gathering spaces, and an exciting collection of lifestyle amenities design",,,not_found,none
5,Brandon,Creek,,3203 Liberty Elm Lane,Gastonia,386990,,,"The Hayden is one of our two-story plans featured at Brandon Creek in Gastonia, North Carolina, offering 3 modern elevations and a secondary bedroom on the main floor. This spacious and modern two-story home features five bedrooms, three bathrooms, and a two-car garage. Upon entering the home, you'll be greeted by an inviting foyer leading into the center of the home with a connecting home office off to the side. This open-concept space features a large living room, dining area, and functional kitchen. The kitchen is equipped with a walk-in pantry, stainless steel appliances, and center island with a breakfast bar. Also located on the first floor off the living room is a convenient guest bedroom and full bathroom. The second floor of the Hayden features a spacious primary suite, complete with a walk-in closet and full bathroom with dual vanities. The additional three bedrooms on this floor share a third full bathroom. There is also an upstairs loft space perfect for family entertainment, gaming, or a cozy reading area. With its luxurious design and versatility, the Hayden is the perfect place to call home.",,,not_found,none
5,Secrest,Commons,,1076 Secrest Commons Drive,Monroe,413990,,,"The Robie is one of our two-story plans featured at Secrest Commons in Monroe, NC offering 3 modern elevations. This home offers five bedrooms, three bathrooms, and a two-car garage. Upon entering the home, you'll be greeted by a foyer which invites you in the center of the home. At the heart of the home is a spacious living room and dining room that blends with the kitchen, creating an airy feel. The chef's kitchen is equipped with modern appliances, ample cabinet space, walk-in pantry, and breakfast bar, perfect for cooking and casual dining. Adjacent to the kitchen is a bedroom, providing privacy and comfort. The home features a primary suite, complete with a walk-in closet and en suite bathroom featuring a shower with dual vanities. The additional three bathrooms are spacious and have access to a secondary bathroom. The loft offers a flexible space that can be used as a media room, playroom, or home gym. The laundry room completes the second floor. With its thoughtful design, spacious layout, and modern conveniences, the Robie is the perfect place for you. Do not miss this opportunity to make the Robie yours at Secrest Commons.",,,not_found,none
3,Cannon,Manor,,9900 Manor Vista Trail,Kannapolis,547990,,,"Step into the charming Rainier plan! At the heart of this home, you'll find a welcoming open layout, featuring a great room, a dining area, and a kitchen with a center island and a walk-in pantry. Upstairs, there's a loft waiting to be transformed, along with two secondary bedrooms-one with a walk-in closet. The primary suite is also on this level, showcasing a large walk-in closet and a private bath. The Rainier also includes a main-floor private study. Boasting modern style and versatile design, this plan is a must-see. Options: Fireplace at great room Covered patio off great room Fourth bedroom in lieu of loft Fifth bedroom in lieu of study",,,not_found,none
3,Rydele,Heights,,823 Adelston Ln,Asheville,426000,,,"Come see 820 Adelston Ln, one of our available homes in Rydele Heights. The Penwell is one of our two-story plans featured at Rydele Heights in Asheville, NC. This gorgeous two-story home with impressive comfort, luxury, and style offers three bedrooms, two and a half bathrooms, and a two-car garage. Upon entering, you are greeted by a foyer that invites you directly into the center of the home. At its heart, you'll find a spacious family room that blends with the kitchen, creating an expansive and airy feel. The kitchen is well equipped with a walk-in pantry, stainless steel appliances, and a breakfast bar, perfect for cooking and entertaining. A flex room on the first floor can be used as a home office or craft room. The primary suite features a walk-in closet and en-suite bathroom with dual vanities. The additional two bedrooms provide comfort and privacy and have access to a secondary bathroom. The loft offers a flexible space for a media room, playroom, or home gym. The laundry room completes the second floor. With its thoughtful design, spacious layout, and modern conveniences, the Penwell is the perfect new home for you at Rydele Heights. Pictures are representative.",,,not_found,none
3,Cambridge,Park,,1106 Hardwick Drive,Mebane,402990,,,"The Winston is one of our two-story plans featured at Cambridge Park, offering 3 modern elevations. The Winston is a spacious two-story single-family home, offering 3-5 bedrooms, 2.5-3.5 baths, a 2-car garage, and 2,565 sq ft. of living space. The moment you step inside the home you will be greeted by the foyer which connects you first to a home office, and a convenient powder room. The foyer then leads into the heart of the home. The open-concept layout integrates the main living area, which is a spacious family room that includes a cozy fireplace. The gourmet kitchen, adjacent to the family room, features stainless steel appliances, center island, ample cabinets, and a large breakfast room perfect for casual dining. Past the kitchen at the back of the home, you'll discover the cozy primary suite which boasts a walk-in shower, dual vanity with plenty of sink space to share, a roomy walk-in closet. Another special feature about this home is the patio right off the breakfast space. Elevating up to the second floor you will find 3 more secondary bedrooms with ample lighting and spacious closets. The loft offers a flexible space that can be used as a media room, playroom, or fitness space. This conveniently connects into a full bathroom with a tub-shower combo and a laundry closet directly across the hallway. You can inquire about optional 2 bedrooms with the Winston floorplan. With its thoughtful design and spacious layout, the Winston is the perfect place to call home.",,,not_found,none
4,The,Grove at Winston Pointe,,82 Red Jasper Wy,Clayton,475990,,,"Welcome to the Hampshire, one of our two-story plans featured at The Grove at Winston Pointe in Clayton, NC, offering 4 modern elevations. The home features 4-5 bedrooms, 3-4 bathrooms, 3,113-3,130 sq. ft. of living space, and a 2-car garage. Upon entering the home, you'll be greeted by an inviting foyer connecting to a dining room, then lead into the center of the home. This open-concept space features a large living room, dining area, and functional kitchen. The kitchen is equipped with a walk-in pantry, quartz countertops, soft-close cabinets, stainless steel appliances, and center island with a breakfast bar. Also located on the first floor, located off the living room, is a convenient guest bedroom and full bathroom. The Hampshire upstairs features a spacious primary bedroom, complete with walk-in closet, separate sitting room and primary bathroom with a dual vanity. The additional two bedrooms share a third full bathroom. There is an upstairs loft space, perfect for family entertainment, gaming, or a reading area. With its luxurious design the Hampshire is the perfect place to call home. Do not miss this opportunity to make the Hampshire yours at The Grove at Winston Pointe!",,,not_found,none
4,The,Landing at Summerhaven,,3108 Hannaford Drive,Mebane,371990,,,"Welcome to the Hayden, one of our two-story floorplans in The Landing at Summerhaven located in Mebane, North Carolina, and offering 3 modern elevations. The Hayden features 4 bedrooms, 3 bathrooms, 2,511 sq. ft. of living space, and a 2-car garage. Upon entering the home, you'll be greeted by an inviting foyer passing by the flex room, then led into the center of the home. This open-concept space features a functional kitchen overlooking the living room, a breakfast area, a guest bedroom and a full bathroom in the back left of the home. The kitchen is equipped with a corner walk-in pantry, granite countertops, stainless steel appliances, kitchen island, and a breakfast area. From the breakfast area you can step out onto the back patio, perfect for entertaining guests or relaxing after a long day. The second floor hosts the spacious primary bedroom and primary bathroom boasting two walk-in closets, a walk-in shower, dual vanity, and separate water closet for ultimate privacy. The additional three bedrooms share a third full bathroom the upstairs loft space is perfect for family entertainment, work out area, or a reading space. The laundry room completes the second floor. With its luxurious design and ample space, the Hayden is the perfect place to call home. Do not miss this opportunity to make the Hayden yours at The Landing at Summerhaven. Contact us today to schedule a personal tour!",,,not_found,none
5,Wallace,Springs,,103 Old Home Road,Statesville,428990,,,"The Georgetown is one of our two-story plans featured at Wallace Springs in Statesville, North Carolina, offering 2 modern elevations. This home offers five bedrooms, three and a half bathrooms, and a three-car garage. Upon entering, you'll be greeted by the great room that leads to the center of the home. This impressive space offers a large family room, dining room, recreational area, and a modern kitchen equipped with a walk-in pantry, stainless steel appliances, and center island. Adjacent to the kitchen is a versatile bedroom with an en-suite bathroom that provides privacy and comfort. You'll find the primary suite on the second floor, with an en-suite bathroom, dual vanities, and large walk-in closet. Three additional bedrooms are located on the second floor. One has its own private bath, and the remaining two have a shared bathroom. To complete the second floor, there is a large recreational space to use as an office, bonus room, or home gym. With its thoughtful design and spacious layout, the Georgetown is the perfect place to call home at Wallace Springs.",,,not_found,none
5,The,Grove at Matthews Landing,,105 Hanging Elm Ln,Fuquay-Varina,385990,,,"The Hanover is a spacious two-story home offering 2,804 sq. ft., 5 bedrooms, 3 bathrooms, and a 2-car garage at The Grove at Matthews Landing. A first floor bedroom and full bathroom provide flexibility for guests or multi-purpose living. The open-concept main level features RevWood flooring, a large family room, dining area, and kitchen complete with quartz countertops, stainless-steel appliances, walk-in pantry, and oversized island. The second floor includes a spacious loft, private primary suite, three secondary bedrooms, a full bathroom, and a conveniently located laundry room. The Hanover combines modern design with flexible spaces designed for everyday living. *Photos are for representational purposes only.",,,not_found,none
4,The,Estates at Horton Park,,7505 Percussion Drive,Apex,734990,,,"Discover new homes in Apex, NC at The Estates at Horton Park, conveniently located just off Ten-Ten Rd. This community offers easy access to major roadways and Downtown Apex, making commuting simple while keeping everyday essentials close to home. Located close to Hwy 55, Knights Play Golf Center, Historic Yates Mill County Park, RDU International Airport, Pleasant Park, and Downtown Raleigh, The Estates at Horton Park provides the perfect balance of suburban comfort and city accessibility. Grocery stores, restaurants, shopping, and entertainment are just minutes away, providing the convenience today's homeowners are looking for. Community amenities will include a pool and bathhouse - plus, walking trails throughout the community connect to the Middle-Creek Greenway for leisurely afternoon strolls. New homes in The Estates at Horton Park range from 3,112-3,396 sq. ft. and feature 4+ bedrooms, 3+ bathrooms, and 2-car garages. The open floorplan designs are perfect for entertaining, while the LED lighting adds a modern touch and creates a warm, inviting ambiance. Modern finishes and smart home technology provide both comfort and style. Kitchens with quartz countertops, ceramic tile backsplashes, and stainless-steel appliances create a clean and functional space for cooking, gathering, or entertaining friends. The Estates at Horton Park is a place where homeowners can settle in, create memories, and enjoy the comfort of a thoughtfully designed community. With its prime loc",,,not_found,none
4,The,River District - Excursion Collection,,7250 Westrow Avenue,Charlotte,728990,,,"Make your new home dreams a reality with the innovative McCroy floor plan by David Weekley Homes in The River District. The chef's kitchen provides a dine-up island and plenty of storage and prep space. The front door opens onto the welcoming open-concept family and dining space, exquisitely crafted for hosting celebrations or enjoying quiet evenings in. Guest bedrooms provide ample privacy and individual appeal on both levels of the home. Leave the outside world behind and lavish in your Owner's Retreat, featuring a serene sitting area, superb Owner's Bath and sprawling walk-in closet. A quiet study sits beside the spacious covered porch on the first floor while the upstairs retreat opens out onto a covered balcony, making this home a spectacular place for a hosting holiday celebrations. Experience the LifeDesign advantages of your new home in The River District of Charlotte, NC.",,,not_found,none
4,Grayson,Park Single-Family,,2008 Willowleaf Drive,Leland,393990,,,"The Litchfield is one of our most desirable single story homes. High ceilings and lots of windows create a bright and airy entertaining space. Open concept design with plenty of room for everyone to gather around the huge kitchen island. A large gourmet kitchen that features a large island, granite countertops, walk-in pantry, and stainless-steel appliances. Luxury Vinyl Plank flooring is included throughout the home, giving you a wood-like look with the durability to handle all your beach days . The split bedroom plan creates a private primary bedroom suite featuring two walk-in closets and a spacious en suite bath. There are three bedrooms at the front of the home with a full bathroom as well as laundry room. Spend the end of your days on the oversized covered screened porch that has plenty of room for relaxing and entertaining. Home Is Connected(R) Smart Home Technology is included in your new home and comes with an industry-leading suite of smart home products including touchscreen interface, video doorbell, front door light, z-wave t-stat, & door lock all controlled by smartphone app with voice! The photos you see here are for illustration purposes only, interior and exterior features, options, colors and selections will differ.",,,not_found,none
4,Oak,Grove Hill,,7009 Butternut Oak Terrace,Huntersville,556990,,,"The Hampshire is a two-story plan featured in Oak Grove Hill in Huntersville, NC. The Hampshire offers four bedrooms, three bathrooms and a two-car garage. Step inside to discover an expansive living space that caters to the needs of modern living. The heart of this home is the gourmet kitchen, it features high-end stainless-steel appliances, elegant granite countertops with tile backsplash, a center island, and abundant storage space. Escape to the primary suite, a spacious sanctuary completed with a comfortable bedroom area, en-suite bathroom with a soaking tub, a separate shower, and dual vanity. It also includes a walk-in closet and a sitting room. In addition to the primary suite, the Hampshire offers multiple bedrooms, ensuring privacy and comfort for every member of the household. Flex rooms can be customized to fit your specific needs. With its impressive features and versatile living spaces this home is sure to exceed your expectations. Do not miss this opportunity to make this home yours at Oak Grove Hill in Huntersville, NC.",,,not_found,none
4,Montrose,,,563 Whinefield Pl,Aberdeen,564000,,,"Welcome to Montrose by Davidson Homes. The perfect blend of modern design and functional living! This curated Beech floorplan home is currently under construction and is estimated to be complete by November 2026. This stunning 4-bedroom, 4-bathroom is 3,789 sq ft and features a gourmet kitchen, cozy fireplace, and luxurious spa shower and soaking tub. The thoughtfully designed layout includes a convenient first-floor guest bedroom with full bath, perfect for visitors. The heart of the home showcases an open-concept design connecting the spacious gathering room, dining room, and gourmet kitchen with breakfast area - perfect for entertaining and daily living. Upstairs, discover a versatile loft area, great for movies or board games. The primary suite offers a private sitting room to relax with a book. Dream walk-in closet. Two additional bedrooms and full bath complete the second floor. The crown jewel is the third-floor media room with full bath - your personal entertainment retreat! We are conveniently located a few miles from downtown Aberdeen and Southern Pines with a short commute to Fort Bragg. **Beech design with 3rd floor media room ready in November. To tour a finished Beech home schedule a tour of our Beech model home!",,,not_found,none
4,The,Grove at Blake Farm,,93 Lamboll Street,Wilmington,515990,,,"Our prized Forrester floorplan is located in our Blake Farm community in Wilmington, North Carolina. This floorplan is designed for kitchen lovers and entertainers. Inside this 4 bedroom, 3 bathroom home, you'll find 2,644 square feet of comfortable living. Featuring a formal dining room adjoining the kitchen, large island with granite countertops, and open concept living space. There is a screened-in porch located off the kitchen, as well as a guest suite on the first floor. Luxury vinyl plank flooring is included throughout the 1st floor to handle all of your beach days year-round. The primary suite features a walk-in closet, trayed ceiling, a step-in 5-foot shower, dual vanity with granite countertops, and natural light in the bathroom. A large bonus room also makes this home ideal for entertaining or just for extra living space. The Forrester has upgraded options that include an electric fireplace, primary bathroom shower tub and screened porch. Ask a D.R. Horton New Home Specialist for details. This new home comes equipped with an included smart home system with a 7'' touch screen that controls your front door digital lock, front porch light, z-wave thermostat and video doorbell. The system is also controlled via voice command and an included phone app for remote use. Located just north of Wilmington with easy access to Hwy 40, you'll love the short commute to all the areas recreation and attractions. Love shopping and dining? You'll find all the popular shops and l",,,not_found,none
4,Horton,Park,,7505 Percussion Dr,Apex,581490,,,"Discover new homes in Apex, NC at Horton Park, conveniently located just off Ten-Ten Rd. This community offers easy access to major roadways, making commuting simple while keeping everyday essentials close to home. Grocery stores, restaurants, shopping, and entertainment are just minutes away, providing the convenience today's homeowners are looking for. Located close to Hwy 55, Knights Play Golf Center, Historic Yates Mill County Park, RDU International Airport, Pleasant Park, and Beaver Creek Commons, Horton Park provides the perfect balance of suburban comfort and city accessibility. Horton Park is a thoughtfully planned new construction community in Apex, designed to support modern lifestyles. Community amenities will include a pool and bathhouse - plus, walking trails throughout the community connect to the Middle-Creek Greenway for leisurely afternoon strolls. Homes in Horton Park were thoughtfully designed to fit a variety of lifestyles. The open floorplan designs are perfect for entertaining, while the LED lighting adds a modern touch and creates a warm, inviting ambiance. Modern finishes and smart home technology provide both comfort and style. Kitchens with quartz countertops, ceramic tile backsplashes, and stainless-steel appliances create a clean and functional space for cooking, gathering, or entertaining friends. Horton Park offers new homes in Apex, and a place where homeowners can settle in, create memories, and enjoy the comfort of a thoughtfully designed",,,not_found,none
3,Woodland,Crossing,,333 Longleaf Glen Ln,Zebulon,371900,,,"Inside The Ash's handsome exterior lies a coveted, open floor plan. The Foyer welcomes guests past an elegant Dining Room and into a stunning Family Room. The rear Porch offers a calm respite, and the first floor Owner's Suite highlights a massive walk-in closet. On the second floor, the plan offers two additional bedrooms and a generous Bonus Room - perfect for game nights. Make it your own with The Ash's flexible floor plan, showcasing an optional fireplace, a fourth bedroom option and more! Offerings vary by location, so please discuss your options with your community's agent. *Attached photos may include upgrades and non-standard features.",,,not_found,none
3,Founders,Landing | 55+ Community,,3050 Constitution Ln,Gastonia,574900,,,"The Wescott is a three-bedroom, three-bath, two-story home with a home office, formal dining room, kitchen with island and pantry, first-floor primary bedroom with a large shower in the primary bath, and a separate laundry room. This home features a second floor with a loft, bedroom, and full bath.",,,not_found,none
3,Lake,Royale,,225 Rawhide Dr # 1851,Louisburg,399900,,,"New construction Kipling in Lake Royale. 2,835 sq ft | 3 BD | 2.5 BA | Bonus Room | Private Study. Soaring 9' first-floor ceilings, open-concept layout, and a gourmet kitchen featuring 36"" staggered white Maddie cabinets, quartz countertops, tile backsplash, stainless appliances, and an extended island. Luxury primary suite with garden tub, tiled shower, and dual vanity. Upgraded laminate flooring throughout main living areas. Covered front porch, covered rear deck, and attached 2-car garage. Designer lighting package in gold tones, LED flush mounts, and oversized pendant lights.",,,not_found,none
4,Ashland,,,9613 Horton Road,Apex,869000,,,"Welcome to The Aspen, a new and elegant Davidson Homes floor plan perfect to fit everyone's needs. Once entered you will be welcomed with a study, perfect for work, school, and relaxation needs alike. A spacious gathering space coupled with a breakfast area and powder room will be the perfect place for company or everyday activities. Along with a spacious kitchen with an island, offering you plenty of storage space. Explore the main floor and you will find a conveniently located guest bedroom complemented with a full private bath. On the second floor you will find the owner's suite, a beautifully designed bathroom with two sinks, and a large walk-in closet. This will be more than just your bedroom, but your happy place. Upstairs the owner's suite is accompanied by two large and spacious bedrooms and a full bathroom. With a large loft, perfect for any activity, the opportunities are endless. You can make this plan you own by choosing from a variety of options, including adding a third floor with a fifth bedroom and media room! Interested in making the Aspen your new dream home? Reach out to the community's New Home Consultant today.",,,not_found,none
3,Montrose,,,515 Whinfield Place,Aberdeen,417000,,,"The Willow's impressive front porch welcomes you into a modern, open space, complete with a formal Dining Room and Study. The Kitchen overlooks an open-concept Family Room. The second floor features a spacious Owner's Suite with a large walk-in closet and Owner's Bath along with two additional Bedrooms with ample walk-ins closets of their own. Make it your own with The Willow's flexible floor plan, showcasing an optional gourmet kitchen, a fireplace and more! Offerings vary by location, so please discuss your options with your community's agent. *Attached photos may include upgrades and non-standard features.",,,not_found,none
4,Sage,on North Main,,704 Dragonfly Pond Way,Wake Forest,499000,,,"MOVE IN READY! Stunning primary on main, 4-bedroom, 3-bath Birch II E featuring 2,748 sq ft of thoughtfully designed living space in the desirable Sage on North Main community. This impressive home boasts a gourmet kitchen with quartz countertops, cozy fireplace, and luxurious first-floor primary suite with spa shower and expansive closet. The open floor plan seamlessly connects the kitchen's abundant counter space to the dining room and spacious living room, which flows to a large covered porch perfect for entertaining. Upstairs, discover a versatile loft and additional bedrooms, maximizing both comfort and functionality. Enjoy amenities including firepit, dog park, Playground, gazebo, bocce ball court, grilling patio, and charming pocket parks Guy Catoir Sam Fulmer",,,not_found,none
4,Terrace,at Border Creek,,2027 Tiger Eye Ct,Winston Salem,414900,,,"Discover The Wakefield, a versatile floorplan ranging in size from 3,518 square feet. It offers 4 Bedrooms and 2.5 to 3.5 Bathrooms to accommodate diverse family needs. This floorplan provides ample space for comfortable living, catering to smaller or larger families alike. On the first floor, you'll enter a Formal Dining Room. Moving through the Butler Pantry, you'll find a beautiful kitchen that opens into the Great Room, boasting an optional Fireplace. The Wakefield's first floor also includes a generously sized Primary Suite with a spacious Bathroom and a large walk-in closet, offering the perfect retreat within your home. Upstairs, enjoy a beautiful view overlooking the Great Room on the upper floor, or, if desired, you can also supplement the existing Game Room with additional space. The second floor offers three Bedrooms and one Bathroom, with an option to include a second Bathroom to fit your needs. The Wakefield's design is highly adaptable, with various customization options to align with your personal preferences. Create a home that suits your lifestyle and family dynamics, tailoring it with additional Game Room space or a Bathroom, making The Wakefield your perfect space to call home.",,,not_found,none
3,Beaver,Creek,,255 Arey Road,Statesville,384900,,,"The Kipling 2813 is a versatile floorplan designed to grow with your family, offering a connected kitchen-to-living layout with a Butler's Pantry and a True Space Study that adapts to how your family works and lives. It provides ample space for comfortable living, catering to smaller or larger families alike.First FloorOn the First Floor, the Great Room opens to a casual Nook and Kitchen, with a Butler's Pantry bringing extra prep space and storage to the heart of the home. A Dining Room is nearby for shared meals, and the True Space Study provides a dedicated room for focus, creativity, or quiet. A Covered Porch rounds out the main level for easy outdoor living.Second FloorThe Second Floor holds a private Primary Suite, two additional Bedrooms, a shared Bath, a Laundry room, and a generous Game Room where the family has plenty of room to relax together.Make It Yours with True PersonalizationCreate a home that suits your lifestyle and family dynamics with the True Space configured as a Sunroom or an additional Bedroom with Bath, an optional fourth Bedroom through an alternate Second Floor configuration, luxury Primary Bath upgrades including a Garden Tub/Shower, and the option for a Covered or Screened Porch.",,,not_found,none
4,Wendell,Springs,,949 Bright Tavern Way,Wendell,485900,,,"The Winslow 3503 is a versatile 2-story plan offering an expansive Great Room, a dedicated Study, and an upstairs Game Room alongside four spacious Bedrooms. It provides ample space for comfortable living, with a layout that adapts to life's ever-changing needs.First FloorOn the First Floor, a soaring Great Room anchors the main living area, flowing into a casual Nook, a formal Dining Room, and a Kitchen complete with a dedicated Pantry for organized, everyday storage. A private Study creates a quiet space set apart from the heart of the home, while a mudroom entry with a Bench offers a practical transition from the Garage into daily life. A Covered Porch extends the living experience outdoors, right from the main level.Second FloorThe Second Floor is home to a generous Primary Suite, three additional Bedrooms, a shared Bath 2, and a spacious Game Room - giving the upper level a welcoming space to gather, unwind, or simply make the most of time at home.Make It Yours with True PersonalizationCreate a home that fits the way you live with options to add a main-level Bedroom 5 with a dedicated Bath 4, bring warmth and character to the Great Room with a fireplace in gas, electric, or wood-burning configurations, or open the home to the outdoors with an upgraded Covered Porch or a Screened Porch. Upstairs, choose an alternate Second Floor configuration that adds a private Sitting Room to the Primary Suite and a separate Bath 3, and personalize the Primary Bath with a luxury shower or garden tub package to match. For the most expansive version of The Winslow 3503, an optional Third Floor adds a Media/Game Room, a sixth Bedroom, and a full Bath - a home that truly grows to meet the life being lived inside it.",,,not_found,none
4,True,Homes On Your Lot - Mill Creek Cove,,3655 Rivergate Way NE,Leland,402900,,,"The Corbin II by True Homes is a spacious 2,868 sq. ft. traditional-style floorplan designed for comfort and functionality. With 4-5 Bedrooms and 3.5 Bathrooms, this home offers plenty of space for families of all sizes. The First Floor features an inviting Great Room that seamlessly flows into the Dining Room and a well-appointed Kitchen, complete with an optional Butler's Pantry, extended island, and built-in wall oven. A Study provides a dedicated workspace, while a Guest Suite or Bedroom 4 offers a private retreat. Outdoor living options include a Covered Porch and the ability to add a Screened Porch for year-round enjoyment. The 2-car Garage provides ample storage and convenience. The Second Floor boasts a luxurious Primary Suite with spa-like bath options, including a garden tub, tiled shower, and dual vanities. Additional Bedrooms 2 and 3 provide comfortable living spaces, while a Game Room offers flexibility as a secondary entertainment area or an optional Bedroom 5. Customization options such as tray ceilings, closet enhancements, and upgraded bath designs allow you to personalize The Corbin II to fit your lifestyle. Designed with thoughtful details and flexible living spaces, this True Homes floorplan is the perfect place to call home.",,,not_found,none
3,The,Cottages,,218 Prosperous Path,Locust,417900,,,"The Kipling 2813 is a versatile floorplan designed to grow with your family, offering a connected kitchen-to-living layout with a Butler's Pantry and a True Space Study that adapts to how your family works and lives. It provides ample space for comfortable living, catering to smaller or larger families alike.First FloorOn the First Floor, the Great Room opens to a casual Nook and Kitchen, with a Butler's Pantry bringing extra prep space and storage to the heart of the home. A Dining Room is nearby for shared meals, and the True Space Study provides a dedicated room for focus, creativity, or quiet. A Covered Porch rounds out the main level for easy outdoor living.Second FloorThe Second Floor holds a private Primary Suite, two additional Bedrooms, a shared Bath, a Laundry room, and a generous Game Room where the family has plenty of room to relax together.Make It Yours with True PersonalizationCreate a home that suits your lifestyle and family dynamics with the True Space configured as a Sunroom or an additional Bedroom with Bath, an optional fourth Bedroom through an alternate Second Floor configuration, luxury Primary Bath upgrades including a Garden Tub/Shower, and the option for a Covered or Screened Porch.",,,not_found,none
3,Caldwell,Forest,,13114 Foxberry Road,Charlotte,464900,,,"The Dillon is a two-story, three-bedroom, two-and-a-half-bath home with a spacious and open family room, a kitchen with a large pantry, and a separate breakfast area. The second floor features all bedrooms, including the primary bedroom with a dual-sided closet, an additional full bath, a laundry room, and a loft area. Options available to personalize this home include an expanded informal dining area, a covered porch, a screen porch, a sunroom, and a third floor with a bedroom, a full bath, and a second loft area.",,,not_found,none
5,Chasewood,,,10824 Coble Road,Charlotte,590900,,,"The Davidson is a two-story, five-bedroom, three-bath home with a formal living room, formal dining room, spacious family room, kitchen with island and pantry, separate breakfast area, and first-floor guest suite with a full bath. The second floor features four bedrooms, including the primary bedroom with an attached, private primary bath, an additional full bath, a large laundry room, and a loft area.Options available to personalize this home include an office with French doors instead of the formal living room, a first-floor powder room or additional closet, a designer kitchen option, an alternate kitchen layout with a separate butler's pantry, sunroom, screen porch, or covered rear porch, luxury primary bath options, a Jack and Jill bath option, and an optional third floor with bedroom and full bath.",,,not_found,none
3,Parc,Northwest,,1185 Hackney Dr,Elon,430900,,,"Discover The Devin, a versatile floorplan ranging in size from 2,098 to 2,398 square feet, including 3 to 4 Bedrooms and 2.5 to 3.5 Bathrooms to accommodate diverse family needs. This floorplan provides ample space for comfortable living, catering to smaller or larger families alike. On the First Floor, The Devin welcomes you with a Formal Dining Room as you enter the front door. Continue through to a spacious, open Kitchen featuring a Large Kitchen Island. Beyond the Kitchen, you'll find a Large, Open Great Room where you have the option to add a Fireplace and Additional Windows. Completing the First Floor is a generously sized Primary Suite with a spacious Primary Bathroom and a large walk-in closet. On the Second Floor, The Devin boasts two Large Bedrooms, another Bathroom, and a Dedicated Game Room. If you need even more space, consider adding the Optional Bonus Room Area, which is perfect for a Media Room or a Play Room. The Devin design is highly adaptable, with various customization options to align with your personal preferences. Create a home that suits your lifestyle and family dynamics, tailoring it with the features that matter most to you, making The Devin your perfect space to call home.",,,not_found,none
4,Cedar,Ridge,,88 Cedar Ridge Trail,Angier,499900,,,"The Cypress is a two-story, four-bedroom, three-bath home with a side load garage, formal dining room, first-floor guest suite with a full bath, and kitchen with island and pantry. The second floor features the primary bedroom, two additional bedrooms, a hall bath, a convenient upstairs laundry room, and an oversized loft area. Options available to personalize your home include a sunroom, screen porch, or covered porch, a first-floor study with French doors, an expanded informal dining area, a sitting room off the primary bedroom, an additional bedroom upstairs, and an optional third-floor with bonus room or bedroom and full bath.",,,not_found,none
3,Magnolia,Glen Estates,,1010 Brockton Drive,Mebane,451990,,,"The Avery is a ranch-style plan with three bedrooms, two full baths, a spacious family room, a kitchen with an island and pantry, a covered rear porch, an oversized laundry room, and a first-floor primary bedroom. Options available to personalize this home include a covered porch, screen porch, or sunroom, office with French doors or dining room instead of bedroom three, powder room, an extended family room, and an optional second floor with loft, bedroom, and bath options.",,,not_found,none
4,Kilburne,Village,,1006 Kilby Rd,Greensboro,434900,,,"The Cypress is a welcoming two-story home featuring four bedrooms, three full bathrooms, a private first-floor guest suite, a spacious second-floor loft, and a front-load two-car garage. The open-concept design offers a generous family room with a gas fireplace, a designer kitchen with an oversized island, a walk-in pantry, and a bright breakfast area that flows into the expanded informal dining space. Upstairs, the primary suite includes a luxury shower, a walk-in closet, and a tray ceiling, while the loft provides flexible space.",,,not_found,none
4,Cedar,Ridge,,18 Country Haven Ct,Angier,549900,,,"The Cooper is a two-story, three-bedroom, two-and-a-half-bath home with a home office, kitchen with island and walk-in pantry, separate breakfast area open to the great room, and a first-floor primary suite. The second floor features a spacious loft area, a full bath, two large secondary bedrooms, and a fourth bedroom. Schedule your self-guided tour today!",,,not_found,none
4,Kensington,,,440 Black Bear Street,China Grove,475900,,,"Discover The Wakefield, a versatile floorplan ranging in size from 3,518 square feet. It offers 4 Bedrooms and 2.5 to 3.5 Bathrooms to accommodate diverse family needs. This floorplan provides ample space for comfortable living, catering to smaller or larger families alike. On the first floor, you'll enter a Formal Dining Room. Moving through the Butler Pantry, you'll find a beautiful kitchen that opens into the Great Room, boasting an optional Fireplace. The Wakefield's first floor also includes a generously sized Primary Suite with a spacious Bathroom and a large walk-in closet, offering the perfect retreat within your home. Upstairs, enjoy a beautiful view overlooking the Great Room on the upper floor, or, if desired, you can also supplement the existing Game Room with additional space. The second floor offers three Bedrooms and one Bathroom, with an option to include a second Bathroom to fit your needs. The Wakefield's design is highly adaptable, with various customization options to align with your personal preferences. Create a home that suits your lifestyle and family dynamics, tailoring it with additional Game Room space or a Bathroom, making The Wakefield your perfect space to call home.",,,not_found,none
5,Magnolia,Glen Estates,,1619 Wareham Dr,Mebane,524900,,,"The Davidson is a two-story, five-bedroom, three-bath home with a formal dining room, spacious family room, alternate kitchen layout with island and pantry, butler's pantry, separate breakfast area, first-floor guest suite with a full bath, and a sunroom. The second floor features four bedrooms, including the primary bedroom with an attached, private primary bath, an additional full bath, a large laundry room, and a loft area. Schedule your self-guided tour of this home today!",,,not_found,none
4,Savona,,,15613 Northcross Dr,Huntersville,575460,,,"Upgraded KitchenAid(R) Appliances, Over $10K in Cabinet Upgrades!, Under Cabinet Lighting in Kitchen, Main Level Guest Suite, Upgraded Quartz Countertops, Barn Door at Flex Space, Upgraded Crown Molding, Full Tile Shower in Primary Bath, Walk-in Laundry with Lower Cabinets and Sink, Exterior Landscape Maintenance and More!, Hard Surface Floors in Loft and Primary Bedroom",,,not_found,none
4,Mayes,Hall,,13300 Mayes Rd,Davidson,875879,,,"The Devonshire is a 4+ bed, 2.5+ bath home featuring an open floorplan, 2 staircases, and many unique customization options. Inside the Foyer, there is a Living Room to one side and Dining Room to the other. In the main living area, the 2-story Family Room opens to the Kitchen with a large eat-in island. The Kitchen also has a walk-in pantry and hall leading to the Study. Private Study near back stairs can be used as an optional 5th bedroom. Upstairs, the spacious Owner's Suite has a walk-in closet and a private full bath. Bedrooms 2, 3, & 4 share a hallway bath. The Laundry Room is conveniently located on the same floor as all bedrooms. Oversized 2-car garage included. The Devonshire can be customized to include up to 7 Bedrooms and 8.5 Bathrooms. Popular Structural Options: Kitchen Packages: Chefs, Garden, Gourmet, Classic Breakfast Area Sunroom Conservatory First-Floor Guest Suite ILO Study Library Nook Owner's Suite Bath Packages: Tranquility, Venetian, Serenity, Cascade, Eden Loft ILO 2-Story Family Room Bedroom 5 Suite Above Conservatory or ILO 2-Story Family Room Finished Basement Basement Cafe",,,not_found,none
4,Magnolia,Glen,,Huntersville-Concord Road,Huntersville,734757,,,"The Augusta features an open floorplan and first-floor Owner's Suite. An eat-in Kitchen and Breakfast Area are open to the Family Room. The Owner's Suite has a full bath and large walk-in closet. A Study and formal Dining Room are off the front Foyer. The Laundry Room leads to a 2-car Garage. A Loft Area, full bath, and 3 additional bedrooms with walk-in closets are located upstairs. The Augusta can be customized to include up to 5 Bedrooms and 3.5 Bathrooms.",,,not_found,none
4,Tracy,Dowling,18884002513,1058 N Lilac Ln,Salisbury,538900,,,"This spacious 4-bedroom, 3-bath home offers a flexible layout on a beautifully landscaped .62-acre lot. The main level includes a formal dining room, family room, breakfast area, and a bedroom with an attached full bath-ideal for guests, a home office, or additional main-level living space. Upstairs, you'll find additional bedrooms along with a large finished multipurpose bonus room offering plenty of options for a media room, game room, office, or hobby space. Walk-in attic storage provides valuable extra room for keeping things organized. Outside, the brick and siding exterior, covered front porch, mature landscaping, fenced yard, and generous lot create an inviting setting with plenty of outdoor space. A 2-car garage completes this well-designed home with a great combination of living space, storage, and versatility.",,,not_found,none
3,Amara,Chase,,14024 Roosevelt Grove Dr.,Huntersville,678000,,,"Flex Space with Opt. Guest Suite, Drop Zone at Owner's Entry, Opt. Rolling Wall to Covered Outdoor Living, Walk-in Pantry and Laundry Room with Opt. Sink, Opt. Great Room Fireplace, Loft with Optional Guest Suite, Opt. Freestanding Tub in Primary Bathroom, Three Car Tandem Garage with Opt. Home Gym",,,not_found,none
4,Elysian,at Weddington,,Deal Road,Weddington,1203534,,,"The Augusta features an open floorplan and first-floor Owner's Suite. An eat-in Kitchen and Breakfast Area are open to the Family Room. The Owner's Suite has a full bath and large walk-in closet. A Study and formal Dining Room are off the front Foyer. The Laundry Room leads to a 2-car Garage. A Loft Area, full bath, and 3 additional bedrooms with walk-in closets are located upstairs. The Augusta can be customized to include up to 5 Bedrooms and 3.5 Bathrooms.",,,not_found,none
3,The,Meadows Collection at Serenity,,159 Pebble Creek Trl,Fuquay Varina,771703,,,"Discover luxury living in this beautifully designed Poplar Ridge home, where thoughtful details and elegant finishes create the perfect retreat. The Gourmet Kitchen features a separate prep space, making meal preparation and entertaining effortless. Gather with family and friends around the cozy indoor fireplace or extend the experience outdoors to the covered patio with its own fireplace-ideal for enjoying every season. Blending sophisticated design with functional living spaces, this home offers exceptional comfort inside and out.",,,not_found,none
3,McAlister,Creek,,35 Coco Lane,Clayton,374900,,,"The 1,882 sq. ft. Cascades floorplan is designed for modern living, with open spaces and plenty of options to fit your lifestyle. The Great Room, dining area, and kitchen with breakfast bar and walk-in pantry create the perfect hub for entertaining or everyday comfort. The primary suite features a spacious walk-in closet and private bath, while two additional bedrooms and a versatile flex space complete the home. Architects Choice Options for this plan include a study or a 4th bedroom in lieu of the flex room, a screened-in porch or sunroom, and a gourmet kitchen.",,,not_found,none
5,Magnolia,Park,,151 Cucumber Ct,Garner,484137,,,"The Tate floorplan is a striking blend of style, comfort, and thoughtful design, making a lasting impression from the moment you enter. Its open-concept layout seamlessly connects the kitchen with a breakfast bar, dining area, and Great Room, creating a spacious, welcoming environment for everyday living and entertaining. Just beyond the Great Room, a covered porch extends the living space outdoors, perfect for relaxing or hosting guests. A first-floor guest suite with a full bath provides privacy and convenience for visitors or multi-generational living. Upstairs, a versatile loft adds extra space for family activities, study, or leisure. The second-floor owners suite is a private retreat designed for comfort, while bedrooms two, three, and four are thoughtfully positioned, ensuring space and privacy for everyone in the home. With its open layout, abundant living areas, and elegant design, the Tate floorplan balances functionality and sophistication, making it an ideal home for both entertaining and everyday life.",,,not_found,none
3,McAlister,Creek,,93 Coco Ln,Clayton,444841,,,"Designed for easy, single-level living, the Clearwater combines open-concept spaces with thoughtful functionality. The spacious Great Room, kitchen, and dining area create the perfect setting for gathering and entertaining, while the covered veranda extends living outdoors. A private Primary Suite features a large walk-in closet and spa-inspired bath, while two secondary bedrooms and a versatile flex room provide space for family, guests, or a home office. Complete with a mudroom, laundry room, abundant storage, and a 3-car garage, the Clearwater offers comfort and convenience at every turn.",,,not_found,none
5,Riverfall,,,46 Denali Drive,Angier,407900,,,"The 3,185 square foot Voyageur floorplan makes great use of its considerable space with a superbly arranged combination of open and private living areas. A flex room right off the foyer can be used for anything while the Great Room, dining room and kitchen with breakfast island makes entertaining a cinch. The 5th bedroom is on the first floor and could be used as a guest suite. Upstairs, a large loft adds even more living space, while the owners suite and the other 3 bedrooms all have generous walk-in closets. Architects Choice Options for this plan include a study in lieu of the flex room, a screened-in porch or sunroom, a 3-car garage, or a bath oasis in the owners suite.",,,not_found,none
4,Avalon,,,4325 Round Table Drive,Gastonia,444990,,,"The Edisto is a spacious two-story home offered at Avalon in Gastonia, NC. The home features four bedrooms, 3 bathrooms, plus a loft as well as two-car garage. The open concept layer connects the home beautifully, where the inviting foyer greats you upon entering the home and opens you a bedroom and bath on the main level. You are then welcomed into the heart of the home, where the kitchen, dining and large family room meet to create a relaxing atmosphere. The kitchen's stainless-steel appliances, ample cabinet space, large pantry and a center island make it perfect for cooking and entertaining. Upstairs you will discover a large primary suite with a walk-in closet and an en-suite bathroom with dual vanities and a separate tub and shower. The additional two bedrooms provide privacy and comfort and share access to a secondary bathroom. A loft space on the second floor can be used as a media room, home office, or playroom. Additional features include a laundry room, ample storage closets, and large windows for natural light. With its thoughtful design, spacious layout, and modern conveniences, the Edisto is the perfect place to call home.",,,not_found,none
5,Kalas,Falls,,409 Falls Bluff Dr,Wake Forest,549990,,,"409 Falls Bluff Drive at Kalas Falls in Wake Forest, NC features the Fleetwood floor plan, offering 5 bedrooms, 4 bathrooms, and a 2-car garage with spacious, flexible living across two thoughtfully designed levels. Inside, a welcoming foyer opens to an expansive main living area where the family room, dining space, and kitchen come together to create a natural gathering place. Whether hosting guests or enjoying a quiet evening at home, the open layout is designed for connection and convenience. The kitchen showcases a large center island, stainless steel appliances, abundant cabinet storage, and a walk-in pantry to keep everyday essentials within reach. A first-floor bedroom and full bath add versatility for guests, a home office, or multi-generational living. Upstairs, the primary suite offers a private escape with dual vanities, a soaking tub, separate shower, and a spacious walk-in closet. Three additional bedrooms and a generous recreation room provide room for movie nights, game days, exercise equipment, or additional living space. Residents of Kalas Falls will enjoy planned community amenities including walking trails, a pavilion, pocket park, sidewalks, open green spaces, and scenic water features throughout the neighborhood. With a versatile layout and modern finishes throughout, the Fleetwood is designed to accommodate a variety of lifestyles.",,,not_found,none
5,Kalas,Falls,,1124 Dartford Green Pl,Wake Forest,633590,,,"Welcome to 1124 Dartford Green Place at Kalas Falls in Wake Forest, NC. This move-in ready Norman floorplan offers 5 bedrooms, 3 bathrooms, 3,262 square feet, and a 2-car garage. Located beside community open space, this homesite provides additional privacy and a more open feel than many traditional new construction homes. The main level features a private study, formal dining room, guest bedroom, full bathroom, and a spacious family room that flows into the gourmet kitchen. Highlights include quartz countertops, stainless steel appliances, a large center island, walk-in pantry, and breakfast area. Upstairs, a generous loft creates additional living space, while three secondary bedrooms surround the luxurious primary suite featuring a tray ceiling, dual vanities, separate tub and shower, and an oversized walk-in closet. Enjoy outdoor living from the covered screened porch overlooking the backyard. Future community amenities include walking trails, a pavilion, pocket park, sidewalks, and scenic water features throughout the neighborhood. Photos are not of the actual home or interior features and are representative of the floorplan only.",,,not_found,none
4,Rolling,Hills,,2079 Cypress Hill Dr SE Lot 16,Bolivia,362490,,,"The Claiborne is one of our ranch plans offered in the Rolling Hills community in Bolivia, North Carolina. Boasting 4 bedrooms and 2 bathrooms, this plan has a lot to offer in the 1,774 square feet. Choose between 3 unique exterior elevations to match your personal style. This single-story home offers a charming and functional design, perfect for those seeking comfortable and accessible living space. The Claiborne is a spacious and modern single-story home. This home offers three bedrooms, two bathrooms and a two-car garage. Upon entering you will be greeted by a grand entryway that sets the tone for the rest of the home. The well-appointed kitchen is equipped with modern appliances, walk-in pantry, and center island, perfect for both cooking and casual dining. The primary suite serves as a peaceful retreat, featuring an en-suite bathroom with dual vanities and a walk-in closet. The additional bedrooms provide comfort and privacy and share access to a secondary bathroom. Outback is a covered porch that offers endless possibilities for hosting gatherings, enjoying the fresh air, or simply unwinding after a long day. There is an option to add a screened in porch for this plan. Ask our D.R. Horton New Home Specialist for more information. The Claiborne home offers a blend of sophistication, comfort, and modernity. Home Is Connected(R) Smart Home Technology is included in your new home and comes with an industry-leading suite of smart home products including touchscreen interfa",,,not_found,none
3,Galloway,Ridge,,6017 Starview Terrace,Charlotte,392490,,,"Sip your coffee perched at the kitchen island. The household chef will appreciate ample counter space and the oversized pantry. Upstairs, the relaxing primary suite features a private ensuite and walk-in closet.",,,not_found,none
3,Radford,Glen,,505 Morning Glade Street,Wake Forest,474999,,,"The two-story Andrews floor plan is bright and airy and ready to welcome you home. Start at the inviting flex space that leads you to an open concept gathering and kitchen. For your convenience, a sunroom can be added to expand your entertaining space. This lovely home features 3 bedrooms and 2.5 baths, and the primary suite is a spacious private oasis with dual vanities and a walk-in closet. The 2-car garage is the perfect complement to this thoughtful floor plan. Additional structural options are available throughout the home, including: - Owner's bedroom tray ceiling - Fireplace - Study ILO flex - Gourmet Kitchen - Sink 2 at bath 2 - Covered porch/Screened porch - Sunroom - Bath 3 - Bedroom 4 - Bedroom 5/bath 4 - Jack and Jill bath - Optional windows available - Owner bath with tub and separate shower or Extra large shower - Oak stair treads",,,not_found,none
5,The,Landing at Winston Pointe,,34 Hidden Gem Way,Clayton,384990,,,"Discover new homes in Clayton, NC at The Landing at Winston Pointe, conveniently located off Winston Rd. This community offers easy access to Downtown Clayton and Hwy 70, making commuting simple while keeping everyday essentials close to home. Located close to Downtown Raleigh, I-40, NC-42, Clayton Community Park, Reedy Creek Golf Course, Pine Hollow Golf Course, White Oak Shopping Center, and Garner, The Landing at Winston Pointe provides the perfect balance of affordability and convenience. Grocery stores, restaurants, shopping, and entertainment are just a short drive away, providing the convenience today's homeowners are looking for. The Landing at Winston Pointe is a thoughtfully planned new home community in Clayton, designed to support modern lifestyles. Residents enjoy a community pool and bathhouse, neighborhood playground park and pavilion, open spaces, play fields, and dog parks! New homes in The Landing at Winston Pointe are thoughtfully designed floor plans to fit a variety of lifestyles. Plans feature three to five bedrooms, two to three bathrooms, and one to two-story, with options that include flex rooms, lofts, and open living spaces. The open floor plan designs are perfect for entertaining, while the LED lighting adds a modern touch and creates a warm, inviting ambiance. Kitchens with quartz countertops, ceramic tile backsplashes, and stainless-steel appliances create a clean and functional space for cooking, gathering, or entertaining friends. With sty",,,not_found,none
3,Single,Family Homes Collection at Wendell Falls,,1301 Barreto Dr.,Wendell,479990,,,"The Sterling is a traditional home with craftsman influences creating a warm and inviting feeling the moment you step inside. The main level features abundant natural light and an open design whereas the dining and great room are open to the kitchen and then flow out onto the rear patio. The kitchen features a large eating bar island, walk-in pantry and built-in desk. A mud room is conveniently located off the garage. There is a flex space in the front of the home that can be used to meet your own needs but would be perfect as a study. Upstairs, the large primary bedroom features a large walk-in closet and en suite. Two additional bedrooms, full bath, and convenient laundry room are also located on the upper level.",,,not_found,none
4,Shepherd's,Farm,,1836 Charlotte Hwy,Mooresville,381990,,,"The Cali is one of our ranch style plans featured at Shepherd's Farm in Mooresville, North Carolina offering 3 elevations. The Cali's spacious and modern single-story home design is popular for its open-concept style for living. This home features four bedrooms, two bathrooms, and a two-car garage. The inviting foyer leading directly into the heart of the home greets you upon entering. directly into the heart of the home. This open plan features a family room, dining room, and thoughtfully designed kitchen, equipped with stainless steel appliances, a large island with a breakfast bar, and a corner walk-in pantry, making it perfectly suited for both cooking and entertaining guests. The Cali also features a luxurious primary suite, complete with a walk-in closet, primary bathroom with dual vanities, and spacious shower. The additional three bedrooms and secondary bathroom are located at the opposite end of the home, providing optimal privacy for both you and your guests. In the rear of the home is a covered porch that is ideal for entertaining guests outdoor. The Cali is the perfect place to call home, do not miss this opportunity to make the Cali yours at Shepherd's Farm.",,,not_found,none
3,Avalon,Place - Classic Series,,1403 Hatteras Rd,Durham,390000,,,"Prep dinner at the kitchen island while catching up with guests in the open-concept living area. Upstairs, the loft makes an ideal media room. Across the hall, a spacious walk-in closet and dual-sink ensuite bath complement the primary suite.",,,not_found,none
4,The,Manors at Winston Pointe,,49 W Fire Opal Ct,Clayton,520490,,,"49 West Fire Opal Court at The Manors at Winston Pointe in Clayton, NC showcases the Hampshire floor plan, offering 4 bedrooms, 3 bathrooms, approximately 3,119 square feet, and a 3-car garage. Backing to a future pocket park, this homesite will enjoy planned green space beyond the backyard, creating a more open setting and a pleasant backdrop for outdoor living. Designed with flexibility in mind, the first floor features a formal dining room that can easily adapt to a variety of needs, along with a secondary bedroom and full bathroom that provide comfortable accommodations for guests. At the center of the home, the family room is anchored by a cozy gas fireplace and flows seamlessly into the gourmet kitchen. Quartz countertops, shaker-style cabinetry with crown molding, stainless steel appliances, a gas range, a butler's pantry, and a spacious island combine style and function for both everyday routines and special gatherings. Upstairs, the primary suite offers a private retreat complete with a sitting room, walk-in closet, dual vanities, and a walk-in shower. Additional bedrooms, a versatile loft, and a conveniently located laundry room provide plenty of space to relax, work, or unwind. A 240V, 50-amp electric vehicle outlet adds modern convenience to this thoughtfully designed home. Photos are not of the actual home or interior features and are representative of the floor plan only.",,,not_found,none
4,Valley,View,,67 Laurel Pointe Dr,Waynesville,379590,,,"The Manning at Valley View offers the perfect blend of convenience, comfort, and flexibility with a thoughtfully designed two-story layout. Upon entering the home, you're welcomed by a foyer with a convenient half bath nearby. The main living area features an open-concept design where the kitchen, dining area, and family room seamlessly connect, creating an inviting space for both everyday living and entertaining. The kitchen is equipped with a large center island, pantry, and stainless steel appliances, providing both style and functionality. The primary suite is conveniently located on the main level, offering a private retreat with a spacious walk-in closet and an ensuite bathroom featuring dual vanity sinks, a walk-in shower, and a linen closet for additional storage. A centrally located laundry room completes the first floor, adding everyday convenience. Upstairs, you'll find three additional bedrooms, a full bathroom with dual vanity sinks and a bathtub, and a versatile second living area that can be used as a media room, playroom, home office, or gathering space. An attached two-car garage provides ample room for vehicles, storage, and outdoor gear. Nestled in the scenic Valley View community along beautiful Jonathan Creek in Waynesville, homeowners enjoy breathtaking mountain views and easy access to everything that makes Western North Carolina so special. Located just minutes from the shops, restaurants, and attractions of both Waynesville and Maggie Valley, Valley",,,not_found,none
5,Copper,Run South Single Family,,1808 Hinesley Drive,Durham,412990,,,"The Hayden floor plan was designed for those who need flexibility and room to grow. Offering 5 bedrooms, 3 bathrooms, and approximately 2,511 square feet, this spacious two-story home provides the versatility to support changing needs over time. The main level features a flex room near the foyer that can easily serve as a home office, study space, or formal dining room. The open-concept kitchen, dining area, and family room create a welcoming gathering space, while a first-floor bedroom and full bathroom offer added flexibility for guests or multi-generational living. The kitchen features quartz countertops, stainless steel appliances, and a spacious island. Upstairs, the primary suite includes a spacious walk-in closet, dual vanities, walk-in shower, and private water closet. Three additional bedrooms and a versatile loft provide room for recreation, work, fitness, or relaxation. *Photos are for representational purposes only.",,,not_found,none
3,The,Courtyards at Hodges Farm,,3044 Five Creek Rd,Charlotte,766105,,,"Experience the perfect blend of luxury and comfort in this quick move-in Promenade with Bonus Suite. Designed for effortless living, this home features an inviting sitting room, a gourmet kitchen with quartz countertops, and an elegant fireplace with a tile surround. Universal design elements, including widened hallways and doors, ensure accessibility, while the owner's suite bath offers a zero-threshold entry for added ease. Thoughtful upgrades, including an enhanced trim package, elevate the home's sophisticated style. Move in and start enjoying a low-maintenance lifestyle today.",,,not_found,none
4,Valley,View,,85 Cora View Trl,Waynesville,387990,,,"Experience the perfect combination of comfort, style, and mountain living in the Cali, our most popular one-level ranch floorplan. Offering 1,764 square feet of thoughtfully designed living space, this home features four bedrooms and two full bathrooms, making it ideal for families, guests, or anyone looking for extra space to enjoy. The private primary suite serves as a relaxing retreat with an attached bathroom and spacious walk-in closet. Three additional bedrooms and a second full bathroom provide flexibility for family members, guests, or a home office. At the heart of the home, the open-concept kitchen, dining, and living areas create a bright and welcoming space designed for both everyday living and entertaining. The kitchen features a large center island with ample room for meal preparation and additional seating, making it the perfect gathering spot. The living room is enhanced by a cozy electric fireplace, adding warmth and charm to the home's main living space. Sliding glass doors off the dining area lead to the rear patio, offering an easy transition to outdoor living and the opportunity to enjoy the beautiful mountain scenery. Located in Valley View, a charming community in the sought-after Jonathan Creek area of Waynesville, homeowners are surrounded by some of the most breathtaking mountain views in Western North Carolina. Enjoy peaceful surroundings, fresh mountain air, and the natural beauty that makes this region such a desirable place to call home. Wheth",,,not_found,none
4,Neal,Place,,Newnam Road,STOKESDALE,355990,,,"The Hanover is one of our two-story floorplans featured at Neal place, located in Stokesdale, North Carolina, offering 3 modern elevations, and featuring 4-5 bedrooms, 2.5-3 bathrooms, 2,824 sq. ft. of living space, and a 2-car garage.The moment you step inside the home you will be greeted by the foyer.The foyer then leads into the center of the home. The open-concept layout integrates the main living area, which is a spacious family room. The gourmet kitchen, adjacent to the family room, features stainless steel appliances, center island, ample cabinets, and a large breakfast room perfect for casual dining. Upstairs, there is a spacious primary suite with private bathroom and large walk-in closet. The additional three bedrooms all include walk-in closets. The Hanover includes versatile loft area that can be a media room, playroom, or home gym.With its thoughtful design and spacious layout, the Hanover is the perfect place to call home. Do not miss this opportunity to make the Hanover yours at Neal Place.",,,not_found,none
3,Rolling,Hills,,2121 Cypress Hill Dr SE Lot 25,Bolivia,407190,,,"The Bradford is a 3 bedroom, 3 bath home with flex space and second floor equaling 2,388 sq ft of open concept living space. The Bradford is a versatile plan with an open concept kitchen, living, and dining area! The kitchen comes finished with beautiful granite countertops, stainless steel appliances, single-bowl sink and tile backsplash. You'll never be too far from the action with the living and dining area right there. The primary bedroom has its own attached bathroom that features a walk-in shower, separate water closet and double vanity and all the space you need to get ready in the morning. The primary bedroom also features a Walk-in closet that leads to your laundry room. You will also enjoy a split bedroom layout. The 2nd bedroom can be found towards the front of the home along with the 2nd full bathroom. The second floor features a 3rd bedroom and 3rd full bathroom plus additional living space. Enjoy the covered front and rear porches perfect for entertaining and enjoying the Carolina evenings Home Is Connected(R) Smart Home Technology is included in your new home.",,,not_found,none
5,Oak,Grove Hill,,4117 Pin Aly,Huntersville,502685,,,"Come see 4117 Pin Alley located in Oak Grove Hill! The Jackson is a spacious and versatile two story home designed to accommodate growing households and flexible living needs. Offering 4 bedrooms, 2.5 baths, and a 2 car garage, this thoughtfully planned layout provides generous living space across every level, with options that allow the home to grow with you. The main floor features a welcoming front porch and foyer that open into an expansive, open concept living area. The family room flows seamlessly into the breakfast area and kitchen, creating a bright and inviting space ideal for everyday living and entertaining. The kitchen offers ample counter space, a functional layout, and easy access to both casual and formal dining areas. A first floor bedroom with access to a full bath adds exceptional flexibility, perfect for guests, a home office, or multi generational living. Upstairs, the primary suite serves as a private retreat, complete with a spacious walk in closet and an en suite bathroom designed for comfort and convenience. Three additional secondary bedrooms, two full baths, and a centrally located laundry room complete the second floor, ensuring privacy and functionality for everyone. For those needing even more space, the Jackson offers an optional third floor bedroom and full bath, ideal for a guest suite, media room, or private escape. Optional features such as a covered porch, balcony, or electric fireplace allow homeowners to personalize the home to fit their",,,not_found,none
5,Brandon,Creek,,3814 Bald Cypress Blvd,Gastonia,393140,,,"Come see 3814 Baldcypress Blvd in Gastonia, North Carolina. The Robie is one of our two-story plans featured at Brandon Creek in Gastonia, North Carolina. This home offers a guest bedroom on the main floor, five bedrooms, three bathrooms, and a two-car garage. Upon entering, you'll be greeted by a foyer inviting you to the center of the home. At its heart, you'll find a spacious family room and dining room that blend with the kitchen, creating an airy feel. The chef's kitchen has modern appliances, ample cabinet space, a walk-in pantry, and a breakfast bar, perfect for cooking and casual dining. Adjacent to the kitchen is a bedroom, providing privacy and comfort. The home features a primary suite with a walk-in closet and an en suite bathroom featuring a shower with dual vanities. The additional three bathrooms are spacious and have access to a secondary bathroom. The loft offers a flexible media room, playroom, or home gym space. The laundry room completes the second floor. With its thoughtful design, spacious layout, and modern conveniences, the Robie is the perfect place for you. Take advantage of this opportunity to make the Robie yours at Brandon Creek. Pictures are representative.",,,not_found,none
4,Valley,View,,74 Laurel Pointe Dr,Waynesville,382990,,,"Experience the perfect combination of comfort, style, and mountain living in the Cali, our most popular one-level ranch floorplan. Offering 1,764 square feet of thoughtfully designed living space, this home features four bedrooms and two full bathrooms, making it ideal for families, guests, or anyone looking for extra space to enjoy. The private primary suite serves as a relaxing retreat with an attached bathroom and spacious walk-in closet. Three additional bedrooms and a second full bathroom provide flexibility for family members, guests, or a home office. At the heart of the home, the open-concept kitchen, dining, and living areas create a bright and welcoming space designed for both everyday living and entertaining. The kitchen features a large center island with ample room for meal preparation and additional seating, making it the perfect gathering spot. The living room is enhanced by a cozy electric fireplace, adding warmth and charm to the home's main living space. Sliding glass doors off the dining area lead to the rear patio, offering an easy transition to outdoor living and the opportunity to enjoy the beautiful mountain scenery. Located in Valley View, a charming community in the sought-after Jonathan Creek area of Waynesville, homeowners are surrounded by some of the most breathtaking mountain views in Western North Carolina. Enjoy peaceful surroundings, fresh mountain air, and the natural beauty that makes this region such a desirable place to call home. Wheth",,,not_found,none
5,The,Grove at Matthews Landing,,45 Babbling Brook Dr,Fuquay Varina,379990,,,"At 45 Babbling Brook Drive, this spacious 2-story home gives you room to move through busy days. With approximately 2,804 square feet, 5 bedrooms, 3 bathrooms, and a 2-car garage, the layout offers the flexibility homeowners need for everyday life. The foyer opens to a connected main level where the kitchen, dining area, and family room create an easy setting for gathering and everyday living. A 1st-floor bedroom is positioned near a full bath, offering a practical option for multigenerational living or a quiet home office. The kitchen is built to support everything from quick meals to weekend hosting, featuring quartz countertops, stainless steel appliances, a walk-in pantry, and a center. Just off the kitchen and dining area, the rear patio gives you a convenient outdoor spot for fresh air. Upstairs, the loft adds another place to make your own. The primary suite includes a spacious walk-in closet and an en-suite bathroom with dual vanities, a walk-in shower, a separate water closet, and an additional walk-in closet. 3 additional bedrooms and a full bath are also located upstairs, along with the laundry room. With its 5-bedroom layout, 3 full bathrooms, multiple living areas, and meticulous details, 45 Babbling Brook Drive offers the space and adaptability to support the way you live.*Photos are not of the actual home or interior features and are representative of floor plan only.",,,not_found,none
5,Valley,View,,68 Laurel Pointe Dr,Waynesville,378640,,,"Welcome to the Robie at Valley View, a spacious two-story home offering modern design, flexible living spaces, and a desirable location along Jonathan Creek in Waynesville. Thoughtfully designed for everyday living and entertaining, this home provides the perfect combination of comfort and functionality. The main level features an open-concept layout with a spacious family room, dining area, and well-appointed kitchen that flow seamlessly together. The kitchen offers stainless steel appliances, ample cabinet space, and a large island, creating the perfect gathering place for family and friends. A versatile bedroom and full bath on the first floor provide excellent flexibility for guests, a home office, or multi-generational living. Upstairs, the private primary suite offers a relaxing retreat with a spacious walk-in closet and en-suite bath. Three additional bedrooms provide plenty of room for family, guests, or hobbies, while a loft creates additional living space ideal for a media room, play area, or home office. A conveniently located laundry room completes the second level. Located in the beautiful Valley View community, residents enjoy easy access to downtown Waynesville, shopping, dining, outdoor recreation, and the natural beauty of Western North Carolina. With nearby hiking, mountain views, and convenient access to Asheville, Valley View is the perfect place to call home.",,,not_found,none
5,West,New Bern,,4012 Montford Dr,New Bern,372110,,,"The Hayden is one of our two-story plans featured at West New Bern in New Bern, North Carolina, offering 3 modern elevations. The home features 5 bedrooms, 3 bathrooms, 2,511 sq. ft. of living space, and a 2-car garage. Upon entering the home, you'll be greeted by an inviting foyer connecting to a home office, then lead into the center of the home. This open-concept space features a large living room, dining area, and functional kitchen. The kitchen is equipped with a walk-in pantry, stainless steel appliances, and center island with a breakfast bar. Also located on the first floor, located off the living room, is a convenient guest bedroom and full bathroom. The Hayden upstairs features a spacious primary bedroom, complete with walk-in closet and primary bathroom with dual vanities. The additional three bedrooms share a third full bathroom. There is an upstairs loft space, perfect for family entertainment, gaming, or a reading area. With its luxurious design the Hayden is the perfect place to call home. Do not miss this opportunity to make the Hayden yours at West New Bern.",,,not_found,none
4,Martin,Farms,,680 Wilder Bloom Path,Aberdeen,359990,,,"Room to live, gather, and grow, 680 Wilder Bloom Path has it all. With 4 bedrooms, 2.5 bathrooms, and approximately 2,340 square feet, this two-story home offers the flexibility today's buyers want with comfort and style. The open-concept kitchen, dining area, and great room create an inviting space for everyday living and special occasions. The kitchen features stainless-steel appliances, a center island, and a walk-in pantry, making meal prep and entertaining easy. At the front of the home, French doors open to a flex room that can serve as a study, formal dining room, playroom, or other space to fit your needs. Upstairs, the spacious primary suite offers a walk-in closet and en-suite bathroom with dual vanities, a walk-in shower, and a separate water closet for added privacy. Three additional bedrooms provide room for family, guests, or flexible use as a game room, home gym, study area, library, or extra living space. Martin Farms residents enjoy a community pool, clubhouse, open spaces, and paved sidewalks for neighborhood walks. Designed to adapt as your needs change, this beautiful home welcomes you to Martin Farms. Welcome home to 680 Wilder Bloom Path.*Photos are not of the actual home or interior features and are representative of floor plan only.",,,not_found,none
3,Rolling,Hills,,311 Audrey Loop Rd,Candler,374690,,,"Welcome to the Burke, a thoughtfully designed single-level home in the desirable Rolling Hills community. Combining functional spaces with modern style, this floorplan offers plenty of room to live, work, and entertain with ease. Step inside from the main entrance and you'll be greeted by a convenient mud room and oversized coat closet, creating the perfect drop zone for everyday organization. The heart of the home features an open-concept living room, dining area, and kitchen, providing a bright and welcoming space for gathering with family and friends. The kitchen is highlighted by a large center island, ideal for meal prep, casual dining, and entertaining. The generously sized owner's suite is tucked away for privacy and offers a spacious walk-in closet and attached bathroom, creating a relaxing retreat at the end of the day. Two additional bedrooms and a second full bathroom provide comfortable accommodations for family members, guests, or a home office setup. A centrally located laundry room adds convenience to daily living. Designed with both comfort and practicality in mind, the Burke delivers the ease of single-level living in the scenic Rolling Hills community. With its open layout, ample storage, and thoughtfully planned spaces, this home is ready to fit a variety of lifestyles while offering the charm and convenience of Western North Carolina living.",,,not_found,none
3,Swift,Creek Farm,,268 Saddle Mare St,Clayton,369990,,,"Room to live, gather, and grow, 268 Saddle Mare Street has it all. With 3 bedrooms, 2.5 bathrooms, and approximately 2,340 square feet, this two-story home offers the flexibility today's buyers want with comfort and style. The open-concept kitchen, dining area, and great room create an inviting space for everyday living and special occasions. The kitchen features stainless-steel appliances, a center island, and a walk-in pantry, making meal prep and entertaining easy. At the front of the home, French doors open to a flex room that can serve as a study, formal dining room, playroom, or other space to fit your needs. Upstairs, the spacious primary suite offers a walk-in closet and en-suite bathroom with dual vanities, a walk-in shower, and a separate water closet for added privacy. Two additional bedrooms and a versatile loft provide room for family, guests, or flexible use as a game room, home gym, study area, library, or extra living space. Designed to adapt as your needs change, this beautiful home welcomes you to Martin Farms. Welcome home to 268 Saddle Mare Street.*Photos are not of the actual home or interior features and are representative of floor plan only.",,,not_found,none
3,Rolling,Hills,,307 Audrey Loop Rd,Candler,400490,,,"Welcome home to the Darwin at Rolling Hills! This thoughtfully designed floorplan offers the perfect blend of comfort, style, and functionality. The open-concept main living area creates an inviting space for everyday living and entertaining, featuring a spacious family room highlighted by a cozy electric fireplace, a well-appointed kitchen, and a connected dining area. Upstairs, you'll find generously sized bedrooms, including a private owner's suite designed for relaxation, along with additional bedrooms that provide flexibility for family, guests, or a home office. Modern finishes and smart use of space make the Darwin a home that fits a variety of lifestyles. Nestled in the beautiful Rolling Hills community in Candler, this home offers peaceful mountain living with the convenience of being just a short drive from downtown Asheville, where you'll enjoy local dining, shopping, entertainment, and outdoor recreation. Discover the perfect combination of comfort, convenience, and value in the Darwin at Rolling Hills.",,,not_found,none
5,Galvins,Ridge,,526 Ashley Run,Sanford,393040,,,"Located at 526 Ashley Run in Galvins Ridge, this Hayden floorplan offers the space and flexibility growing households are looking for. Featuring 5 bedrooms, 3 bathrooms, and approximately 2,511 square feet, this home was designed to support a variety of lifestyles. The main level includes a flex room that can serve as a home office, study area, or formal dining room, along with a first-floor bedroom and full bathroom. The open-concept kitchen features quartz countertops, stainless steel appliances, a spacious island, and a walk-in pantry overlooking the dining area and family room. Upstairs, a versatile loft creates additional living space while the primary suite offers a walk-in closet, dual vanities, and a walk-in shower. Three additional bedrooms provide room to grow and adapt over time. Photos are not of the actual home or interior features and are representative of floor plan only.",,,not_found,none
3,Parkers,Landing,,65 Sweetfern Lane,Zebulon,419700,,,"From the batten board & stone of the French Country style to the simple farmhouse lines of the Low Country look, to the distinctive feel of the English Country, The Smithfield plan is the epitome of warmth and hospitality. The front porch of this Smithfield home is home to the optional smart door delivery center for safe, secure package delivery in a heated/cooled space. Inside, the foyer draws you back into the hub of the home. The hub of the home is the adaptable open living space. The kitchen has an oversized island for three-sided seating. The cafe has ample space for meals and entertaining. The family room provides for two optional fireplace locations with built-ins. The patio, with optional covered or screened porch, can extend for additional living or entertaining space. Our exclusive optional messy kitchen helps keep things neat, and has room for an extra sink and a window. Upstairs, a huge game room runs through the center of the house. This space may also be a 4th bedroom. The owner's suite has many options: a tray ceiling, a larger shower with bench, a tub and separate shower, or a spa-like ""super shower. You may also opt to have the huge laundry room connect through the walk-in closet. The remainder of the floor includes additional well suited guest bedrooms and a hall bath.",,,not_found,none
4,River,Glen,,64 White Birch Ln,Angier,357990,,,"Sip your coffee from the Chatham's charming rear patio. Inside, versatile flex spaces allow you to customize the main level to fit your needs. The impressive primary suite boasts dual sinks and a large walk-in closet.",,,not_found,none
3,Cambridge,Park,,1568 Aberdeen Dr,Mebane,359000,,,"Make home to 1568 Aberdeen Drive! The Aberdeen is a charming ranch-style home in Cambridge Park, located in Mebane, NC. This home offers 3 bedrooms, 2 bathrooms, 1,902 sq. ft. of living space, and a 2-car garage. Upon entering, you'll be greeted by an inviting foyer that leads into the heart of the home. The open-concept design features a spacious living room, dining area, and a functional kitchen. The kitchen is equipped with a walk-in pantry, stainless steel appliances, and a center island with a breakfast bar. The Aberdeen's primary suite includes a walk-in closet and a primary bathroom with dual vanities. Two additional bedrooms share a full bath. Enjoy the outdoors with a covered patio, perfect for family gatherings or relaxing.",,,not_found,none
3,Indigo,Preserve Townhomes,,1171 Indigo Bunting Dr Lot 157,Leland,403999,,,"Welcome to the Bradford in our Indigo Preserve community located in Leland, North Carolina. The Bradford is a 3 bedroom, 2 bath home with 1,672 of open concept living space. The Bradford is a versatile plan with an open concept kitchen, living, and dining area! The kitchen comes finished with beautiful granite countertops, stainless steel appliances, single-bowl sink and tile backsplash. You'll never be too far from the action with the living and dining area right there. The primary bedroom has its own attached bathroom that features a walk-in closet and all the space you need to get ready in the morning. Sharing a sink isn't a worry with the double vanity, and you also get additional privacy with a separate door for the toilet and shower. There are two bedrooms and a bathroom at the front of the home. In every bedroom you'll have carpeted floors and a closet in each room. Whether these rooms become bedrooms, office spaces, or other bonus rooms, there is sure to be comfort. Enjoy the covered porch perfect for entertaining and enjoying the Carolina evenings. All of our homes include Home Is Connected(R) Smart Home Technology is included in your new home and comes with an industry-leading suite of smart home products including touchscreen interface, video doorbell, front door light, z-wave t-stat, & door lock all controlled by smartphone app with voice! *The photos you see here are for illustration purposes only, interior and exterior features, options, colors and selections",,,not_found,none
3,West,New Bern,,4007 Montford Dr,New Bern,396490,,,"The Aberdeen is one of our ranch plans featured at West New Bern in New Bern, North Carolina, offering 3 modern elevations. The home features 3 bedrooms, 2 bathrooms, 1,902 sq. ft. of living space, and a 2-car garage. Upon entering the home, you'll be greeted by an inviting foyer, then lead into the center of the home. This open-concept space features a large living room, dining area, and functional kitchen. The kitchen is equipped with a walk-in pantry, stainless steel appliances, and center island with a breakfast bar. The Aberdeen features a spacious primary bedroom, complete with walk-in closet and primary bathroom with dual vanities. The additional two bedrooms share a third full bathroom. There is a covered patio, perfect for family entertainment, or a reading area. With its luxurious design the Aberdeen is the perfect place to call home. Do not miss this opportunity to make the Aberdeen yours at West New Bern",,,not_found,none
4,West,New Bern,,4003 Montford Dr,New Bern,357630,,,"The property is located at 4003 Montford Drive NEW BERN NC 28562 priced at 357630, the square foot and stories are 1764, 1.The number of bath is 2, halfbath is 0 there are 4 bedrooms and 2 garages. For more details please, call or email.",,,not_found,none
4,Legacy,Lakes,,513 Watauga Lane,Aberdeen,468990,,,"Welcome to the Biltmore, a stunning floorplan that leaves a lasting impression. The main floor of the home features: Soaring two-story foyer: Creates a sense of arrival and grandeur. Elegant formal dining room: Perfect for hosting special occasions (optional conversion to a study). Spacious great room: Ideal for entertaining and fostering togetherness. Thoughtfully designed kitchen: Boasts a large chef's island and a sunny breakfast area, perfect for creating culinary delights. Luxurious Primary: Your private sanctuary boasts a sizable bathroom with a dual-sink vanity, shower, and separate water closet. The spacious walk-in closet provides ample storage for all your wardrobe needs. Unwind and Recharge Upstairs: Three secondary bedrooms: Ideal for children, guests, a home office or gym. Spacious loft: This flexible space can be transformed into a second family room, playroom, or media room. The Biltmore offers the perfect blend of space, luxury, and flexibility. Experience the Biltmore by McKee Homes, schedule your personal tour today.",,,not_found,none
5,Lawson,Glen,,71 Cheyenne Dr,Clayton,399940,,,"Welcome to 71 Cheyenne Drive in Lawson Glen, located in Clayton, NC. This Hayden floor plan features 5 bedrooms, 3 bathrooms, 2,511 sq. ft. of living space, and a 2-car garage. Upon entering the home, you'll be greeted by an inviting foyer passing by the flex room, then led into the center of the home. This open-concept layout features a functional kitchen overlooking the living room, a breakfast area, a guest bedroom, and a full bathroom in the back left of the home. The kitchen is equipped with a corner walk-in pantry, quartz countertops, stainless steel appliances, and a kitchen island. From the breakfast area you can step out onto the back patio, perfect for entertaining guests or relaxing after a long day. The second floor hosts the spacious primary bedroom and primary bathroom boasting two walk-in closets, a walk-in shower, dual vanity, and separate water closet for ultimate privacy. The additional 3 bedrooms share a third full bathroom, while the upstairs loft space is perfect for family entertainment, work out area, or reading space. The laundry room completes the second floor. Photos are not of the actual home or interior features and are representative of the floor plan only.",,,not_found,none
4,Cambridge,Park,,1553 Aberdeen Dr,Mebane,389000,,,"Make 1553 Aberdeen Drive your new home! The Winston is a spacious two-story home featured at Cambridge Park in Mebane, NC. This home offers 4 bedrooms, 3.5 bathrooms, a 2-car garage, and 2,565 sq. ft. of living space. Upon entering, you're greeted by a foyer leading to a home office and powder room. The open-concept main level features a large family room with a cozy fireplace and a gourmet kitchen with stainless steel appliances, a center island, and a spacious breakfast room. The primary suite includes a walk-in shower, dual vanities, and a walk-in closet. Right off the breakfast area is a patio for outdoor relaxation. Upstairs, the second primary suite provides a private retreat with an ensuite bathroom, walk-in shower, and dual vanities. The additional two bedrooms share a full bathroom. The laundry closet is conveniently located nearby. With its thoughtful design and spacious layout, the Winston is the perfect place to call home at Cambridge Park.",,,not_found,none
4,Galvins,Ridge,,222 Pisgah St,Sanford,393740,,,"The Wilmington at Galvins Ridge offers the space and flexibility growing households are looking for. With approximately 2,824 square feet, 4-5 bedrooms, 2.5 bathrooms, and multiple living spaces, this home was designed to accommodate both everyday life and special occasions. A dedicated flex space and formal dining room welcome you into the home before opening into the spacious family room and kitchen. The breakfast area, generous cabinetry, and open layout create a comfortable environment for entertaining and everyday routines. Upstairs, the primary suite features a vaulted ceiling, large walk-in closet, and private bathroom. Three additional bedrooms all include walk-in closets, while the loft provides additional living space that can be tailored to your needs. With flexible living areas and thoughtful design throughout, the Wilmington offers room to grow at Galvins Ridge. *Photos are not of the actual home or interior features and are representative of floor plan only*",,,not_found,none
3,Indigo,Preserve Townhomes,,8640 Blue Haw Way Lot 144,Leland,408999,,,"Welcome to the Bradford in our Indigo Preserve community located in Leland, North Carolina. The Bradford is a 3 bedroom, 3 bath home with 1,672 of open concept living space. The Bradford is a versatile plan with an open concept kitchen, living, and dining area! The kitchen comes finished with beautiful quartz countertops, stainless steel appliances, single-bowl sink and tile backsplash. You'll never be too far from the action with the living and dining area right there. The primary bedroom has its own attached bathroom that features a walk-in closet and all the space you need to get ready in the morning. Sharing a sink isn't a worry with the double vanity, and you also get additional privacy with a separate door for the toilet and shower. In every bedroom you'll have carpeted floors and a closet in each room. Whether these rooms become bedrooms, office spaces, or other bonus rooms, there is sure to be comfort. Enjoy the covered porch perfect for entertaining and enjoying the Carolina evenings. All of our homes include Home Is Connected(R) Smart Home Technology is included in your new home and comes with an industry-leading suite of smart home products including touchscreen interface, video doorbell, front door light, z-wave t-stat, & door lock all controlled by smartphone app with voice! *The photos you see here are for illustration purposes only, interior and exterior features, options, colors and selections will differ. Please see sales agent for options.",,,not_found,none
4,Grayson,Park Single-Family,,4324 Coralbead Ln Lot 110,Leland,424999,,,"The Forrester is one of our two-story floorplans featured in our Grayson Park community in Leland, North Carolina. Inside this 4 bedroom, 3 bathroom home, you'll find 2,643 square feet of comfortable living. The Forrester plan is a gracious home perfect for beach living and entertaining. The Forrester features a formal dining room adjoining the kitchen, large island, and open concept living space. There is a standard patio located off the kitchen, as well as a guest suite on the first floor. The kitchen features 36"" cabinets, granite countertops, and stainless steel appliances, which are sure to both turn heads and make meal prep easy. You'll never be too far from the action with the living and dining area right there. The primary bedroom has its own attached bathroom that features a walk-in closet and all the space you need to get ready in the morning. Sharing a sink isn't a worry with the double vanity, and you also get additional privacy with a separate door for the toilet and shower. In every bedroom you'll have carpeted floors and a closet in each room. Whether these rooms become bedrooms, office spaces, or other bonus rooms, there is sure to be comfort. This floorplan's second floor includes an owner's retreat with a substantial walk-in closet, laundry room, and a large bonus room. In every bedroom you'll have carpeted floors and a closet in each room. Whether these rooms become bedrooms, office spaces, or other bonus rooms, there is sure to be comfort. Home Is Co",,,not_found,none
5,Kalas,Falls,,1132 Dartford Green Place,Wake Forest,623990,,,"Discover new homes in Wake Forest, NC at Kalas Falls, a thoughtfully designed community that blends natural beauty, elevated home designs, and everyday convenience. Located just off Rolesville Road with quick access to Highway 401, Kalas Falls offers homeowners an ideal balance of peaceful surroundings and connectivity to shopping, dining, recreation, and major commuter routes. Everyday essentials are just minutes away, while the community itself feels tucked away among mature trees, scenic views, and open spaces. Conveniently located near Heritage Golf Club, Fantasy Lake Adventure Park, Mitchell Mill State Natural Area, Gateway Commons, and Downtown Wake Forest, Kalas Falls places homeowners close to everything they need while maintaining a sense of privacy and retreat. Homes at Kalas Falls range from approximately 2,500 to over 3,200 square feet and feature four to five bedrooms, flexible living spaces, and open-concept designs created for modern living. Designer kitchens include quartz countertops, ceramic tile backsplashes, stainless steel appliances, spacious islands, and abundant storage. Smart home technology and carefully selected finishes add both comfort and convenience throughout each home. Future community amenities are planned to include walking trails, a community pavilion, pocket park, sidewalks, open green spaces, and scenic water features that enhance the natural beauty of the neighborhood. At Kalas Falls, homeowners can enjoy spacious homes, peacef",,,not_found,none
3,Baker,Farm,,35 Grazing Crop Ct,Youngsville,384990,,,"Come see the Galen at 35 Grazing Crop Court, Youngsville, NC at Baker Farm! The Galen is a spacious two-story home at Baker Farm, located in Youngsville, North Carolina, offering 3 modern elevations, and boasting 2,340 sq. ft. of living space, 3 bedrooms, 2.5 bathrooms, and a 2-car garage. The moment you step inside the home you will be greeted by the foyer which connects you first past the flex room, and then pas the powder room and a storage closet. The foyer then opens into the large great room, overlooked by the kitchen. The open-concept layout integrates the great room with the kitchen, featuring stainless steel appliances, spacious center island, and a corner walk-in pantry. Upstairs, there is the primary bedroom with a private bathroom, dual vanity, and a separate water closet for privacy. The primary bedroom sits at the front of the home on this floor and features a walk-in closet. The additional two bedrooms provide comfort and privacy with access to a full secondary bathroom. The loft offers a flexible space that can be used as a media room, playroom, or become a fourth bedroom. The laundry room completes the second floor. With its thoughtful design and spacious layout, the Galen is the perfect place to call home at Baker Farm. Contact us today to schedule a personal tour! * Photos are not of actual home or interior features and are representative of floor plan only. *",,,not_found,none
4,Collins,Ridge,,116 Sea Trail Street,Hillsborough,484990,,,"Discover new homes in Hillsborough, NC at Collins Ridge, located within a half-mile from downtown Hillsborough. This established community is less than two miles from both I-85 and I-40, making your commute a breeze while keeping everyday essentials close by. Located close to UNC Chapel Hill, Duke University, Research Triangle Park, The Streets at Southpoint, and the well-known Eno River State Park, Collins Ridge provides the perfect balance of suburban comfort and city accessibility. Residents enjoy multiple resort-style amenities including a salt-water pool, a clubhouse featuring a fitness center, functioning kitchen and meeting room. Additional amenities include two tennis courts that double as pickleball courts, a dog park, walking trails, and playgrounds. Outdoor areas throughout the community provide space for walks, play, and everyday moments outside. Homes in Collins Ridge's newest phase were thoughtfully designed to fit a variety of lifestyles. Floor plans range from three to five bedrooms, two to three and a half bathrooms, and filled with all types of options including flex rooms, lofts, open living spaces, and main-level living. Modern finishes and smart home technology provide both comfort and style. Kitchens with open-layouts, quartz countertops, ceramic tile backsplashes, and stainless-steel appliances create a clean and functional space for cooking, gathering, or entertaining friends. With stylish homes, flexible floor plans, and a convenient location",,,not_found,none
4,Eagle,Creek,,115 Oak Bluff Ct,Fuquay Varina,479990,,,"Experience spacious living at 115 Oak Bluff Court in Eagle Creek, located in the heart of Fuquay-Varina, NC. The Lawson floor plan offers 4 bedrooms, 3 bathrooms, 2,901 square feet, and a 2-car garage with flexible spaces designed for the way you live. Just inside the front door, a first-floor bedroom and full bath provide the perfect setup for guests or multi-generational living. The main living area opens into a bright and inviting space where the family room, kitchen, and dining area come together seamlessly. The kitchen is beautifully appointed with quartz countertops, soft-close shaker cabinets with crown molding, stainless steel appliances, a large island, and a walk-in pantry. Nearby, the covered patio creates an ideal setting for outdoor dining or relaxing evenings. Upstairs, a spacious loft offers room for a media area, home gym, playroom, or second living space. The private primary suite features a tray ceiling, a large walk-in closet, and a well-appointed bath with dual vanities, a soaking tub, separate shower, and private water closet. Two additional bedrooms, a full bath, and a laundry room complete the second floor. With its blend of versatility, comfort, and modern finishes, 115 Oak Bluff Court is ready to welcome you home. Photos are not of the actual home or interior features and are representative of floor plan only.",,,not_found,none
4,Eagle,Creek,,371 Delmoor Dr,Fuquay Varina,519990,,,"Come tour the Hartwell home at 371 Delmoor Drive at Eagle Creek in Fuquay-Varina, NC. This beautifully designed floor plan features 5 bedrooms, 4 bathrooms, approximately 3,112 square feet, and a 2-car garage. On the main floor you'll find a guest bedroom and a full bathroom before entering the heart of the home. The gourmet kitchen offers a corner walk-in closet, spacious kitchen island, quartz countertops, soft-close shaker-style cabinets with crown molding, and stainless-steel appliances. Off the family room is the primary bedroom that sits across from the laundry room for added convenience. The primary bathroom features a tub and walk-in shower, dual vanity sinks, spacious walk-in closet, and a water closet for ultimate privacy. The second floor features a loft, two additional bedrooms and a full bathroom. Off the loft is a large storage closet, plus the additional bedrooms feature their own walk-in closet. The loft offers a flexible space that can be used as a media room, playroom, or a fitness area/home gym. Photos are not of the actual home or interior features and are representative of floor plan only.",,,not_found,none
4,Eagle,Trace,,1008 Condor Junction Road,Wendell,456999,,,"Welcome to the Hamilton! The two-story Hamilton floor plan is a beautiful open concept home featuring 4 bedrooms and 2.5 baths. The kitchen is a chef's dream with an eat at island and casual breakfast area that flows seamlessly into a spacious family room. For your convenience, a spacious flex room with plenty of natural light has been added: work from home in style, create a craft room, and more. Walk upstairs to a dedicated loft, 2 guest bedrooms and bath, and an owner's suite with top design bath features and great closet space. Optional 1st floor guest bedroom and full bath or study makes the Hamilton a must-have! The 2-car garage is the perfect complement to this thoughtful floor plan. Additional structural options are available throughout the home, including: - Bath 3 - Bedroom 5/Bath 4 in lieu of Flex Space - 3rd car garage - Fireplace - Gourmet Kitchen",,,not_found,none
5,Brandon,Creek,,3355 Colorado Blue Ct,Gastonia,399000,,,"Come see 3355 Colorado Blue Court in Gastonia, NC. The Hayden is one of our two-story plans featured at Brandon Creek in Gastonia, North Carolina. This spacious and modern two-story home features five bedrooms, three bathrooms, and a two-car garage. Upon entering the home, you'll be greeted by an inviting foyer leading into the center of the home with a connecting home office off to the side. This open-concept space features a large living room, dining area, and functional kitchen. The kitchen is equipped with a walk-in pantry, stainless steel appliances, and center island with a breakfast bar. Also located on the first floor off the living room is a convenient guest bedroom and full bathroom. The second floor of the Hayden features a spacious primary suite, complete with a walk-in closet and full bathroom with dual vanities. The additional three bedrooms on this floor share a third full bathroom. There is also an upstairs loft space perfect for family entertainment, gaming, or a cozy reading area. With its luxurious design and versatility, the Hayden is the perfect place to call home. Pictures are representative.",,,not_found,none
4,Duncan's,Creek,,143 Eagle Rock Dr,Lillington,409700,,,"The Holly (Craftsman Elevation) at Duncan's Creek offers timeless Craftsman curb appeal paired with modern design and thoughtful everyday functionality. Featuring 2,430 sq ft, 4 bedrooms, 2.5 baths, and a 2-car garage, this home is situated on Lot 88, a 0.63-acre homesite that provides space, comfort, and a peaceful setting within one of Lillington's most connected new home communities. Interior highlights include: Open-concept main level with seamless flow between the kitchen, cafe, and family room Extended cafe with vaulted ceiling, creating a light-filled and open dining space Kitchen layout designed for efficiency and connection to the main living areas Messy kitchen extension with sink and window, ideal for prep, storage, and organization Smart Door Delivery Center providing secure, climate-controlled package storage Pocket office perfect for remote work, study, or home organization Interior side fireplace with built-ins and flanking windows serving as a warm architectural focal point Covered patio extending the living space outdoors for entertaining or relaxing Second floor features include: Owner's suite with private bath featuring a tiled shower with seat and 42""x42"" fiberglass pan Window at the owner's bath bringing in natural light Connected laundry access from the owner's suite for added everyday convenience Bedroom 4 configured in place of a loft, offering added flexibility for guests or work-from-home needs New Home Inc.'s Smart. Healthy. New. features enhance...",,,not_found,none
3,Rocky,River Towns,,2212 Fitzi Way,Charlotte,366990,,,"Step into the Sapphire and enjoy seamless flow between the well-appointed kitchen, dining area, and spacious great room-ideal for entertaining or everyday living. Upstairs, unwind in the private primary suite with a large walk-in closet.",,,not_found,none
4,Eagle,Creek,,18 Greenwillow Dr,Fuquay Varina,479990,,,"Designed for both everyday comfort and effortless entertaining, 18 Greenwillow Drive at Eagle Creek offers the spacious Lawson floor plan in desirable Fuquay-Varina, NC. With 4 bedrooms, 3 bathrooms, 2,901 square feet, and a 2-car garage, this home provides the flexibility today's homeowners are looking for. A first-floor bedroom and full bath create the perfect setup for guests, while the open main living area serves as the heart of the home. The kitchen is thoughtfully designed with quartz countertops, soft-close shaker cabinets with crown molding, stainless steel appliances, a walk-in pantry, and an oversized island that invites gathering. Just beyond, the covered patio extends your living space outdoors. Upstairs, a versatile loft offers endless possibilities, whether you need a media room, home office, workout area, or play space. The private primary suite features a tray ceiling, a large walk-in closet, and a spa-inspired bath with dual vanities, a soaking tub, separate shower, and private water closet. Two additional bedrooms, a full bath, and a laundry room complete the second floor. Blending functional spaces with stylish finishes, 18 Greenwillow Drive is a wonderful opportunity to call Eagle Creek home. Photos are not of the actual home or interior features and are representative of floor plan only.",,,not_found,none
5,Bryson,Park,,728 Bryson Blvd,Lexington,379000,,,"Move-in ready home! Welcome to the Hayden, one of our two-story floorplans in Bryson Park in Lexington, NC. This home features 5 bedrooms, 3 bathrooms, 2,511 sq. ft. of living space, and a 2-car garage. Upon entering the home, you'll be greeted by a foyer passing by the flex room, then led into the center of the home. This open-concept space features a functional kitchen, the living room, a breakfast area, and guest bedroom and a full bathroom in the back left of the home. The kitchen is equipped with a corner walk-in pantry, granite countertops, stainless steel appliances, kitchen island, and a breakfast area. The second floor hosts the spacious primary bedroom and primary bathroom boasting two walk-in closets, a walk-in shower, dual vanity, and separate water closet for ultimate privacy. The additional three bedrooms share a third full bathroom. The laundry room and loft complete the second floor. With its luxurious design and ample space, the Hayden is the perfect place to call home. Photos are representational.",,,not_found,none
5,Stonewood,Estates - Landmark,,1009 Opal Lane,Durham,742990,,,"The Mitchell Plan is a thoughtfully designed 2-story home featuring a second-floor primary suite for added privacy. With a spacious loft and generously sized secondary bedrooms, there's room for everyone to relax, play, or work. An optional private powder room adds convenience for guests. This home blends comfort and flexibility-perfect for growing families or those who love to entertain.",,,not_found,none
5,Tobacco,Road,,60 Harvester Road,Angier,599500,,,"The Kayleen boasts a perfect combination of luxury and modern functionality in a multi-level plan. French doors welcome guests into a beautiful foyer, leading to an open living area, convenient half bath, and distinguished dining area. Relaxing evenings can be spent in the family room, with plenty of add-ons like a fireplace and tray ceiling. Other add-on considerations include a carriage garage, covered porch with sliding doors, and storage space in the family foyer. An expansive primary suite can be found on the second level, with a huge mine and yours closets and primary suite bath. An upstairs gameroom provides a great space for homeowners to unwind.",,,not_found,none
5,Barrow,Meadows,,55 Brett Rd,Zebulon,467760,,,"Just off the Sherwood's foyer, useful flex space makes a great office. In the kitchen, the walk-in pantry and ample counter space simplify meal prep. Upstairs, sizeable secondary bedrooms surround the loft.",,,not_found,none
4,Kennebec,Crossing Park,,9101 Dupree Meadow Drive,Angier,432900,,,"About the Community: What Would It Take to Make Your Move Possible? At Kennebec Crossing, you can Design Your Own Savings during our Century Sales Event. Forget one-size-fits-all incentives. Choose the savings that matter most to you, whether that's lowering your monthly payment, reducing closing costs, or another incentive tailored to your goals. Combined with our lowest prices ever on single-family homes from the $400s, now is the perfect time to make your move. Discover your new home in Wake County, just 10 minutes from downtown Fuquay-Varina. For 100 years, Robuck Homes has delivered timeless craftsmanship and a more thoughtful homebuying experience. Kennebec Crossing is a thoughtfully planned community featuring 50 architecturally diverse homesites with spacious single-family homes ranging from 2,500 to 3,500 SQ FT. Designed for modern living, these homes offer one- and two-story layouts with flexible floor plans, including primary suites on the first or second floor, ensuring comfort and convenience for every lifestyle. Beyond your front door, Kennebec Crossing fosters a strong sense of community with wooded walking trails and shared green spaces, providing the perfect backdrop for daily walks and neighborhood connections. Residents enjoy easy access to top-rated Wake County Public Schools, local shopping, dining, and major highways, creating the perfect balance of urban convenience and a peaceful retreat. Offering the best of small-town charm with modern amenities, Kennebec Crossing is an ideal place to call home.",,,not_found,none
4,Cattail,,,"92 Merritt Lake Ave, Zebulon, NC 27597",Clayton,549700,,,"Whether it's the familiarity of the English Country style, the formality of the Georgian look or the distinctive feel of the Traditional, The Selma plan is instantly ""home. On the front porch you may add the optional smart door delivery center for safe, secure package delivery in a heated/cooled space. Inside, the foyer creates a welcoming hall that leads right to the main living area. The family room has two optional fireplace locations with or without built-ins. The kitchen has an oversized island for three-sided seating, plus an optional beverage center and wall oven! And the cafe overlooking the patio is a cozy space for meals and entertaining. Add an optional pocket office next door for convenience. Our exclusive messy kitchen helps keep things neat, and has room for an extra sink and a window. (The walk-in pantry is next door for easy access!) The first floor also has a bedroom and full bath just off the foyer, storage under the stairs, and a drop zone near the garage door. The patio includes the option to be a covered or screened porch. The game room is front and center as you reach the top of the stairs. This space may also be a 5th bedroom with its own bathroom. The owner's suite has many options: two walk-in closets, a larger shower with bench, a tub and separate shower, or a spa-like ""super shower. You may also opt to have the laundry room connect through the walk-in closet. The remainder of the floor includes two additional bedrooms and a hall bath.",,,not_found,none
4,Rosedale,- Sterling Collection,,3041 Ocean Sunrise Dr,Wake Forest,499700,,,"This new two-story home is optimized for gracious living. Upon entry is a double-height foyer, leading down to a generous open floorplan shared between the dining area, kitchen and Great Room to provide seamless modern living. A covered porch is located nearby to provide serene outdoor moments. The first floor also contains a bedroom suite that can be used for accommodating overnight guests. Upstairs showcases a spacious loft well-suited for entertainment, two secondary bedrooms and the luxurious owner's suite with an oversized walk-in closet.",,,not_found,none
5,Wesley,Downs - Hanover Collection,,1007 Yellow Leaf Ln,Durham,459990,,,"Experience the luxury of this thoughtfully designed two-story plan. An open-concept layout connects the first-floor living and dining spaces, which extends out to a covered patio ideal for outdoor relaxation and entertainment. Five spacious bedrooms offer privacy and comfort with room for a home office, comfy retreat or guest suite. An upstairs loft provides an extra touch of versatility.",,,not_found,none
3,Cadence,Meadows,,1288 Azalea Dr,Zebulon,350000,,,"Movie marathons are made easy in the expansive upstairs loft. Dual sinks and a large walk-in closet accent the primary suite. Downstairs, the kitchen island overlooks the dining and living areas, while the flex room adds additional living space.",,,not_found,none
3,Magnolia,Park,,133 Magnolia Park Drive,Garner,409900,,,"The Summit floorplan is thoughtfully configured to complement all your lifes special occasions and everyday moments. The stylish porch and foyer lead to an impressive, combined space comprised of the Great Room, dining area and kitchen with breakfast bar. A nearby flex room serves as a remote work, study or crafting space. Upstairs, theres more room for family fun in the loft, while the primary suite and bedrooms 2 and 3 give maximum privacy and lasting comfort. Architects Choice Options for this plan include a study or guest suite in lieu of the flex room, a 4th bedroom with 3rd bath in lieu of the loft, a screened porch or morning room, or a primary bath oasis.",,,not_found,none
5,Marshburn,Landing - Signature Series,,300 Marshrose Rd,Wendell,443780,,,"Sip your morning coffee on the covered patio before heading to the main-level primary suite to get ready for the day. The spacious kitchen provides plenty of prep and storage space for the home chef. Upstairs, the sprawling loft adds versatile living spac",,,not_found,none
3,Annandale,- Summit Collection,,68 Stoddard Ln,Garner,424990,,,"This single-level home is ready for modern lifestyles. Two secondary bedrooms and a full bathroom are located off the foyer. An open-concept floorplan that blends the kitchen, living and dining areas boasts access to an outdoor patio for simple entertaining and multitasking. The luxurious owner's suite is nestled into a private rear corner and offers direct access to a spa-inspired bathroom and walk-in closet.",,,not_found,none
4,Parker,Ridge - Sterling Collection,,436 Granite Knoll Ct,Rolesville,444515,,,"This new two-story home is optimized for gracious living. Upon entry is a double-height foyer, leading down to a generous open floorplan shared between the dining room, kitchen and Great Room to provide seamless modern living. A covered porch is located nearby to provide serene outdoor moments. The first floor also contains a bedroom suite that can be used for accommodating overnight guests. Upstairs showcases a spacious loft well-suited for entertainment, two secondary bedrooms and the luxurious owner's suite with an oversized walk-in closet.",,,not_found,none
3,The,View,,1012 Prominence Drive,Durham,548990,,,"The Winston floorplan is a delightful ranch-style open floorplan featuring a flex room, owner's suite, and laundry on the first floor as well as a covered rear patio accessible from the living room and dining area. The modern kitchen boasts a large island fit for a chef that doubles as an eating bar with ample space for bar stools. Retreating to the owner's oasis on the first floor, you'll enjoy space fit for a king and queen. The resort-style owners bath features a dual-sink vanity, linen closet, and shower with seat. The bath leads into a huge walk-in closet with plenty of room for two wardrobes. First-floor options include a sunroom to infuse your home with light, a deluxe kitchen and a deluxe bath in the owner's suite. The second floor includes a small loft area, three bedrooms, and a full bath. Options include removing the closet in bedroom four and combining it with the loft to create a large flex-room space that could be used as a playroom, media room or office. Exterior options include a covered rear porch and sideload or three-car garage depending on lot size and orientation.",,,not_found,none
5,The,Summit at Morgan Ridge,,91 Ivy Ridge Rd.,Chapel Hill,923490,,,"The Buckingham has a beautiful two-story grand foyer, first floor guest bedroom and a private study. Enjoy a chefs inspired kitchen and formal dining room. Your primary bedroom offers room for a sitting area and not one-but-two walk-in closets. Enjoy a spacious home that offers space for all lifestyles.",,,not_found,none
5,Friendship,Village,,2508 Vetrina Way,Apex,809990,,,"The Dillon Plan is designed for comfort and convenience, checking every box on your must-have list. A private first-floor guest suite offers the perfect space for visitors, while a quiet study creates a haven for work or focus. Upstairs, every bedroom features its own attached bath for ultimate privacy and ease-making this home ideal for family living, hosting and creating spaces that truly feel like yours.",,,not_found,none
5,Summerlyn,Village - Enclave,,5318 Sunrise Pink Rd,Kannapolis,563279,,,"This new two-story home features an airy layout among a first-floor kitchen with a large center island, breakfast nook and family room that's fit for modern times. The spacious guest suite enjoys privacy on the main floor with a convenient full-sized bathroom. On the second floor is a large loft to provide additional shared living space surrounded by three restful bedrooms and an owner's suite. A two-car garage completes the home.",,,not_found,none
3,Browning,Stables,,1859 Stotts Mill Rd,Wendell,495990,,,"The Mercer design is a perfect fit for smaller families, with walk-in closets in each bedroom, and an owner's suite featuring a naturally lit sitting area. The Everyday Entry lets you drop your keys and hang your jacket, while the nearby Pulte Planning Center(R) streamlines your busy life.",,,not_found,none
4,Parker,Ridge - Sterling Collection,,417 Granite Knoll Ct,Rolesville,499745,,,"This new two-story home combines modern comfort with convenience. The double-height foyer flows to contemporary open design among the first-floor kitchen, dining area and Great Room, with direct access to the patio for seamless indoor-outdoor relaxation. Nearby is a bedroom suite to accommodate overnight guests. Upstairs caters to intimate spaces with a spacious loft area, two secondary bedrooms and the luxurious owner's suite with an oversized walk-in closet.",,,not_found,none
4,Summerlyn,Village - Enclave,,5365 Sunrise Pink Rd,Kannapolis,531779,,,"This new two-story home is optimized for gracious living. On the first floor, the owner's suite is tucked in a back corner for added privacy. The open-plan kitchen, breakfast nook and family room open out to the patio, and a flex room can be made into an optional study. Upstairs are three secondary bedrooms and a loft.",,,not_found,none
5,Rolesville,Crossing - Highland Collection,,409 Green River Way,Rolesville,583595,,,"On the first floor of this new two-story home is an inviting open-concept layout with access to an outdoor patio for seamless entertaining and multitasking. A convenient flex space and formal dining room are located off the foyer, with a secondary bedroom tucked away off the main living area. A versatile game room is located upstairs near four additional bedrooms, including the luxurious owner's suite with a spa-inspired bathroom and spacious walk-in closet.",,,not_found,none
5,Rolesville,Crossing - Highland Collection,,437 Green River Way,Rolesville,521990,,,"Designed for sophisticated living and entertainment, this new two-story home features an expansive design with a convenient two-car garage. The first floor offers a formal dining room that complements the casual dining area, modern kitchen and sun-drenched Great Room. On the same floor is a rear patio and a private bedroom. Situated upstairs is a large loft for shared enjoyment, three secondary bedrooms and the lavish owner's suite with a spa-inspired bathroom.",,,not_found,none
4,Rolesville,Crossing - Summit Collection,,525 Pacolet Dr,Rolesville,449990,,,"This new two-story home is a family haven in all seasons. The main level has an open space among the family room, a kitchen, a dining room, along with a private study and a bedroom ideal for guests. An attached patio is perfect for morning coffee and evening meals. All the upstairs bedrooms have walk-in closets, while a loft adds versatility.",,,not_found,none
3,Rolesville,Crossing - Summit Collection,,1505 Copper John Rd,Rolesville,424990,,,"This single-level home is ready for modern lifestyles. Two secondary bedrooms and a full bathroom are located off the foyer. An open-concept floorplan that blends the kitchen, living and dining areas boasts access to an outdoor patio for simple entertaining and multitasking. The luxurious owner's suite is nestled into a private rear corner and offers direct access to a spa-inspired bathroom and walk-in closet.",,,not_found,none
3,Sidney,Creek Single Family,,712 Sprout Street,Zebulon,373990,,,"The Wynwood is a gorgeous two-level home with curb appeal and gathering spaces throughout. Just off the foyer, a flexible front room provides the space to create a home office, play space, or additional lounge area tailored to your needs. From there, the home opens into a formal dining room, creating a setting for everyday moments around the table. The heart of the Wynwood is the expansive kitchen, cafe, and family room-seamlessly connected. Homeowners can personalize the space with options such as a gourmet kitchen upgrade, a cozy fireplace in the family room, or a covered rear porch for year-round outdoor enjoyment. Upstairs, the Wynwood continues to deliver with a spacious loft area that can serve as a homework station, second living area, or otherwise. Those seeking additional sleeping space can choose to convert the loft into an extra bedroom with a full bath. The primary suite offers generous space, a large closet, and a well-appointed en suite bath featuring a shower with a seat. Two secondary bedrooms and a full bathroom complete the second floor, while the conveniently located upstairs laundry room simplifies daily routines. Photos are representative and may not reflect the exact home available.",,,not_found,none
5,Rolesville,Crossing - Highland Collection,,417 Green River Way,Rolesville,587870,,,"On the first floor of this new two-story home is an inviting open-concept layout with access to an outdoor patio for seamless entertaining and multitasking. A convenient flex space and formal dining room are located off the foyer, with a secondary bedroom tucked away off the main living area. A versatile game room is located upstairs near four additional bedrooms, including the luxurious owner's suite with a spa-inspired bathroom and spacious walk-in closet.",,,not_found,none
3,Wendell,Falls,,1765 Piney Falls Drive,Wendell,364990,,,"The Scissors cuts through the ordinary and reshapes what home can look like. This 3-bedroom, 2.5-bath single-family home rewrites the layout rulebook with smart design choices and unexpected flow that make living feel fresh and flexible. Up front, the family room sits just beyond the covered front porch, offering a seamless transition between indoor comfort and outdoor charm - perfect for morning coffee or neighborhood chats. The kitchen takes center stage, anchoring the main floor and creating a natural hub for entertaining, while the dining room is tucked into the back for quiet dinners or cozy brunches. Upstairs, the layout delivers again with a spacious primary suite featuring dual walk-in closets and room to breathe. A Buddy Bath connects two secondary bedrooms, keeping the peace with shared access and equal space. Add in a smart laundry layout and plenty of storage, and you've got a floor plan that lives bigger than it looks. With an open-concept flow, and curated design upgrades available, The Scissors proves that sometimes the sharpest designs are the most surprising. And yes... this Scissors is absolutely safe for running.",,,not_found,none
3,The,Walk at East Village,,192 Village Walk Drive,Clayton,379990,,,"Welcome to your dream home! The Elm is a beautiful 3-bedroom, 2-bathroom residence spans 1,703 square feet, offering a spacious open floorplan perfect for modern living. The heart of the home is the expansive living area, seamlessly connected to a contemporary kitchen and dining space, ideal for both entertaining and everyday life. Step outside to the inviting porch, perfect for relaxing and enjoying the outdoors. Each bedroom provides ample space and comfort, with the master suite featuring a private bath for your convenience. Experience the perfect blend of style and functionality in this stunning home.",,,not_found,none
4,Golden,Trace - Cottage Collection,,209 Golden Trace Drive,Garner,389990,,,"This new two-story home was designed to meet the needs of large or growing families. On the first floor, the Great Room connects with the kitchen and casual dining area in an open-plan layout that maximizes the home's shared-living space. A bedroom situated off the foyer offers privacy. On the second floor, two secondary bedrooms and a luxe owner's suite with a tray ceiling, luxe bathroom and large walk-in closet are restful retreats.",,,not_found,none
5,Cedar,Hill Landing in Navassa,,1707 Travor Street,Navassa,428990,,,"The Woodstock floorplan is 4 bedrooms, 3 baths and 2,361 square feet of living space. This is a 3-car garage floorplan. This home is located in our Cedar Hill Landing community in Navassa North Carolina. The Woodstock offers an exquisite combination of comfort and modern design, making it an ideal choice for both style and functionality. You will have the option of choosing between a watershed or pergola over the garage door. The flexible first floor includes a versatile guest room, office or playroom as well as a full bath across the hall! The gourmet kitchen stands out with its elegant granite or granite countertops. tile backsplash and stainless-steel appliance package. Upstairs you'll find the large primary suite, two additional bedrooms and a generous loft area ready for you to make it your own! There are an additional 3 bedrooms and 2 baths. In every bedroom you'll have carpeted floors and a closet in each room. Whether these rooms become bedrooms, office spaces, or other bonus rooms, there is sure to be comfort. The primary bedroom has its own attached bathroom that features a walk-in closet and all the space you need to get ready in the morning. Sharing a sink isn't a worry with the double vanity, and you also get additional privacy with a separate door for the toilet and shower. Throughout the home, Luxury Vinyl Plank (LVP) flooring and stain-resistant carpets offer durability and comfort. Additional conveniences include a three-car garage, and the integrated Ho",,,not_found,none
4,Stella,View - Summit Collection,,1113 Constellation Cir,Durham,504990,,,"This new two-story home is a family haven in all seasons. The main level has an open space among the family room, a kitchen, a dining room, along with a private study and a bedroom ideal for guests. An attached patio is perfect for morning coffee and evening meals. All the upstairs bedrooms have walk-in closets, while a loft adds versatility.",,,not_found,none
4,Cayden,Cove - Summit Collection,,1100 Hidden Beach Dr,Wendell,439990,,,"This new two-story home is a family haven in all seasons. The main level has an open space among the family room, a kitchen, a dining room, along with a private study and a bedroom ideal for guests. An attached patio is perfect for morning coffee and evening meals. All the upstairs bedrooms have walk-in closets, while a loft adds versatility.",,,not_found,none
4,Rosedale,- Cottage Collection,,,Wake Forest,449860,,,"This new two-story home design is both stylish and practical. The first floor features an open-plan layout among a Great Room, kitchen and casual dining area for shared moments with family and friends. A covered porch enhances outdoor enjoyment. A private study and a secluded guest suite are situated off the foyer. Upstairs are a versatile loft, two secondary bedrooms and a spacious owner's suite with a tray ceiling, luxe bathroom and large walk-in closet.",,,not_found,none
5,Golden,Trace - Sterling Collection,,209 Golden Trace Drive,Garner,454990,,,"This new two-story home design combines comfort and style. An open-plan layout connects the kitchen, dining area and Great Room, which features a door providing direct access to the patio. In a private corner is the guest suite, well-suited to accommodating both overnight visitors and family members. Centrally located on the top floor is a spacious loft for additional shared living space, surrounded by three secondary bedrooms and the sprawling owner's suite.",,,not_found,none
5,Rosedale,- Classic Collection,,1721 Golden Honey Drive,Wake Forest,664990,,,"Upon entry into this expansive two-story home, there is an elegant main living area ideal for daily recreation and hosting gatherings. It's complemented by a formal dining room, a quiet study and a screened porch for outdoor activities. Three of the five bedrooms in the home showcase a private en-suite bathroom, including the luxurious owner's suite. An upstairs bonus room provides space for numerous needs. Completing the home is a spacious three-car garage.",,,not_found,none
4,Solserra,,,589 Paradise Bay Blvd,Shallotte,422990,,,"Hampton customizes to fit the needs of families. An upstairs loft serves as both a private getaway and a space for family time together. Downstairs, a tucked-away flex room (with half bath) invites a guest suite, hobby room, or children's play area. The open kitchen connects to the everyday eating area and sunlit great room.",,,not_found,none
3,Southport,Meadows,,1042 River Marsh Path SE,Southport,425990,,,"The Morgan is a thoughtfully designed 1,702-square-foot ranch home featuring 3 bedrooms, 2 bathrooms, and a versatile flex room. Its open-concept layout, spacious kitchen, and private owner's suite make it perfect for everyday living and entertaining",,,not_found,none
4,Shannon,Woods - Meadows,,1831 Grassy Knoll Trail,Maiden,433999,,,"This new two-story home is an elevated twist on a classic design. At the heart of the home is an open-concept layout shared among the kitchen, breakfast room and a Great Room with a fireplace, complemented by a covered porch for outdoor moments. In a corner is the serene owner's suite with a private bathroom and oversized walk-in closet. Upstairs are a sprawling bonus room and a fourth bedroom, each featuring direct access to a shared bathroom.",,,not_found,none
3,Wimberly,,,6600 Wimberly Road,Willow Spring,352990,,,"In the Aspire, you will find the value - and elbow room - they need. This two-story layout boasts four bedrooms as well as an upstairs loft for relaxing together. The downstairs lends itself to entertaining, with conversation flowing easily from the kitchen to the cafe dining area and comfy gathering room. The flex space off the foyer multitasks as a home office or secluded study.",,,not_found,none
4,Duncan's,Creek,,83 Bluestone Dr,Lillington,479700,,,"The Selma (English Country Elevation) at Duncan's Creek blends timeless architectural charm with modern functionality and thoughtfully designed living spaces. Offering 2,702 sq ft, 4 bedrooms, 3 baths, and a 2-car garage, this home is situated on Lot 65, a 0.61-acre homesite that provides privacy, outdoor space, and everyday comfort in a peaceful Lillington setting. Interior highlights include: Open-concept main level with natural flow between the kitchen, cafe, and family room Fireplace serving as a warm and inviting focal point in the family room Gourmet kitchen with premium finishes and propane-ready gas cooking Messy kitchen with sink and window, ideal for prep, storage, and organization Smart Door Delivery Center providing secure, climate-controlled package storage Pocket office perfect for remote work, study, or household management Built-ins with (2) fixed 2x2 windows adding architectural detail and natural light First-floor full bath featuring a walk-in shower, ideal for guests or flexible living needs Covered porch/deck extending the living space outdoors for entertaining and relaxation Oak tread stairs in place of carpet for durability and timeless style Second floor features include: Owner's suite with spa-inspired bath showcasing a super shower with handheld and rain head fixtures Owner's suite window thoughtfully relocated due to the covered porch design Connected laundry access from the owner's suite for everyday convenience Laundry room with sink for added...",,,not_found,none
5,Carolina,Springs - Sterling Collection,,417 Calvander Ln,Apex,684740,,,"This new two-story home design combines comfort and style. An open-plan layout connects the kitchen, dining area and Great Room, which features a door providing direct access to the patio. In a private corner is the guest suite, well-suited to accommodating both overnight visitors and family members. Centrally located on the top floor is a spacious loft for additional shared living space, surrounded by three secondary bedrooms and the sprawling owner's suite.",,,not_found,none
4,Carolina,Springs - Sterling Collection,,205 Mount Olive Trl,Apex,654600,,,"This new two-story home combines modern comfort with convenience. The double-height foyer flows to contemporary open design among the first-floor kitchen, dining area and Great Room, with direct access to the patio for seamless indoor-outdoor relaxation. Nearby is a bedroom suite to accommodate overnight guests. Upstairs caters to intimate spaces with a spacious loft area, two secondary bedrooms and the luxurious owner's suite with an oversized walk-in closet.",,,not_found,none
4,Everbrook,,,255 Willow Brook Avenue,Angier,634990,,,"Willwood gives families choices, like a downstairs flex space for a den or study. The kitchen with an oversized island has a pass-through to the formal dining room, as well as an open flow to the cafe area and 2-story gathering room. Upstairs, the large loft space provides a place for everyone to enjoy popcorn and a movie. And families with teenage kids love the 3-car tandem garage option.",,,not_found,none
4,Mica,Ridge - Sterling Collection,,2100 Mica Ridge Ln,Durham,507990,,,"This new two-story home combines modern comfort with convenience. The double-height foyer flows to contemporary open design among the first-floor kitchen, dining area and Great Room, with direct access to the patio for seamless indoor-outdoor relaxation. Nearby is a bedroom suite to accommodate overnight guests. Upstairs caters to intimate spaces with a spacious loft area, two secondary bedrooms and the luxurious owner's suite with an oversized walk-in closet.",,,not_found,none
4,Oxford,Station,,320 Pantego Pl,Salisbury,381480,,,"Outfit the Dakota's main-level flex space as a home office and skip your commute. In the kitchen, the island overlooks the open living space. Upstairs, the loft separates the secondary bedrooms from the primary suite.",,,not_found,none
4,Harper,Landing,,2304 Snapdragon Ct,Stanley,427480,,,"Outfit the Dakota's main-level flex space as a home office and skip your commute. In the kitchen, the island overlooks the open living space. Upstairs, the loft separates the secondary bedrooms from the primary suite.",,,not_found,none
3,Galloway,Ridge,,8021 Hidden Springs Trl,Charlotte,384630,,,"At the heart of the open-concept main level, the kitchen boasts an island perfect for entertaining. Upstairs, enjoy a convenient laundry room and loft. The primary suite features a generous walk-in closet and bath.",,,not_found,none
4,Harper,Landing,,2310 Snapdragon Ct,Stanley,412180,,,"Entertaining comes easy in the Brentwood's open-concept kitchen and great room. A first-floor flex space makes a useful work area. Upstairs, the luxurious primary suite is ideal for relaxing while the spacious loft is perfect for your own media center.",,,not_found,none
5,The,Coves on Lake Wylie,,18419 Cove Landing Rd,Charlotte,619990,,,"Welcome to the Rodanthe at 18419 Cove Landing Road in The Coves on Lake Wylie! Step into this versatile two-story floor plan designed for comfort and connection. The main level features a bright great room that flows into the kitchen with center island and casual dining area, creating an inviting space for everyday living. Covered outdoor living extends the gathering space, while a private first-floor guest suite and half bathroom add convenience. Upstairs, the primary suite offers a spacious layout, walk-in closet, and well-appointed bathroom. A loft and tech area provide space for work or relaxation, alongside three secondary bedrooms and a full bathroom. Discover The Coves on Lake Wylie within The Palisades in Charlotte, North Carolina. Residents enjoy Lake Wylie access with kayak, canoe, and paddle board storage, a community dock, plus planned amenities including a resort-style pool, pickleball courts, trails, a play area, and dog park. Additional Highlights Include: Tiled shower. Photos are for representative purposes only. MLS#4384914",,,not_found,none
5,Harper,Landing,,2305 Snapdragon Ct,Stanley,445890,,,"Sip your coffee from the Chatham's charming back patio. Inside, versatile flex spaces allow you to customize the main level to fit your needs. The impressive primary suite boasts dual sinks and a large walk-in closet.",,,not_found,none
4,Nolen,Farm Bungalows,,7287 Yardley St,Gastonia,384930,,,"Relax in the Cromwell's spacious primary suite, complete with private bath. Outfit the upstairs loft and dedicated study nook to fit your lifestyle. Downstairs, the sprawling kitchen island overlooks the open-concept dining and great rooms.",,,not_found,none
3,Avalon,,,4278 Round Table Dr,Gastonia,397090,,,"Welcome guests on the Bayview's charming front porch. Inside, the open-concept main level features a spacious great room. Upstairs, the primary suite boasts dual sinks and a large walk-in closet.",,,not_found,none
3,Harper,Landing,,2320 Snapdragon Ct,Stanley,405480,,,"Enjoy game nights in the second-story loft or entertain guests on the open-concept main level. Flex space on the first floor makes a perfect formal dining room or home office. Upstairs, the primary suite boasts dual sinks and a walk-in closet.",,,not_found,none
4,Stella,View - Summit Collection,,1052 Constellation Cir,Durham,495000,,,"This new two-story home is a family haven in all seasons. The main level has an open space among the family room, a kitchen, a dining room, along with a private study and a bedroom ideal for guests. An attached patio is perfect for morning coffee and evening meals. All the upstairs bedrooms have walk-in closets, while a loft adds versatility.",,,not_found,none
5,Watkins,Glen,,4037 Wesley Chapel Way,Raleigh,506770,,,"Two flex spaces plus a large loft upstairs and open concept plan allow you to customize this layout to your heart's content. Almond cabinets, marble-like white quartz countertops, brown EVP flooring with taupe carpet in our Mod Expression selection.",,,not_found,none
5,Oak,Manor - Signature Series,,774 Red River Dr,Garner,492660,,,"Two flex spaces plus a large loft upstairs and open concept plan allow you to customize this layout to your heart's content. Almond cabinets, marble-look white quartz countertops, blonde EVP flooring with beige carpet in our Essence package.",,,not_found,none
5,Rolesville,Crossing - Highland Collection,,1613 Copper John Rd,Rolesville,590985,,,"Designed for sophisticated living and entertainment, this new two-story home features an expansive design with a convenient two-car garage. The first floor offers a formal dining room that complements the casual dining area, modern kitchen and sun-drenched Great Room. On the same floor is a rear patio and a private bedroom. Situated upstairs is a large loft for shared enjoyment, three secondary bedrooms and the lavish owner's suite with a spa-inspired bathroom.",,,not_found,none
4,Avalon,Place - Classic Series,,1427 Hatteras Rd,Durham,364000,,,"Work and play both get their own space in the 4 bedroom 2.5 bathroom Lennon, complete with a spacious loft and study nook. Slate cabinets, marble-look white quartz countertops, light taupe EVP flooring with multi-tone carpet in our Clarity package.",,,not_found,none
5,Marshburn,Landing - Bungalow Series,,4109 Hazel Branch Way,Wendell,351930,,,"Kitchen island for morning coffee, first-floor flex room, and secluded primary suite with sitting area and ensuite bath. Linen cabinets, marble-look white quartz countertops, cool grey EVP flooring and warm grey carpet in our Finesse package.",,,not_found,none
5,Watkins,Glen,,4029 Wesley Chapel Way,Raleigh,496960,,,"Abundant space for work and entertainment with the Sherwood's second floor flex space and spacious kitchen and living area. Slate cabinets, cool-white quartz countertops, sandy EVP flooring with taupe carpet in our Modern Rustic selection.",,,not_found,none
3,Cambria,,,2425 New Bethel Church Road,Garner,399990,,,The Bedrock is a one-story new home with two to three bedrooms. Entertain with ease in this open floor plan and enjoy plenty of convenient storage. Use the flex room for homework or your home office. You'll enjoy feeling pampered in the large owner's suite with a generous walk-in closet.,,,not_found,none
4,Cadence,Meadows,,513 Southland Dr,Zebulon,376000,,,"Chat at the kitchen island during prep, then unwind upstairs in the spacious loft with a book or playlist. Linen cabinets, marble-look white quartz countertops, cool grey EVP flooring and warm grey carpet in our Finesse package.",,,not_found,none
5,Marshburn,Landing - Signature Series,,128 Beadwood St,Wendell,428080,,,"Easy living comes built in with the Chatham's versatile main level flex spaces and ample primary bedroom space. Linen cabinets, marble-look white quartz countertops, reddish-brown EVP flooring and beige carpet in our Refined package.",,,not_found,none
5,Avalon,Place - Signature Series,,2147 Topsail Rd,Durham,444990,,,"Easy living comes built in with the Chatham's versatile main level flex spaces and ample primary bedroom space. Almond cabinets, marble-look white quartz countertops, blonde EVP flooring with beige carpet in our Essence package.",,,not_found,none
5,Drees,On Your Lot - Raleigh,,"8521 Six Forks Road, Suite 500",Raleigh,647800,,,"The Kendall is maximum comfort and functionality in the form of a three-level home. The tone of luxury is set upon entry, with a gorgeous foyer, study, and access to the versatile family foyer. An open and airy centralized living area awaits, featuring access to a family room, kitchen, and outdoor living area with upgradable add-ons. Guests will love the privacy of the main-level guest suite with an adjoining bath. The large primary suite highlights the second level, conveniently connected to a large bathroom and walk-in closet. An unfinished attic area allows for our most creative homeowners to evolve this space into a cozy bonus room.",,,not_found,none
5,Oakwood,,,1122 Winding Spg Dr,Mebane,420000,,,"Sip your morning coffee on the covered patio before heading to the main-level primary suite to get ready for the day. The spacious kitchen provides plenty of prep and storage space for home chefs. Upstairs, the sprawling loft adds versatile living space.",,,not_found,none
3,Blake,Pond,,129 Celtic Ln,Lillington,447030,,,"PRIVATE TREE LINED CUL-DE-SAC HOME ON 0.62 ACRES. Located in the desirable Blake Pond community, this home offers exceptional privacy while remaining close to everyday conveniences. Just minutes from downtown Lillington and downtown Angier, you'll enjoy quick access to local restaurants, shops, parks, and major roadways, making daily errands and commuting simple and convenient. The Arlington floor plan is thoughtfully designed to deliver space, style, and flexibility throughout. Upon entry, you're welcomed by a spacious formal dining room accented with an elegant coffered ceiling, ideal for hosting holidays, gatherings, or special occasions. The expansive living room flows effortlessly into the main living areas, creating an open and inviting layout perfect for entertaining or relaxed everyday living. A separate breakfast area adds both charm and functionality. The kitchen serves as the heart of the home, featuring abundant cabinetry, an oversized quartz island, ceramic tile backsplash, and stainless steel appliances including a wall oven, wall microwave, and a beautifully crafted wood hood. A butler's pantry enhances both convenience and storage. The main level also includes a versatile flex room that can function as a home office, guest suite, or bonus space, along with a full bathroom featuring a walk-in tile shower, ideal for visitors or multigenerational living. Upstairs, a spacious loft provides additional room for work, play, or relaxation. Two secondary bedrooms & a full bath offer comfort and privacy, while the primary suite is a true retreat with tray ceilings and a generous sitting area. The spa-inspired primary bathroom includes double vanities, a five-foot ceramic tile shower with bench, and a large walk-in closet. Enjoy peaceful outdoor living from the screened-in porch overlooking a private, tree-lined backyard at the end of a quiet cul-de-sac. Photos include both model images and the actual home. Estimated May/June delivery timeframe.",,,not_found,none
5,Hickory,Grove,,190 Hickory Grove Dr,Sanford,399999,,,"Welcome to the Ashford at 190 Hickory Grove Drive in Hickory Grove! Step inside from the covered front porch into a welcoming foyer where a secondary bedroom and full bathroom await. The kitchen with its large center island flows seamlessly into the spacious great room and casual dining area, creating an inviting space for gatherings. Upstairs, the serene primary suite features a spa-like bathroom with a roomy shower, dual sink vanity, and walk-in closet. A cozy loft adds extra living space and is surrounded by three secondary bedrooms, a shared full bathroom, and a centrally located laundry room. Families near Sanford, NC, enjoy access to top-rated Lee County schools and nearby higher education options like UNC Chapel Hill, NC State, and Central Carolina Community College. With boutique shopping, great dining, outdoor fun, local farms, art, history, and job opportunities, Sanford blends smalltown charm with bigcity convenience. Additional highlights include: a main floor bedroom and full bathroom, additional windows added to the great room and primary bedroom, and an additional sink added to bathroom 2. MLS#10153180; 758963",,,not_found,none
4,Watkins,Glen,,4204 Wesley Chapel Way,Raleigh,447530,,,"Home has never felt this comfortable with the Brentwood's luxurious primary suite and ample loft and entertaining space. Linen cabinets, white quartz countertops, brown-gray EVP flooring with taupe carpet in our Bold Sophistication selection.",,,not_found,none
4,Saunders,Farm,,2928 Denson Rd,Willow Spring,424990,,,"Perfectly sized, Rockingham is located in Saunders Farm Move In Ready. You'll love this Amenity Rich Community and this site located in a Cul-de-Sac backing to Woods. Off Hwy NC S 55, minutes from Main St. in FV, 15 from NC 540.",,,not_found,none
4,Blake,Pond,,19 Biscayne Ct,Lillington,516215,,,"STUNNING 3-CAR GARAGE HOME ON 0.64 ACRES - designed for space, comfort, and elevated everyday living. Located in Blake Pond, enjoy the convenience of being just minutes from downtown Lillington and Angier, with easy access to shopping, dining, parks, and major roadways. Welcome to The Stonefield, where thoughtful design meets modern functionality. A coffered ceiling dining room makes a bold first impression, while a private study with French doors offers the perfect work-from-home or flex space. The heart of the home is the expansive kitchen, showcasing a 12-foot island, abundant cabinetry with soft-close doors and drawers, quartz countertops, a cabinet-matched vented wood hood, wall oven and microwave, and a timeless herringbone backsplash. The open breakfast area flows effortlessly to both a covered porch and a screened porch, creating ideal spaces for entertaining or relaxing. The family room sits just off the kitchen, along with a main-level guest suite featuring a full bath with a tile shower. Upstairs, a spacious loft anchors the second floor, complemented by two secondary bedrooms, a versatile flex room, hall bath with dual vanities, and a laundry room. The primary suite offers a private covered balcony, dual vanities, soaking tub, tiled shower, and an oversized closet. A 3-car garage adds exceptional flexibility. Home is under construction. August/September completion. Photos are representative and may not reflect the exact home available.",,,not_found,none
5,Watkins,Glen,,3517 Blythedale Ln,Raleigh,449540,,,"Host BBQs on the patio by the kitchen, enjoy two flex rooms for work or hobbies, plus a roomy loft and bedrooms. Almond cabinets, marble-like white quartz countertops, brown EVP flooring with taupe carpet in our Mod Expression selection.",,,not_found,none
3,Tupelo,Junction,,2012 Pollinator Pl,Mebane,414990,,,"Single-level living has a way of slowing the day down in all the right places. This one-story single-family home keeps everything you love within a few easy steps. ## Why You'll Love This Home * Brass accents and warm woods bring quiet drama through the ****London Fog**** package. * The primary suite sits on the main level, no stairs to bedtime. * Guest bedrooms tuck to the ****side of the home**** for everyday privacy. * Kitchen, living, and dining flow together at the ****heart of the home****. * Hardwood soft-close drawers make the kitchen feel collected and refined. * Weeknight cooking gets easier with the ****gas range****. * Transom windows in the Family Room & Primary bedroom bring extra daylight into the space. * Slow mornings start in the ****spa-style primary bath**** with an added tub and shower with a tiled niche. * Tupelo Junction preserves native trees and trails just minutes from Lake Michael Park.",,,not_found,none
5,Avalon,Place - Classic Series,,1421 Hatteras Rd,Durham,398000,,,"Five bedrooms, a second-story loft and an open-concept great room allow you to personalize your space to meet your needs. Linen cabinets, marble-look white quartz countertops, light gray EVP flooring with warm gray carpet in our Fresh package.",,,not_found,none
4,Marshburn,Landing - Classic Series,,6120 Ivy Brook Trl,Wendell,376780,,,"Make guests feel right at home with the main-floor bedroom and full bath while you relax in the spacious primary suite. Slate cabinets, marble-look white quartz countertops, reddish-brown EVP flooring, warm grey carpet in our Divine package.",,,not_found,none
4,Cadence,Meadows,,2501 Rosewood Bluff Dr,Zebulon,407000,,,"Host BBQs on the patio by the kitchen, enjoy two flex rooms for work or hobbies, plus a roomy loft and bedrooms. Slate cabinets, white quartz countertops, warm taupe EVP flooring with warm grey carpet in our Radiant package.",,,not_found,none
4,Duncan's,Creek,,145 Bluestone Dr,Lillington,484700,,,"The Clayton (Craftsman Elevation) at Duncan's Creek blends timeless Craftsman charm with expansive living spaces and thoughtful modern upgrades. Offering 2,699 sq ft, 4 bedrooms, 3 baths, and a 2-car side load garage, this home sits on Lot 68, a 0.59-acre homesite providing privacy, outdoor enjoyment, and everyday functionality in a peaceful Lillington setting. Interior highlights include: Open-concept main level with seamless flow between the kitchen, cafe, and family room Rear fireplace in the family room creating a warm and inviting focal point Gourmet kitchen with premium finishes and propane-ready gas cooking Messy kitchen with sink and window, paired with a private pocket office for organization and productivity Smart Door Delivery Center providing secure, climate-controlled package storage Owner's suite featuring an extended walk-in closet and spa-inspired bath with soaking tub and super shower with additional handheld and rain head First-floor secondary bath upgraded with tiled shower surround and fiberglass pan in lieu of tub Cafe with 2x2 fixed windows allowing abundant natural light Laundry room with utility sink for added convenience Oak tread stairs in place of carpet for durability and timeless appeal Covered patio extending the living space outdoors for entertaining or relaxation Second floor features include: Expanded second-floor layout including additional bedrooms and a full bath Spacious game room offering flexible use for recreation, media, or hobby...",,,not_found,none
4,Marshburn,Landing - Classic Series,,6108 Ivy Brook Trl,Wendell,353000,,,"Make guests feel right at home with the main-floor bedroom and full bath while you relax in the spacious primary suite. Linen cabinets, marble-look white quartz countertops, light brown EVP flooring with beige carpet in our Chic package.",,,not_found,none
5,Barrow,Meadows,,238 Barrow Meadows Dr,Zebulon,474150,,,"Two flex spaces plus a large loft upstairs and open concept plan allow you to customize this layout to your heart's content. Slate cabinets, cool-white quartz countertops, sandy EVP flooring with taupe carpet in our Modern Rustic selection.",,,not_found,none
4,The,Coves on Lake Wylie,,22308 Sweetheart Lane,Charlotte,549990,,,"Part of our Premier series, the Pisgah is a 2-story home that includes a first-floor bedroom and full bath, spacious great room, luxurious second-story primary suite with an optional tray ceiling, a loft and three additional bedrooms. Enter through the foyer to reach the open-concept casual dining and kitchen area. Inviting outdoor living space is just past the great room and casual dining, with opportunities to upgrade to covered or screened outdoor living, or a sunroom. An additional full bedroom and bathroom are also located downstairs off the garage entry. Upstairs you will find the primary suite with an optional tray ceiling, 2 additional bedrooms with a full bath, a laundry room, and a loft with tech area, perfect for a work from home space.",,,not_found,none
5,Marshburn,Landing - Signature Series,,532 Marshrose Rd,Wendell,489970,,,"Guests will enjoy the comfortable first-floor bedroom, while a spacious loft gives everyone a place to relax. Linen cabinets, marble-look white quartz countertops, light gray EVP flooring with warm gray carpet in our Fresh package.",,,not_found,none
5,Avalon,Place - Signature Series,,2111 Topsail Rd,Durham,465990,,,"Easy living comes built in with the Chatham's versatile main level flex spaces and ample primary bedroom space. Linen cabinets, marble-look white quartz countertops, cool grey EVP flooring and warm grey carpet in our Finesse package.",,,not_found,none
5,Oakwood,,,1154 Winding Spring Dr,Mebane,454990,,,"Guests will enjoy the comfortable first-floor bedroom, while a spacious loft gives everyone a place to relax. Almond cabinets, marble-look white quartz countertops, blonde EVP flooring with beige carpet in our Essence package.",,,not_found,none
3,Estates,at Oak Meadow,,60 Oak Meadow Lane,Angier,424990,,,"About the Community: Lock in a 4.99% Fixed Rate on Move-In Ready and To-Be-Built Homes!*Welcome to Estates at Oak Meadow! Discover luxurious single-family homes on spacious half-acre homesites, backed by HHHunt Homes' 10-year builder warranty for added peace of mind.Choose from classic ranch and two-story floor plans featuring three to five bedrooms, up to five-and-a-half bathrooms, two-three-car garages, chef-inspired kitchens, flexible living spaces and private primary suites with large walk-in closets.Personalize your home with designer-selected finishes, fixtures, and layout options through one-on-one consultations at our Raleigh Design Center.Estates at Oak Meadow is conveniently located near NC Highway 55 and the new NC 55 Bypass offering easy access to Fuquay-Varina, Raleigh, and surrounding areas. Enjoy Angier's small-town charm, parks, local events and growing opportunities in a community you'll love to call home.Find the perfect balance of space, comfort, and personalization at Oak Meadow, designed for the way you live.*Limited-time 4.99 percent fixed rate available on select move-in ready and to-be-built homes. Must use builder's preferred lender and meet qualification requirements. Rate subject to change prior to lock based on market conditions. Terms subject to change without notice. Contact on-site sales team for details.",,,not_found,none
5,Avalon,Place - Signature Series,,1448 Hatteras Rd,Durham,438000,,,"Host BBQs on the patio by the kitchen, enjoy two flex rooms for work or hobbies, plus a roomy loft and bedrooms. Linen cabinets, marble-look white quartz countertops, cool grey EVP flooring and warm grey carpet in our Finesse package.",,,not_found,none
5,Avalon,Place - Signature Series,,1452 Hatteras Rd,Durham,431000,,,"Host BBQs on the patio by the kitchen, enjoy two flex rooms for work or hobbies, plus a roomy loft and bedrooms. Slate cabinets, white quartz countertops, warm taupe EVP flooring with warm grey carpet in our Radiant package.",,,not_found,none
3,Cottages,at Wendell Falls,,1301 Barreto Dr.,Wendell,384990,,,"The Aiden is designed for modern living. This open-concept home welcomes you with a seamless flow between the family room, dining, kitchen, and breakfast areas. The kitchen features an Eating Bar, and serves as the heart of the main floor - perfect for both quiet mornings and hosting friends. Enhance your home further by adding an optional deck or screened porch bringing the outside inside. The upper level is a true sanctuary, including a spacious primary suite with a private bath and generous walk-in closet and two secondary bedrooms and a full bath. The upper level adapts to your lifestyle - Whether you prefer a traditional three-bedroom layout or a Dual Primary Bedroom configuration Practical touches like a second-floor Laundry and a 2-Car Detached Garage ensure daily life remains organized and effortless. This home offers the unique opportunity to personalize your space with professional design selections. From a Deluxe Kitchen upgrade to a functional Mudroom, you have the flexibility to tailor the layout and finishes to perfectly reflect your style.",,,not_found,none
3,Carolina,Overlook,,199 Churchill Way,Clayton,429990,,,"Available Aug.-Sept. 2026, this charming ranch home combines affordability and comfort with an open floor plan, designer-selected neutral finishes, and an inviting patio for outdoor gatherings.",,,not_found,none
5,Avalon,Place - Classic Series,,1428 Hatteras Rd,Durham,409000,,,"Five bedrooms, a second-story loft and an open-concept great room allow you to personalize your space to meet your needs. Linen cabinets, marble-look white quartz countertops, light brown EVP flooring with beige carpet in our Chic package.",,,not_found,none
5,Avalon,Place - Signature Series,,1442 Hatteras Rd,Durham,520990,,,"Guests will enjoy the comfortable first-floor bedroom, while a spacious loft gives everyone a place to relax. Slate cabinets, white quartz countertops, warm taupe EVP flooring with warm grey carpet in our Radiant package.",,,not_found,none
3,Carpenter,Falls,,3115 Carpenter Road,Durham,364990,,,The inviting layout showcases an airy open-concept space where the sun-drenched Gathering Room seamlessly connects to the contemporary Island Kitchen and cozy Cafe dining area. Embrace comfort and versatility in your new home!,,,not_found,none
3,Coastal,Haven,,1326 Rosenwald Dr NE Lot 71,Leland,369918,,,"Limited-time rate incentive available for this MOVE IN READY home! Discover space, style, and functional design in the Bowen floor plan, a standout two-story home in Leland's highly desirable Coastal Haven community. The main level is anchored by an expansive open-concept living area that serves as the perfect backdrop for daily routines and weekend gatherings alike. The kitchen is an absolute highlight for anyone who loves to cook, equipped with an upgraded double oven, abundant cabinetry, and a beautiful custom backsplash. Just off the kitchen, a sliding door leads to a covered back patio, extending your living space outdoors for year-round relaxation. Practicality is built right into the ground floor layout with a dedicated mudroom and laundry setup located immediately off the spacious two-car garage entry, creating a seamless drop zone to keep everyday gear organized and clutter-free. Upstairs, the home continues to maximize its square footage, centered around a bright, open loft area that easily functions as a cozy second living room, reading nook, or play space. The second level features three generously sized bedrooms, uniquely designed so that every single bedroom includes its own private walk-in closet for exceptional storage. The primary suite serves as a quiet retreat, offering a spacious en-suite bath and an oversized closet footprint. Living in Coastal Haven means enjoying a welcoming, dog-friendly community atmosphere, complete with low county-only taxes and...",,,not_found,none
4,Wimberly,,,1152 Lancashire Grove Pl,Willow Spring,374990,,,"Love living in the Aspire plan with its open-concept design, perfect for both everyday comfort and entertaining. This home features a dedicated main-level study and a spacious primary owner's suite and bath featuring a tiled shower with a bench.",,,not_found,none
3,Avalon,,,4331 Galahad Lane,Gastonia,395640,,,Entertain with ease on the open-concept main level or upstairs in the spacious loft. The optional garage entry drop zone keeps shoes and backpacks organized. The primary suite features a luxurious bath and walk-in closet.,,,not_found,none
4,Silverstone,Terraces,,1004 Winter Haven Dr,Knightdale,499999,,,"Welcome to the Charleston at 1004 Winter Haven Drive in Silverstone! The gourmet kitchen features a large center island, walk-in pantry, and adjacent dining area that flows into the gathering room, creating a welcoming place to connect and unwind. A first-floor bedroom suite with a private bath offers flexibility for guests, a home office, or multi-generational living. Just beyond the gathering room, the covered patio extends the living space outdoors, providing a comfortable setting for relaxing or dining. Upstairs, the spacious primary suite features a tray ceiling, large walk-in closet, and upgraded bath with a walk-in shower and built-in seat. Two secondary bedrooms share a full bath with dual sinks, while a loft, flex room, and laundry room add versatility. Knightdale is packed with fun, from Movie Night Series and Food Truck Thursdays to the festive Holiday Fair. Enjoy parks like Harper, Knightdale Community, and Mingo Creek, plus local farmers' markets and laidback dining. Nearby Wendell adds smalltown charm, while downtown Raleigh-just nine miles away-offers endless entertainment. With I540 less than a mile away, commuting is easy. Additional Highlights Include: tray ceiling at dining, bench at mudroom, laundry sink, and tankless water heater. Photos are for representative purposes only.",,,not_found,none
4,Avalon,Place - Classic Series,,1506 Hatteras Rd,Durham,386000,,,"Work and play both get their own space in the 4 bedroom 2.5 bathroom Lennon, complete with a spacious loft and study nook. Almond cabinets, marble-look white quartz countertops, blonde EVP flooring with beige carpet in our Essence package.",,,not_found,none
5,Summerfield,,,752 Lynderhill-Home Site Ln # 2,Matthews,1701695,,,"Welcome to the Chesterfield This quick move-in A thoughtfully designed in-law suite sits just off the main living area, complemented by a full bath for ultimate convenience. The chef's kitchen stands out as the true heart of the home, showcasing a spacious center island with abundant seating, a refined butler's pantry conveniently located off the mudroom, and a bright, airy breakfast room designed for effortless everyday dining and casual gatherings. The great room creates a striking impression with soaring ceilings and a sleek gas fireplace, while the first floor also includes a private study, formal living room, and an elegant dining space perfect for refined entertaining. Upstairs, a versatile bonus room offers an exceptional space for work or leisure. Three secondary bedrooms include spacious walk-in closets, and two full bathrooms provide comfort with designer finishes. The owner's suite is a sanctuary of luxury with two expansive walk-in closets and a spa-inspired en-suite designed with elevated details that make everyday living feel indulgent. Key Features: First Floor In-Law Suite with Full Bath Chef's Kitchen with Center Island, Butler's Pantry & Breakfast Room Two-Story Great Room with Gas Fireplace Dedicated Study, Living Room & Dining Room on First-Floor Spacious Owner's Suite with Raised Ceiling, 2 Expansive Walk-In Closets, Attached Full Bath",,,not_found,none
4,Kettle,Creek,,Kettle Creek Drive,Zebulon,519905,,,"Primary suite on the first floor with optional tray ceiling, optional additional window; Primary bath with dual sinks, optional center drawer stack in vanity, private water closet, and walk-in closet; 3 tub/shower layout options:- Standard option with garden tub and separate shower.- Option 1 with 36''x60'' shower and linen closet.- Option 2 with 42''x72'' shower and linen closet. Great room with optional fireplace and access to optional covered porch or grill patio. Formal Dining Room with coffered ceiling and wainscotting detail option- Optional flex room with french door entry in lieu of formal dining room Kitchen open to great room with breakfast area, island with sink, and pantry; Gourmet appliance layout option Mudroom in garage entry with optional bench and coat station, coat closet, and powder room. Optional first-floor laundry room with stacked washer/dryer connections. Second floor with loft at top of stairs, home office, laundry room with optional base cabinet, 3 additional bedrooms, 2 full bathrooms with tub/shower combination, and 2 linen closets Multiple garage layout options available! Community and homesite dependent.",,,not_found,none
4,Avalon,Place - Classic Series,,1432 Hatteras Rd,Durham,361950,,,"Step into a grand two-story foyer, chef's kitchen, main-level primary suite, and loft perfect for movie nights. Slate cabinets, white quartz countertops, warm taupe EVP flooring with warm grey carpet in our Radiant package.",,,not_found,none
4,Jade,Creek,,760 Jade Creek Circle,Chapel Hill,519990,,,* Expansive kitchen island * Dual-sink vanity at primary bath * Primary bedroom at rear of home for added privacy * Large walk-in closet at primary bedroom * Dedicated laundry room * Stainless steel kitchen appliances * Low-E windows * Granite kitchen countertops * Kitchen USB charging port * WaterSense(R) labeled faucets * Smart thermostat * ENERGY STAR(R) certified home * Near entertainment and leisure * Near local schools * Near popular restaurants * Hiking trails nearby * Outdoor recreation nearby * Close to medical facilities,,,not_found,none
5,Country,Lane - Signature Series,,169 N Field Sparrow Way,Clayton,429000,,,"Step from the kitchen to the patio for relaxing. Two flex rooms suit work or hobbies, and a loft sits by bedrooms. Almond cabinets, marble-look white quartz countertops, blonde EVP flooring with beige carpet in our Essence package.",,,not_found,none
3,Ponder,,,481 Everlong Lane,Wendell,389990,,,"Name a more revolutionary trio than the Beastie Boys - we'll wait. But while you think on that, meet Castle in Brooklyn, a plan inspired by bold moves, creative energy, and the timeless chaos of ""Brass Monkey."" The main floor hits all the right notes with a layout that's both open and intentional. A large front porch brings you inside to a layout that's all about options, kitchen to the left, private study to the right, making it a true ""choose your own adventure"" moment. Beyond the kitchen, the home opens up with a spanning rear living and dining area, ideal for entertaining or laying low with your crew. Upstairs, you'll find two secondary bedrooms, a shared hall bath, laundry room, and a loft - all tucked toward the front for easy flow. In the back? Your primary suite, perfectly placed for peace and quiet. With a generously sized bedroom, walk-in closet, and a bathroom built for unwinding, it's a retreat worthy of royalty. Whether you're laying low or living loud, Castle in Brooklyn is ready to help you rock your home base.",,,not_found,none
5,Stonewood,Estates - Legacy,,616 Blackwood Ct,Durham,659900,,,"This quick move-in home is already under construction and will be available in October. Situated on a desirable east-facing homesite, this beautifully designed two-story single-family home offers a private second-floor primary suite for a peaceful retreat at the end of the day, along with a spacious 2-car garage that provides added convenience and storage for everyday living.",,,not_found,none
3,Avalon,,,4328 Tintagel Ln,Gastonia,380490,,,"Enjoy movie night in the spacious second-story loft. The private primary suite boasts a large walk-in closet and dual sinks. Downstairs, the useful kitchen island overlooks the open-concept dining and great rooms.",,,not_found,none
3,Rosedale,- Cottage Collection,,1721 Golden Honey Drive,Wake Forest,378990,,,"This new two-story home is a family-friendly haven. The first floor features an open-plan layout among the kitchen, casual dining area and Great Room, with a door to a covered porch for outdoor living. A secluded study is situated off the foyer. The second floor hosts two secondary bedrooms and a lavish owner's suite with a tray ceiling, private bathroom and large walk-in closet.",,,not_found,none
4,The,View,,5820 Genesee Dr,Durham,741675,,,"Welcome to The View. Our most popular floor plan, the Clark, offers 3,353 sq ft, 4 bedrooms, 3.5 baths and a flexible open layout. This home is situated on a 0.42acre homesite with a wooded backdrop and no neighbor on one side. The first-floor primary suite and the private upstairs suite each feature walk-in closets and en-suite baths. The gourmet kitchen features a wall oven, wall microwave, cooktop, range hood, pantry and energy-efficient dishwasher, seamlessly connecting to the spacious dining area and central gathering room. Upstairs offers two additional bedrooms, a full bath with dual sinks, and a versatile bonus/media room. Enjoy covered front and rear outdoor living spaces, a paved driveway, community sidewalks and convenient access to Downtown Durham, Duke, RTP, shopping, dining and parks. Photos are staged and do not represent this home. Visit our Model Home at 1012 Prominence Dr., Durham, NC.",,,not_found,none
3,Sunset,Meadows,,4220 Ruth Creek Ct,Charlotte,398995,,,"The Braselton II at Sunset Meadows. This two-story home features a wide, inviting entry that leads into a traditional dining room or home office. The open-concept layout seamlessly connects the spacious family room, kitchen, and breakfast area. The kitchen is equipped with 42"" modern cabinets, granite countertops, a large island, pantry, and stainless-steel appliances. Vinyl plank flooring extends throughout the first floor. Upstairs, the large primary suite with tray ceiling includes a large tiled shower, double quartz vanity, linen closet, and a generous walk-in closet. You'll also find two additional bedrooms, a large loft space, and a convenient laundry room on the second floor.",,,not_found,none
4,Shaw,Ridge,,1505 Odette Way,Durham,519990,,,"This new two-story home offers a modern and low-maintenance design. The main level features an open Great Room that flows into the nearby dining room and kitchen-all moments from a screened porch ready for seamless outdoor leisure. A private owner's suite at the back of the home features an en-suite bathroom and a walk-in closet, while a secondary bedroom can be found off the foyer. Upstairs is a spacious loft, ideal for a game room or secondary living space, alongside two additional bedrooms, each with walk-in closets.",,,not_found,none
4,Country,Lane,,134 Painted Bunting Ct,Clayton,406570,,,"Cheer on your favorite team on the big screen in the second-story loft. Down the hall, the primary suite boasts dual sinks, a spacious shower, and walk-in closet. On the main floor, a guest bed and bath will make visitors feel right at home.",,,not_found,none
5,Avalon,Place - Signature Series,,2137 Topsail Rd,Durham,446000,,,"Host BBQs on the patio by the kitchen, enjoy two flex rooms for work or hobbies, plus a roomy loft and bedrooms. Slate cabinets, white quartz countertops, warm taupe EVP flooring with warm grey carpet in our Radiant package.",,,not_found,none
3,Arbor,Glen,,303 Hemlock Dr.,Sanford,395990,,,"Flexibility is a hallmark of the James plan. The James features a large dining room, a well-appointed kitchen with a butler's pantry, and a study that can be an optional first-floor bedroom. The large, family-friendly mud room off the garage gives the space you'll want to drop your belongings at the door and keep your clutter to a minimum. Amenities upstairs include a spacious laundry room with an optional sink, an open loft that can be exchanged for an additional bedroom, and an expansive owner's suite with a sitting room. So whether 3, 4, or 5 bedrooms are needed, the James delivers.",,,not_found,none
5,Solana,,,807 Crews Ct,Durham,568430,,,The Signature Home of Solana. Grand Spaces Designed for Exceptional Living,,,not_found,none
3,The,View,,1005 Prominence Dr,Durham,709024,,,"The Winston European plan offers 2,225 sq ft designed for practical, comfortable living. The main level features a privately situated owner's suite with a spacious walk-in closet, plus a front flex room ready for work or creative use. The kitchen is anchored by a generous island with a Kohler sink, alongside a large walk-in pantry with wood shelving, a wall oven and a wall microwave. Upstairs you'll find two additional bedrooms and a loft for extra breathing room. A 3-car garage keeps the exterior clean and uncluttered. Both the covered front porch and screened in back porch offer easy spots to enjoy the natural surroundings.",,,not_found,none
4,Tupelo,Junction,,1915 Pollinator Pl,Mebane,434990,,,"Wrapped in the balanced style of the Yin & Yang interior package, this Brown Paper Packages home was designed for easy main-floor living with the added flexibility of extra space upstairs. From the welcoming front porch to the open flow between the kitchen, dining, and family room, the layout feels connected, comfortable, and easy to live in. Transom windows in the family room and primary suite bring in natural light, while the screened porch creates a relaxed outdoor space for quiet mornings or casual evenings with friends. At the center of it all, the kitchen features a slide-in gas range, oversized island, hardwood soft-close drawers, and a built-in trash cabinet. Luxury vinyl plank flooring runs throughout the main living areas, into the primary suite, and continues up the stairs for a cohesive feel throughout the home. The first-floor primary suite offers a private retreat with a spacious walk-in closet and a bath with double sinks and a tiled shower with a built-in niche. A separate guest suite on the main floor adds flexibility for visitors, long-term guests, or a home office setup that still feels tucked away from the main living spaces. Upstairs, a versatile loft creates extra room to spread out, whether you need a media space, playroom, or quiet reading area. Two additional bedrooms and a shared bath with dual sinks give everyone their own place to recharge while keeping the layout practical and connected. Designed with both comfort and functionality in mind, this Brown Paper Packages home makes everyday living feel just a little easier. *Photos are for representative purposes only. Home is currently under construction.",,,not_found,none
4,Solana,,,1009 Photosphere Ct,Durham,494280,,,The Murray at Solana; Where open-concept Living Meets Effortless Entertaining.,,,not_found,none
4,Solana,,,805 Crews Ct,Durham,499420,,,The Murray; Elevated Spaces. Everyday Comfort. Endless Possibilities.,,,not_found,none
4,The,Point,,1101 Solace Way,Rolesville,405990,,,"Welcome inside through the covered front porch, where a flex room offers the perfect space for an extra living area. From there, the home opens into the kitchen, dining area, and family room-ideal for everyday living and entertaining. The staircase is located just off the family room, while the mud room and powder bath sit near the kitchen. A walk-in pantry is positioned on the opposite side of the kitchen, and the patio is accessible from the dining area. Upstairs, the primary bedroom features a primary bath and a spacious walk-in closet. Three additional bedrooms share a full bath, with two of those bedrooms offering walk-in closets. The laundry room is conveniently located on the second floor for easy access.",,,not_found,none
3,Sunset,Meadows,,4251 Ruth Creek Ct,Charlotte,370990,,,"The Braselton II has a rear corner covered patio directly accessible from the light-filled family room. A large eat-in island kitchen overlooks the family room for easy entertaining. On the second floor, you can option the spacious loft to a fourth bedroom, which separates the private owner's suite from two secondary bedrooms. The owner's suite includes a massive walk-in closet and private bath and has easy access to the second-floor laundry room.",,,not_found,none
5,Parkside,Crossing,,14031 Glaswick Drive,Charlotte,772990,,,"The Shetland features an open concept first floor with a spacious owner's suite conveniently located on the main level. Upstairs, a large loft provides additional flexible living space, making this plan ideal for families and entertaining.",,,not_found,none
3,Tupelo,Junction,,1244 Shallow Spring Dr,Mebane,383490,,,"Some homes just feel like a reward - like a well-earned symbol of doing life your way. Blue Satin Sashes is designed to give you that feeling every day. Whether you're a perfectionist or a free-spirited pro at life hacks, this plan recognizes your efforts with elevated spaces, purposeful flow, and subtle luxuries that say, you've got this. With 3+ bedrooms, 2.5+ baths, and plenty of flexible space, this home adapts to your rhythm. The open-concept main floor connects the kitchen, living, and dining spaces for seamless movement and effortless hosting. A pocket office gives you a quiet zone to focus, plan, or create - perfect for anyone who thrives on staying productive without missing out on the action. Upstairs, you'll find a spacious loft, two secondary bedrooms, and a private primary suite designed for recharging in peace. Whether you use the extra rooms for guests, wellness, creativity, or quiet, this home gives you the space to shape your days your way. Blue Satin Sashes is a floor plan for those building something meaningful... and doing it beautifully.",,,not_found,none
3,Coastal,Haven,,7478 Julius Dr NE # 32,Leland,374662,,,"Welcome to the Elm floor plan, a single-story ranch home offering effortless main-level living in Leland's popular Coastal Haven community. The exterior sets a welcoming tone with coastal sage siding, board and batten accents, classic brick details, and an inviting covered front porch. Inside, durable luxury vinyl flooring stretches across the entire layout, creating a clean, cohesive look with zero carpet to maintain. The open-concept floor plan connects a spacious kitchen directly to the dining area and an expansive rear family room centered around a modern fireplace. Built for easy everyday living and hosting, the kitchen features a large central gathering island, generous counter space, and a walk-in corner pantry. Just off the family room, step outside to a covered rear porch made for enjoying quiet morning coffee or evening coastal breezes. The primary owner's suite serves as a quiet retreat, highlighted by an elegant tray ceiling, an oversized walk-in closet, and a private en-suite bathroom with a dual-sink vanity and a walk-in shower. Two additional bedrooms share a full hall bathroom with dedicated linen storage, offering a great setup for guests, family, or a quiet home office. A separate laundry room and an attached two-car garage complete the home's practical single-level layout. Living in Coastal Haven means enjoying low Brunswick County taxes, a dog-friendly atmosphere, and a scenic walking trail around the neighborhood pond and fountain. Located just minutes...",,,not_found,none
5,Hickory,Grove,,217 Hickory Grove Dr,Sanford,439999,,,"Welcome to the Ashford at 217 Hickory Grove Drive in Hickory Grove! This beautiful new home offers a bright, open layout with the main level featuring a spacious gathering area that flows seamlessly into the dining and well-appointed kitchen with a large island and pantry. A private bedroom suite on the first floor provides flexibility for guests, while the covered patio is ideal for outdoor living year-round. Upstairs the loft creates the perfect space for relaxing or working from home and leads to the expansive primary suite complete with a walk-in closet and dual-sink bath. Three additional bedrooms and laundry conveniently located upstairs complete this spacious layout. Families near Sanford, NC, enjoy access to top-rated Lee County schools and nearby higher education options like UNC Chapel Hill, NC State, and Central Carolina Community College. With boutique shopping, great dining, outdoor fun, local farms, art, history, and job opportunities, Sanford blends smalltown charm with bigcity convenience. Additional Highlights Include: Tray ceiling at primary suite, transom windows at gathering room and primary suite, and extended primary shower with bench. MLS#10176038;764838",,,not_found,none
4,Bedford-Highlands,,,243 Marlborough St,Raeford,401000,,,"This spacious layout offers an elegant living experience, perfect for those who desire a versatile and modern living space. Let's delve into the captivating features of this exceptional floorplan. Upon entering, you'll find yourself in a welcoming foyer that sets the tone for the entire home. The ground floor boasts an open-concept design, seamlessly connecting the main living areas. The perfect guest suite is on the main floor with an accessible full bath. The spacious covered patio is great for entertaining or just enjoying the outdoors. The owners suite is a private retreat with a spacious bedroom and an en-suite bathroom. The owners bathroom offers great amenities, including a double vanity. Two additional bedrooms on the second floor are thoughtfully designed to accommodate family members, guests, or a home office. The second floor also offers the perfect additional spacious loft that is perfect bonus space.",,,not_found,none
3,Cameron,Crossing,,388 Maverick Ln,Dunn,417990,,,"The Jordan floor plan offers a well-balanced two-story design that spans 2,408 square feet, perfectly blending functionality and comfort. The home features an inviting upstairs loft, ideal for additional living space or a cozy retreat, as well as a separate study that provides a quiet area for work or hobbies. The primary suite is conveniently located on the first floor, with direct access to the laundry room through the walk-in closet, adding a layer of convenience to your daily routine. The main level also includes a two-car garage, offering ample storage and easy access. Photos are for illustration purposes only. Actual home may vary in features, colors, and options.",,,not_found,none
3,Helmsley,,,702 Orchard Vista Cir,Raleigh,406900,,,"Discover the Richmond A at Helmsley by Smith Douglas Homes, an interior townhome offering 1,853 square feet, 3 bedrooms, and 2.5 baths in Raleigh. The first floor features a versatile flex space, ideal for a home office or playroom, along with a screened outdoor living area for year-round enjoyment. Upstairs, the second floor opens into an inviting kitchen with granite countertops, 42-inch cabinetry, a brick-lay tile backsplash, and a pantry, flowing into the dining area and a family room brightened by low-profile LED lighting. Luxury vinyl plank flooring runs throughout the main level, with an iron stair rail adding a modern touch. On the third floor, the private owner's suite offers a spa-like bath with a double-bowl quartz vanity, a large tile shower, and a comfort-height toilet, while two additional bedrooms and a full bath complete the level. Additional highlights include a Schlage smart deadbolt and faux wood blinds throughout. Schedule your tour of this Helmsley townhome today! Representational photos - home under construction.",,,not_found,none
4,Solana,,,1104 Photosphere Ct,Durham,466650,,,Contact Sales for Details,,,not_found,none
3,Helmsley,,,704 Orchard Vista Cir,Raleigh,403900,,,"Discover the Richmond A at Helmsley by Smith Douglas Homes, an interior townhome offering 1,853 square feet, 3 bedrooms, and 2.5 baths in Raleigh. The first floor features a versatile flex space, ideal for a home office or playroom, along with a screened outdoor living area for year-round enjoyment. Upstairs, the second floor opens into an inviting kitchen with granite countertops, a pantry, and oil-rubbed bronze fixtures throughout, flowing into the dining area and family room. Luxury vinyl plank flooring runs across the main level. On the third floor, the private owner's suite offers a spa-like bath with a double-bowl granite vanity and a large tile shower, while two additional bedrooms and a full bath complete the level. Additional highlights include a Schlage smart deadbolt and faux wood blinds throughout. Estimated completion October 2026, schedule your tour of this Helmsley townhome today! Representational photos home under construction.",,,not_found,none
5,Watkins,Glen,,3532 Blythedale Ln,Raleigh,527940,,,"Two flex spaces plus a large loft upstairs and open concept plan allow you to customize this layout to your heart's content. Slate cabinets, marble-like quartz countertops, light brown EVP flooring with taupe carpet in our Fresh Artisan selection.",,,not_found,none
3,Riverlights,,,5309 Folklore Way,Wilmington,495500,,,"Estimated Completion: August 2026! Welcome to the Clay, built by New Leaf Builders, a thoughtfully designed single-story home offering 1,603 square feet of comfortable, open-concept living. This inviting floor plan features 3 bedrooms and 2 full bathrooms, blending style, functionality, and modern finishes throughout. At the heart of the home, the spacious kitchen is designed for both everyday living and entertaining. Showcasing 42-inch stone gray upper cabinets, elegant Carrara Marmi quartz countertops, and a custom herringbone backsplash, this space is as beautiful as it is practical. Stainless steel appliances--including a gas range, vent hood, microwave, and dishwasher--complement the design, while soft-close doors and drawers, a convenient pull-out trash cabinet, and under-cabinet lighting add thoughtful touches. The open kitchen flows seamlessly into the dining and living areas, creating a bright and welcoming space for gathering with family and friends. Guests will appreciate the generously sized secondary bedrooms and well-appointed full bathroom. Privately situated at the rear of the home, the owner's suite offers a peaceful retreat complete with a spacious walk-in closet. The luxurious primary bathroom features a fully tiled zero-entry shower, dual white vanity with Carrara Marmi quartz countertops, and stylish matte black lighting and plumbing fixtures. Luxury vinyl plank flooring extends throughout the home, providing durability, low maintenance, and a cohesive...",,,not_found,none
5,Shadow,Ridge,,Dukes Lake Road,Zebulon,719970,,,"Formal dining room with coffered ceiling and wainscoting detail option Formal flex room with optional french door entry Great room with optional corner gas log fireplace Kitchen open to great room with breakfast area and island; Gourmet appliance layout option Optional covered porch or patio with 3 door options Primary Suite on the first floor with third window option for added natural lighting, optional tray ceiling, walk-in closet, dual sinks and 3 tub/shower layout options- standard bath layout with garden tub and separate shower.- Option 1 with 36x60'' shower plus linen closet.- Option 2 with 42x72'' shower with bench plus linen closet. Utility room in garage entrance with built-in coat station option and washer/dryer connections and optional base cabinets 2 additional bedrooms on first floor with added window options and walk-in closets; hallway access to bathroom with tub/shower combination and linen closet Second floor with 2 additional bedrooms, bonus room and full bathroom with linen closet Multiple garage layout options with optional pedestrian door Front door with optional transom window and full covered porch option",,,not_found,none
3,Fairfield,Harbour,,1312 Mona Passage Ct,New Bern,379900,,,"The Magnolia is a classic 1,788 sq. ft. open-concept home featuring 3 bedrooms and 2 baths. Artistically utilized for modern living, the gourmet kitchen boasts a massive island that flows into a Great Room with cathedral ceilings. The master suite offers a tray ceiling and an ensuite with tiled shower walls. With LVP flooring in common areas and Fortner Homes' signature high-efficiency standards, this model is expertly tailored for style and durability. Experience quality that exceeds code",,,not_found,none
3,Tyson's,Trail Estates,,243 Dona Dr,Carthage,549990,,,"READY DECEMBER! Meet the Buckley - a brand-new RANCH plan designed for easy, elegant living. This thoughtfully designed home features 3 bedrooms, a study, 3 full bathrooms and model level design finishes. A private study with french doors greets you as you walk in, offering a wonderful space for a home office, formal dining room or additional den. The kitchen anchors the home with a large center island, sleek quartz counters, gas cooking and walk-in pantry, opening seamlessly to the dining area and family room with fireplace - perfect for everyday living and entertaining. Enjoy indoor-outdoor living with a screened porch and deck, just off the dining nook. The Primary Suite offers a relaxing retreat with a spacious walk-in closet and ensuite bath featuring double vanity and 5' tiled walk-in shower. Two additional bedrooms, each with attached baths, provide comfort and privacy for guests and family. Convenient laundry room with small, attached bonus room complete this versatile and stylish single-level home. Conveniently located just 20 minutes from Southern Pines, with easy access to Hwy 22, US 501 and US 1, Tyson's Trail Estates makes both commuting and exploring the area effortless. Enjoy nearby healthcare, shopping, dining and recreational options in the Town of Carthage. Plus, with Fort Bragg just a short drive away, it's an ideal location for military families. (Home is under construction - Photos are from builder's library and shown as an example only. Colors, features",,,not_found,none
3,Honeycutt,Hills,,64 Shelby Meadow Lane,Angier,440990,,,"From the moment you step inside, the Stonefield makes a lasting impression. The foyer is flanked by a formal dining room and a versatile living room, which can be transformed into a private study. At the heart of the home, the kitchen, breakfast area, and family room come together to create an impressive space. The kitchen is stunning, boasting a massive center island, abundant cabinetry, and a convenient butler's pantry. Furthermore, the main level comes with a secondary flex space off of the family room, ideal for a playroom, home office, or the option to convert into a first-floor bedroom with a full bath. Homeowners can further enhance the main living area with options such as a gourmet kitchen upgrade, a cozy fireplace, a bright morning room, a breakfast extension or a rear porch to extend the living space outdoors. Upstairs, the Stonefield greets you with a spacious loft, three well-sized secondary bedrooms, a full bath and the primary suite with its own en suite bath. The primary bath is outfitted with dual vanities, a gorgeous tub and separate shower. The primary suite can be expanded in tandem with a breakfast area extension below, creating even more space to unwind. Optional features such as a private deck off the primary suite and a side porch on the main level add unique opportunities to enjoy outdoor living. The possibilities are endless with the Stonefield-a home that adapts to your lifestyle. Photos are representative and may not reflect the exact home available.",,,not_found,none
3,Helmsley,,,714 Orchard Vista Cir,Raleigh,404990,,,"Smith Douglas Homes proudly presents the Richmond A at Helmsley. HOME UNDER CONSTRUCTION. EXPECTED COMPLETION, NOVEMBER. REPRESENTATIONAL PHOTOS. Discover stylish, low-maintenance living in this beautifully designed three-story townhome offering 3 bedrooms, a versatile lower-level flex space, and a screened outdoor living area perfect for relaxing or entertaining. The spacious kitchen shines with 36-inch cabinetry, granite countertops, and stainless steel appliances, while luxury vinyl plank flooring enhances the main level. Upgraded family room lighting and whole-house blinds add comfort and convenience throughout. The owner's suite offers a relaxing retreat with a dual vanity, quartz countertops, and a walk-in tile shower with glass door. Bathrooms throughout feature quartz countertops for an elevated finish. Helmsley is a boutique neighborhood of just 24 exclusive townhomes in the heart of Raleigh, minutes from Fenton's premier dining, shopping, and entertainment. Investor-friendly with potential for Airbnb/short-term rental use.",,,not_found,none
3,The,Coves on Lake Wylie,,17106 Walker Wylie Dr,Charlotte,554990,,,"Welcome to the Manteo at 17106 Walker Wylie Drive in The Coves on Lake Wylie! This thoughtfully designed two-story home features an open great room, airy kitchen with upgraded appliances, and casual dining area that flows to covered outdoor living. Upstairs, the private primary suite is joined by two secondary bedrooms, a full bathroom, laundry room, loft, and tech area for added flexibility. The Coves on Lake Wylie offers lake access with kayak, canoe, and paddle board storage, a community dock, and planned amenities including a resort-style pool, pickleball courts, trails, play area, and dog park, with convenient access to Charlotte-area shopping, dining, and recreation. Additional Highlights Include: Primary bath fiberglass shower pan, covered outdoor living, windows in the primary bath and half bath, and whole house blinds. Photos are for representative purposes only.",,,not_found,none
4,Carnes,Crossroads - Arbor Collection,,315 Carolina Sunrise Dr,Summerville,564725,,,"The first floor of this two-story home opens to the living room at the front and the kitchen, breakfast nook, Great Room and patio in the rear, creating various spaces to host guests during special gatherings. A luxe owner's suite enjoys a location at the back of the first floor with an en-suite bathroom and walk-in closet for optimal privacy. Upstairs are three secondary bedrooms, which are great for residents and overnight guests, and a versatile loft, which adds extra living space.",,,not_found,none
3,Laurens,Glen,,Tbd Fraiser St,Simpsonville,612499,,,"This new two-story home offers desirable features including a spacious three-car garage and mudroom for added storage and convenience. An open-concept floorplan with access to a spacious covered patio simplifies everyday entertaining and multitasking on the first floor. A formal dining room is partially sequestered among the open layout near a living room at the front of the home. Two bedrooms surround the main living area, including the luxurious owner's suite with a spa-inspired bathroom and dual walk-in closets. On the second floor, a versatile loft is located near an additional bedroom.",,,not_found,none
5,The,Coves at the Lakes of Cane Bay,,451 Radiant Blue Way,Summerville,542990,,,"The Hurley's welcoming foyer gives way to the spacious kitchen and open-concept living area. A flex space on the main level, plus a large loft upstairs, allow you to customize the layout to fit your needs.",,,not_found,none
5,Laurens,Glen,,204 Fraiser St,Simpsonville,628999,,,"This new two-story home provides ample space for the whole family to thrive. The first floor features an open design among the family room, kitchen and breakfast room, plus a formal living and dining room, a covered patio, a luxe owner's suite and a secondary bedroom. The second floor hosts three secondary bedrooms with walk-in closets and a loft and a bonus room that add shared-living space.",,,not_found,none
4,Julia,Golimaz,,1914 Clifton St,North Charleston,550000,,,"Welcome to 1914 Clifton Street in North Charleston, a beautifully designed modern home offering 4 bedrooms, 4 full bathrooms, and 1 half bath, with the exceptional convenience of a private full bath for every bedroom.The main level features one bedroom with its own full bath, along with a bright open-concept living, dining, and kitchen area designed for both everyday living and entertaining. A conveniently located half bath near the main entrance provides easy access for guests. The kitchen is a true focal point, showcasing white shaker cabinetry, quartz countertops, a dramatic marble-look backsplash, matte-black hardware, designer pendant lighting, a large center island with seating, and a suite of premium designer appliances with a sleek, upscale finish. LVP flooring flows through th main living areas, complemented by recessed lighting, custom trim details, and abundant natural light. Upstairs, you'll find three additional bedrooms, each with its own private full bathroom, along with a second-floor foyer and dedicated washer and dryer hookups for added convenience. Generous closets with built-in shelving and hanging systems provide excellent storage throughout. The bathrooms continue the home's contemporary design with stylish tile work, glass shower enclosures, illuminated mirrors, quartz-topped vanities, and modern black fixtures. Outside, the home offers a covered rear patio overlooking a spacious, fully fenced backyard, creating an inviting setting for outdoor dining, entertaining, pets, or recreation. The modern farmhouse-inspired exterior, wide concrete driveway, fresh landscaping, and privacy fencing complete the polished presentation. Located near Park Circle, this home offers convenient access to I-26 and I-526, providing connectivity throughout the Charleston area. The nearby Navy Yard Charleston district continues to evolve with new residential, dining, retail, office, and entertainment investment, adding to the energy and appeal of this growing North Charleston area. With 4 en-suite bedrooms, 4.5 baths, quartz countertops, LVP flooring, premium appliances, second-floor laundry hookups, modern finishes, and a private fenced yard, 1914 Clifton Street delivers a rare combination of style, privacy, functionality, and location.",,,not_found,none
4,SayeBrook,,,1746 Tryon Dr,Myrtle Beach,634915,,,Contact Sales for Details,,,not_found,none
3,Crescent,Cove,,407 River Edge Dr,Myrtle Beach,409815,,,Welcome to Crescent Cove! Stop by today to learn more about our Stardom quick move-in home! Future Intracoastal Waterway amenities are underway!,,,not_found,none
3,Mary,Ballam,,906 Pinckney St,McClellanville,669500,,,"Beautiful Lowcountry Home in the Historic District of McClellanville Village. This home has the appearance of Southern Charm with a modern interior and open floor plan. Gorgeous porches overlooking the natural settings and stunning oak trees in the front and back with such a relaxing scenary. This home is within walking distance to an amazing restaurant, docks, seafood market and all that McClellanville has to offer. There is a seperate cottage in the back that has electricity and can be a small guest house, study, office or work out room. McClellanville does offer a private boat ramp to residents with yearly pass",,,not_found,none
4,The,Coves at the Lakes of Cane Bay,,449 Radiant Blue Way,Summerville,466990,,,"Entertain with ease in the Gibson's bright, open-concept living space. A secondary bath with dual sinks serves both secondary bedrooms, while the private primary suite boasts a walk-in shower and impressive closet.",,,not_found,none
3,Ladd,Shuford,,500 Sound Dr,Summerville,524900,,,"Note that this home is taxed at a 6% rate as it not a primary residence.Welcome to 500 Sound Drive--now offered at $524,900 and ready for its next owner! This stunning David Weekley Brentwood floor plan is vacant, move-in ready, and available for easy Show & Go appointments, making it simple to experience everything this exceptional home has to offer. Situated on a prime corner lot in Nexton's highly sought-after Midtown community, this beautifully upgraded three-bedroom + study single-story home offers 2,194 square feet of thoughtfully designed living space and an impressive collection of builder and custom upgrades.From the moment you step inside, the home feels remarkably spacious and refined.Ten-foot ceilings and eight-foot doors extend throughout the single-level layout, while oversized windows fill the home with natural light. The sophisticated interior is finished in popular Drift of Mist with Pure White trim and doors, complemented by upgraded Shaw Luxury Vinyl Plank flooring in Legato Hills that flows beautifully throughout the main living spaces. At the heart of the home is an expansive open-concept great room, kitchen, and dining area designed for both everyday living and effortless entertaining. The kitchen is anchored by a generous center island that keeps the cook connected to family and guests, while the seamless flow between the kitchen, dining area, and great room creates an inviting gathering space. The thoughtfully designed split-bedroom floor plan provides wonderful privacy and versatility. A spacious front guest bedroom overlooks the charming front porch, while the beautifully appointed hall bath features designer wallpaper, quartz countertops, tile flooring, a tiled tub surround, and stylish brushed-gold fixtures and lighting. A second generously sized bedroom easily accommodates a queen-size bed, while the fourth bedroom features elegant French doors and offers the flexibility to serve as a private home office, study, or additional sleeping space. Privately tucked away off the great room, the owner's suite is a true retreat, featuring an oversized bedroom, dramatic tray ceiling, and three large windows overlooking the backyard. The spa-inspired en-suite bath showcases a spectacular Super Shower finished in crisp white tile, while the adjoining oversized walk-in closet is outfitted with extensive custom built-ins. An additional door connects the owner's closet directly to the laundry room--an exceptionally convenient feature for everyday living. Indoor and outdoor living come together through an impressive nine-foot multi-slide glass door opening from the great room to the extended screened porch, creating an ideal setting for entertaining, relaxing, or alfresco dining. Beyond the porch, the large backyard is enclosed by a privacy fence, offering plenty of room for pets, play, or simply enjoying the outdoors. The pristine two-car garage is finished with a durable epoxy floor for an additional polished touch. With its single-level living, four bedrooms, extensive upgrades, custom owner's closet, screened porch, fenced backyard, prime Midtown location, and new price of $524,900, 500 Sound Drive represents an outstanding opportunity in Nexton. The home is vacant and Show & Go--schedule your showing and come see it today!",,,not_found,none
4,Michael,Piazza,18435572026,224 Crosswick St,Summerville,624000,,,"Our Webster B in the luxurious Pineland Preserve community in Summerville!! On the 1st floor, there's a a formal dining room by a beautiful foyer entrance that leads into the family room; a spectacular kitchen that has an enormous kitchen island, with a gourmet kitchen; a flex/bedroom on the first floor that has a full bathroom adjacent, as well as a convenient powder room. Upstairs you'll find a luxurious primary suite with oversized walk-in-closets and an 8' tile shower in the primary bathroom; huge loft and two bedrooms that share a Jack and Jill bathroom. Enjoy a sunset with pond view on your porch. We are located about 3 miles from downtown Summerville in the sought after DD2 school district. Estimated October/November completion",,,not_found,none
3,Toll,Brothers at SayeBrook,,1139 Milford Way,Myrtle Beach,494995,,,"The Waccamaw combines thoughtful design with effortless style. A wraparound front porch leads into a striking two-story foyer that opens to the great room, casual dining area, and kitchen perfect for everyday living and entertaining. The kitchen includes a center island and walk-in pantry for added storage and prep space. The main-floor primary bedroom offers privacy, featuring a spacious walk-in closet and a bath with a dual-sink vanity, shower, and private water closet. Upstairs, two secondary bedrooms with walk-in closets share a full hall bath and connect to a flexible loft. Additional highlights include a first-floor laundry, powder room, everyday entry with drop zone.",,,not_found,none
4,Forest,Edge by Toll Brothers,,206 Quimby Hill Dr,Huger,663995,,,"The charming Elise s thoughtful design makes use of every square foot. A welcoming foyer flows past a sizable flex room into the open-concept great room and casual dining area with rear yard access. Adjacent, the well-designed kitchen is complemented by a large center island with breakfast bar, plenty of counter and cabinet space, a prep kitchen, and a roomy walk-in pantry. The marvelous primary bedroom suite is defined by an ample walk-in closet and a lovely primary bath with dual vanities, a luxe shower, linen storage, and a private water closet. Central to a generous loft, secondary bedrooms feature sizable closets and a shared hall bath with a separate dual-sink vanity area. Additional highlights include conveniently located second-floor laundry, an everyday entry with drop zone, a powder room, and ample additional storage.",,,not_found,none
3,Lorraine,T Clippinger,,281 Lyman Lake Rd,Lyman,699000,,,"Customized lake home with those sought-after sunset views. 3 bedroom, 3.5 baths. This home has a detached 2-car garage and plenty of parking - which is often hard to find on Lyman Lake Road. 101 feet on the water with floating dock and seawall. Back yard is a relaxation paradise. Covered patio with stone accents and outdoor fireplace. There is plenty of room for friends and family to gather in this cozy area overlooking the lake. All ages can comfortably enjoy this area with a fenced yard for safety. One of the best sunset views on the lake. Wrap around decking on main level. Plenty of windows to take in the views. Eat-in kitchen with lake views and raised countertop for seating. Stainless appliances, granite countertops and ample maple cabinets. Master bedroom on main with large bath with oversized shower and walk-in closet. 2 guest bedrooms on 2nd floor with full bath. One bedroom is being used as an office/zoom meeting space. Basement is an entertaining paradise with huge game/rec room with access to the fantastic lower covered patio and landscaped walk to the dock. Would make a fabulous bunk room for the kids. Lush landscaping in both front and back yards. The azaleas make this a must-see yard in the spring. Both heat pumps replaced in 2023. Irrigation controller is wi-fi enabled, and there is a water shutoff valve that is also wi-fi enabled. No projects here. Just bring the boat, fishing poles, relax and make lake memories. 25 miles to downtown Greenville. Easy commute to Greenville or Spartanburg. Lyman Lake allows waterskiing and pulling water toys. 90-hp outboard motors, 135-hp inboard motors. Agent lives nearby. Short-notice showings available.",,,not_found,none
5,Chatham,Forest,,108 Lavinia Circle,Duncan,368900,,,"Sip your coffee from the Chatham's charming back patio. Inside, versatile flex spaces allow you to customize the main level to fit your needs. The impressive primary suite boasts dual sinks and a large walk-in closet.",,,not_found,none
5,Westpoint,Gardens by Toll Brothers,,107 Arabella Dr,Piedmont,562995,,,"The Frasier offers a beautiful open floor plan for modern living. A lovely dining room is adjacent to the airy foyer, which offers views to the spacious great room. Adjacent to a charming casual dining area with rear yard access, the well-appointed kitchen offers an oversized center island with breakfast bar, plenty of counter and cabinet space, an ample walk-in pantry, and a butler pantry with a pass-through to the dining room. The gorgeous primary bedroom suite is enhanced by dual walk-in closets and a gracious primary bath with dual vanities, a luxe shower, linen storage, and a private water closet. Secondary bedrooms, two with a shared bath with a separate vanity area, one with a shared hall bath, feature walk-in closets. Additional highlights include a versatile first-floor bedroom with a walk-in closet and a private bath, a generous loft, easily accessible second-floor laundry, a powder room, a drop zone, and ample additional storage.",,,not_found,none
3,Bethany,Farms,,3 Birch Horizon Ave,Simpsonville,602995,,,"The Galia combines elegant style and refined luxury throughout the home. A welcoming foyer leads to an open-concept living area, seamlessly connecting a gorgeous great room, a gourmet kitchen, and a casual dining space. The well-appointed kitchen includes a center island with a breakfast bar and a generous walk-in pantry. A covered patio extends the living area and provides an ideal space for indoor-outdoor entertaining. The primary bedroom provides a peaceful retreat with a spacious walk-in closet and a luxurious bath featuring a dual-sink vanity, a relaxing shower, and a private water closet. Two secondary bedrooms offer ample closet space and personal private full baths, providing comfort and privacy for family members or guests. Additional highlights include a versatile flex room and an expansive two-car garage.",,,not_found,none
3,Blue,Heron Retreat,,759 Ebb Tide Road,Little River,399990,,,"The Aspen artfully balances high-end design with everyday livability in this ranch-style retreat. From the welcoming front porch, the cozy foyer is flanked by a versatile flex space that can transform into a private study. The heart of the home showcases a contemporary kitchen with a center island, flowing into the breakfast area and expansive family room. Outdoor living spaces grace both front and back, with a charming, covered porch and expansive covered patio - perfect for savoring morning coffee or evening cocktails while enjoying the coastal breeze. A luxurious primary suite includes a spacious walk-in closet and private bath, while two additional bedrooms share a full bath. A two-car garage offers plenty of space for storage, parked vehicles, and more.",,,not_found,none
4,Craig,Premo,18438103746,104 Basler St,Ladson,415000,,,"Welcome to 104 Basler Street, an expansive 2,884-square-foot retreat nestled on a quiet, generous 0.28-acre cul-de-sac lot in the heart of Summer Park! Designed for modern living and effortless entertaining, this classic two-story home greets you with incredible versatility. Step inside to discover a bright, open floor plan with fresh paint and new hardwood flooring throughout. An updated eat-in kitchen connects directly to a cozy family room centered around a focal steel fireplace. Transition seamlessly outdoors to your private 10x12 screened porch, the perfect spot for morning coffee or evening breeze, overlooking an enormous backyard with endless potential.Upstairs, an oversized primary suite awaits as your personal sanctuary, featuring a massive walk-in closet and a spa-inspired en-suite bath with a new vanity, garden tub and newly renovated separate shower. Beyond the main living areas, the ground floor offers flexible formal spaces alongside a dedicated study behind double doors--an ideal sanctuary for a home office, quiet library, or dedicated workout room. Three additional generously sized bedrooms on the upper level ensure everyone enjoys comfortable, private accommodations. Complete with two and a half bathrooms, a spacious two-car attached garage, and a prime location near top Summerville amenities and major commuter routes, this exceptional Ladson property delivers the perfect balance of comfort, convenience, and lowcountry charm. All appliances including refrigerator, washer and dryer will convey with an acceptable offer!",,,not_found,none
4,Gretchen,Walters,12179725611,35 Pinerock Dr,Travelers Rest,799000,,,"Welcome to maintenance-free living at its best in The Valley at Cherokee Valley, where timeless Craftsman character, thoughtful design, and an exceptional lifestyle come together. Just six years young and situated on a .40-acre homesite, this beautifully appointed ranch offers a rare and highly desirable floor plan featuring not one, but TWO spacious primary suites on the main level, along with two additional bedrooms and a third full bath-all conveniently located on one level. From the moment you step inside, it's the details that set this home apart. Custom built-in bookcases add warmth and character, while a dedicated bar area makes entertaining effortless. The beautifully designed kitchen is anchored by a top-of-the-line gas range and complemented by a fabulous walk-in pantry offering exceptional storage. Custom wood shelving can be found throughout nearly every closet, and one of the primary suites features dual his-and-hers walk-in closets, providing the organization and space rarely found in a ranch-style home. Designed for comfortable everyday living as well as entertaining, the home extends seamlessly outdoors to an expansive screened-in patio-the perfect setting for morning coffee, relaxed evenings, or gathering with friends while enjoying the peaceful surroundings. Beyond the home itself, life in Cherokee Valley is about so much more than an address. Nestled in the Blue Ridge Mountain foothills of Travelers Rest, this sought-after community offers beautiful natural surroundings, a P.B. Dye-designed golf course, dining at CORE 450, and an inviting sense of community-all within convenient reach of downtown Travelers Rest, Greenville, and the mountains of Western North Carolina. With its four-bedroom, three-bath single-level design, two primary suites, custom details, bonus room, generous outdoor living space, and maintenance-free lifestyle, this is a home designed not simply to live in, but to truly enjoy.",,,not_found,none
5,Parkers,Summit,,27 Bramall Dr,Greer,627329,,,"Meet the Congaree at Parkers Summit, an ideal setting for active outdoor recreation and community gatherings year-round. This move-in ready Congaree delivers 3,532 square feet across two floors, five bedrooms, three full baths, a powder room, and a two-car garage. From the garage, a mudroom leads into the kitchen, where white island cabinetry sits below Calacatta Idillio quartz countertops, bronze pulls catch the light, and GE stainless appliances, including a gas cooktop and wall oven, handle serious cooking nights. Pendant lighting overhead and a butler's pantry nearby give the space room to breathe. The fireplace in the family room, finished with an upgraded surround, pulls the main level together on slower evenings. Step outside and the covered patio stretches the gathering space further. Back inside, the main-level primary suite offers a walk-in closet and a bath with a freestanding soaking tub. Upstairs, four additional bedrooms, each with a walk-in closet, share three full baths. The kitchen island seats enough people that prep and conversation run at the same time, leaving the covered patio ready when the evening calls for open air. Key features include: Laundry room wall cabinets add built-in storage overhead. Pearl gray siding with coastal blue shutters and a meander blue front door. Your next chapter starts here. Schedule a private tour today to view this exceptional home.",,,not_found,none
3,Tavern,Hill,,304 Penny Weight Ln,North Augusta,365985,,,"Introducing the Faith at Tavern Hill, an ideal retreat with wooded views, pool, and nearby recreational trails for outdoor enjoyment. This Faith delivers 2,358 square feet across two floors, with three bedrooms, two full baths, a powder room, and a two-car garage. The main level flows from the kitchen through the dining area and into the family room, with a walk-in pantry keeping the kitchen side organized and a covered patio pulling the back of the home outside. The main-floor primary suite sits well apart from the rest of the house, with a walk-in shower, dual-sink vanity, and a walk-in closet, and the laundry room close by. Upstairs, three bedrooms and a flex room give the upper floor plenty of range for work, rest, or both. There is still time to personalize this home with your choice from our available Design Collections. Current pricing reflects base and structural options; final pricing may adjust once selections are made. Inside, you will find: A family room fireplace adds warmth to the main living space. Mudroom cubbies with a bench keep the entry organized. The secondary bath includes a dual vanity for busy mornings. A utility sink in the laundry room handles heavy-duty cleanup. This is the one you've been waiting for. Take the next step and schedule your private tour today.",,,not_found,none
4,Hunt,Club,,83 Rifle Road,Ridgeland,409990,,,"Welcome to The Montclair, a beautifully designed two-story single-family home that offers flexibility, comfort, and modern living. The main level features a versatile flex room that can serve as a home office, playroom, or formal sitting area, along with a convenient powder room. At the heart of the home, the open family room flows seamlessly into the dining area and kitchen, creating an inviting space for everyday living and entertaining. Just outside, the patio provides the perfect setting for outdoor gatherings or peaceful evenings. Upstairs, the spacious primary suite offers a private retreat with an ensuite bathroom and generous walk-in closet. Three additional bedrooms and a full hall bathroom provide ample space for family, guests, or hobbies. Thoughtfully designed, The Montclair adapts to your lifestyle and offers room to grow. Located in the charming Brunson Station community, The Montclair combines a beautiful home with a convenient lifestyle. Enjoy close proximity to major employers and vibrant Downtown Savannah, known for its historic charm, dining, and entertainment. Shopping and recreation are also nearby, putting everything you need within easy reach. At Brunson Station, you'll find the perfect blend of comfort, convenience, and connection. Discover The Montclair today.",,,not_found,none
3,Martintown,Ridge,,5343 Proper Ct,North Augusta,356000,,,"Take a look at the Tyndall at Martintown Ridge, an ideal location near dining, shopping, outdoor recreation, and major employers. This Tyndall spreads 2,325 square feet across two floors, with three bedrooms, two full baths, a powder room, and a two-car garage. A pocket office sits just off the entry, quiet from the kitchen and family room. The kitchen runs a large island through its center with pantry storage and opens into the dining area and family room. A stone fireplace anchors the family room, and atrium doors lead to the covered patio. Upstairs, the primary suite includes a garden tub and walk-in closet, while two more bedrooms share a secondary bath with dual vanities. The covered patio is a natural place to catch a breath as the evening settles in. Design selections have not yet been chosen for this home. The listed price reflects base and structural options only; final pricing may increase once a Design Collection is added. Notable highlights: Pendant lighting brings focused brightness over the kitchen island. LED lighting keeps the family room well lit in the evening. The upper flex space includes its own LED lighting package. This is the one you've been waiting for. Take the next step and schedule your private tour today.",,,not_found,none
4,Tavern,Hill,,434 Minim Way,North Augusta,362820,,,"Introducing the Faith at Tavern Hill, an ideal retreat with wooded views, pool, and nearby recreational trails for outdoor enjoyment. This move-in ready Faith delivers 2,358 square feet across two floors, with four bedrooms, three full baths, and a two-car garage built around a main-level primary suite. The kitchen, dining area, and family room open into each other on the main level, where white Aristokraft cabinetry with soft-close drawers meets Frost White quartz countertops and GE stainless appliances, including a wall oven, cooktop, and hood. Pendant lighting draws attention to the island, and vinyl plank flooring in Woodbine Wild Dunes runs through the living spaces. The covered patio sits just off the back, ready for evenings outside. The primary suite tucks away from the main living area, with a walk-in shower with built-in seat and a walk-in closet. Upstairs, four bedrooms and a secondary bath with dual vanity give busy mornings enough room to run without a wait. Prep happens at the island while the covered patio holds the overflow, and when the night winds down, the main-level suite is far enough from the rest of the house to stay quiet. Key features include: An electric fireplace adds warmth to the family room. GE gas appliances support a well-appointed kitchen layout. Shaw carpet in Shifting Sand covers the upper-floor bedrooms. The home is move-in ready. Experience the space, design, and location for yourself. Schedule a private tour today.",,,not_found,none
4,Portrait,Hills,,3024 Tanbark Oak Lane NW,Aiken,350900,,,"Welcome to the Lambert Plan, an exquisite two-story single-family home that masterfully combines spaciousness with functionality. With a generous layout of 3,045 square feet, this residence features four well-appointed bedrooms and three full bathrooms, making it an ideal choice for families of all sizes. As you step through the inviting foyer, you'll discover an additional bedroom and full bathroom, providing a perfect space for guests or family members seeking privacy. The mudroom, equipped with optional benches and cubbies, ensures that your entryway remains organized and clutter-free, setting a welcoming tone for the rest of the home. The heart of the Lambert Plan lies in its open-concept kitchen and family room, designed to foster connection and create lasting memories. This spacious area is perfect for entertaining friends or enjoying cozy family evenings. The kitchen flows seamlessly into the family room, enhancing the overall sense of togetherness. On the second level, the primary bedroom serves as a serene retreat, complete with a large walk-in closet and a luxurious en-suite bathroom featuring dual sinks and a spacious shower. In addition to the primary suite, the upper floor includes two additional bedrooms, a shared bathroom, and a versatile bonus flex space that can be tailored to your family's needs, whether for game nights or a home office. The Lambert Plan is more than just a house; it's a canvas for your life, designed to accommodate your lifestyle while providing comfort and style. Located in the charming Portrait Hills neighborhood, you'll enjoy the tranquility of wooded homesites while being just minutes away from Aiken's vibrant downtown, filled with local restaurants and boutiques. Make the Lambert Plan your own and start creating cherished memories in this fantastic home!",,,not_found,none
4,Waterside,,,2705 Tranquility Loop,Longs,427990,,,"Entertain with ease in the Gibson's bright, open-concept living space. A secondary bath with dual sinks serves both secondary bedrooms, while the private primary suite boasts a walk-in shower and impressive closet.",,,not_found,none
5,Martintown,Ridge,,6228 General Dr,North Augusta,356545,,,"Discover the Yarmouth at Martintown Ridge, an ideal location near dining, shopping, outdoor recreation, and major employers. This move-in ready Yarmouth delivers 2,505 square feet on two floors, five bedrooms, two full baths, a powder room, a two-car garage, and a main-level primary suite. Ivory cabinetry with brushed nickel pulls meets granite countertops and a GE stainless steel gas range in the kitchen, which opens directly to the dining area and family room so the main floor stays in easy conversation with itself. The floor-to-ceiling stone fireplace gives the family room a grounded focal point, and the covered patio just beyond brings the same relaxed energy outside. The main-level primary suite stays well clear of the upstairs rooms, with a walk-in closet and a shower with a built-in seat. five bedrooms upstairs share quartz-topped baths and Shaw carpet underfoot, with a built-in pocket office desk tucked in so work has its own corner without claiming a bedroom. Your new home features: A second patio adds more outdoor space out back. GE stainless steel dishwasher and microwave complete the kitchen. Soft-close doors and drawers throughout the house. LED lighting brightens the family room. Your next chapter starts here. Schedule a private tour today to view this exceptional home.",,,not_found,none
4,Chestnut,Ridge,,23 Silicon Drive,Greenville,367990,,,"The Wilmington is one of our two-story plans featured at Chestnut Ridge in Greenville, South Carolina offering 3 modern elevations. The Wilmington is a spacious and modern two-story home. It offers 4 bedrooms, 2.5 baths and a 2-car garage. The moment you step inside the home you will be greeted by the foyer which connects you first to a home office, and then to a formal dining room which is perfect for entertaining. The foyer then leads into the center of the home. The open-concept layout integrates the main living area, which is a spacious family room that includes a cozy fireplace. The gourmet kitchen, adjacent to the family room, features stainless steel appliances, center island, ample cabinets, and a large breakfast room perfect for casual dining. Upstairs, there is a spacious primary suite with private bathroom and large walk-in closet. The additional three bedrooms all include walk-in closets, built with comfort. The Wilmington includes versatile loft area that can be a media room, playroom, or home gym. With its thoughtful design and spacious layout, the Wilmington is the perfect place to call home. Do not miss this opportunity to make the Wilmington yours as Chestnut Ridge.",,,not_found,none
5,Collier,Ridge,,913 Appalachian Drive,Moore,359900,,,"The Johnson's kitchen and open-concept living area are perfect for entertaining. Flex space on the main level, plus a large loft upstairs, allow you to customize the layout to fit your needs.",,,not_found,none
4,Stillwood,Farms,,103 Meadow Ln.,Easley,367990,,,"Welcome to Stillwood Farms by Ryan Homes. Here, you can discover luxury living in Easley, just 1 mile from Highway 123, in a beautiful tree-lined community with amenities. The Hudson - designed to fit the way you live Step into a welcoming foyer where a versatile flex space awaits-perfect for a playroom, library, or home office. The spacious family room flows seamlessly into the dining area and kitchen, complete with a convenient breakfast bar that's ideal for casual meals or morning coffee. A tucked-away study offers a quiet retreat, while the family entry off the 2-car garage helps keep everyday clutter in check. Upstairs, three generously sized bedrooms offer ample closet space and share a well-appointed full bath. Your owner's suite is a true sanctuary, featuring a spa-like bath with dual vanities and a large walk-in closet. Schedule Your Visit to learn more about The Hudson!",,,not_found,none
4,Hunt,Club,,470 Rifle Rd,Ridgeland,459990,,,"Meet the Indigo at Hunt Club, an exceptional neighborhood with resort-style amenities and convenient access to dining and recreation. This move-in ready Indigo brings 2,464 square feet across two floors, four bedrooms, two full baths, a powder room, and a two-car garage with opener. On the main level, laminate flooring in a warm chestnut tone runs through the open living and dining area, where the kitchen draws the eye with painted white and stone gray cabinetry, Bianco Carrara quartz countertops, and a stainless GE gas range. The covered patio sits just off that space, adding room for meals or evenings outside without losing the connection to the kitchen. Upstairs, four bedrooms share a hall bath finished with a dual vanity and the same quartz carried from below, and the primary suite closes out the floor with a walk-in closet and a shower with a built-in seat. Carpet runs through every bedroom, keeping the upper level quieter underfoot. On a night when one person is finishing dinner on the patio and another is wrapping up the day upstairs, the layout gives both spaces room to breathe. Standout features: A flex room on the main level suits a home office or study. A second flex room upstairs adds adaptable space for any need. The garage door opener with remote is included and ready to use. This is the one you've been waiting for. Take the next step and schedule your private tour today.",,,not_found,none
5,Auberon,Woods,,433 Glacier Way,Conway,380990,,,"*Two-story home *Smart Home *Quicktie-Framing System *Granite Countertops *Photos are of a similar Wren home. Pictures, photographs, colors, features, and sizes are for illustration purposes only and will vary from the homes as built. Home and community information, including pricing, included features, terms, availability and amenities, are subject to change and prior sale at any time without notice or obligation. Square footage dimensions are approximate. D.R. Horton is an equal housing opportunity builder.",,,not_found,none
5,The,Lakes at New Riverside,,403 Hill Pond Rd,Bluffton,540720,,,"Private Extra Suite Plus perfect for multigenerational living. Efficient kitchen featuring Crisp White cabinetry, center island, & matte black finishes. Cozy fireplace adds character & warmth to main living areas. Lavish primary suite with private bath & walk-in closet. Inviting screened patio for relaxing with friends. Versatile loft offers additional space for hobbies & relaxation. Attached 2-car garage provides convenient parking.",,,not_found,none
4,Heron,Pointe,,582 Slaty Drive,MYRTLE BEACH,395490,,,"Our Forrester plan is a well appointed two story home with a picturesque front porch, formal dining area, and a huge kitchen island! Sliding glass doors off the kitchen lead to the rear screen porch creating a seamless transition from indoor to outdoor living! A bedroom and full bath on the first floor are also perfect for visiting guests while the grand owner's suite, two additional bedrooms, laundry room, and a large bonus room over the garage are upstairs. This is America's Smart Home! *The photos you see here are for illustration purposes only, interior and exterior features, options, colors and selections will differ. Please see sales agent for options.",,,not_found,none
3,Whitehawk,Meadows,,4 Barred Owl Rd,Travelers Rest,451990,,,"The Azalea is one of the one-story homes featured in Whitehawk Meadows in Travelers Rest, SC offering 6 modern elevations. This single-story home offers a charming and functional design, perfect for those seeking comfortable and accessible living space. The Azalea ranch features an open floor plan, creating a spacious and inviting atmosphere. This home includes three bedrooms, two full bathrooms, and a two-car garage. The moment you step inside the home; you will be greeted by an inviting foyer which leads you into the center of the home. The dining room seamlessly connects with the family room and kitchen, providing space for you to grow. The chef's kitchen is equipped with modern appliances, pantry closet, and a breakfast bar. The primary suite offers an en-suite bathroom with dual vanities and a walk-in closet. The additional bedroom has an en-suite bathroom. A flex room is a versatile space that can serve as a media room, home gym, or playroom. Outback offers a covered porch perfect for outdoor entertaining or enjoying the weather. Its convenient layout and single-level living make the Azalea the home for you. Contact us today to find your new home at Whitehawk Meadows.",,,not_found,none
5,Lakeview,at Kitfield,,120 Morning View Way,Moncks Corner,415950,,,"The SALEM floorplan features double owner's suites. This plan includes a formal dining room, laundry room, an open layout with the large kitchen overlooking the living space, casual dining, and back patio. The first floor primary bedroom features multiple closets and a large bathroom with double vanities. Located on the second floor are three additional bedrooms and the second primary bedroom that includes two walk-in closets and spacious bathroom. All new homes will include D.R. Horton's Home is Connected(R) package, an industry leading suite of smart home products that keeps homeowners connected with the people and place they value the most. This technology allows homeowners to monitor and control their home from the couch or across the globe. Products include touchscreen interface, video doorbell, front door light, z-wave t-stat, and keyless door lock. *Square footage dimensions are approximate. *The photos you see here are for illustration purposes only, interior and exterior features, options, colors and selections will differ. Please reach out to sales agent for options.",,,not_found,none
5,The,Forest at Black Bear,,137 Bjorn Way,Longs,353490,,,"Our Tillman plan is a spacious home with a formal dining room, open concept kitchen and family room with additional seating at the large kitchen island, and a first floor primary bedroom retreat. Upstairs you will find four more spacious bedrooms, two full bathrooms, and a great loft space. There are so many ways to customize this home to fit your needs! All of our homes include D.R. Horton's Home is Connected(R) package, an industry leading suite of smart home products that keeps homeowners connected with the people and place they value the most. This technology allows homeowners to monitor and control their home from the couch or across the globe. *The photos you see here are for illustration purposes only, interior and exterior features, options, colors and selections will differ. Please see sales agent for options.",,,not_found,none
3,Eden,Springs,,161 Hadley Springs Ave,LONGS,364490,,,"Welcome to Eden Springs by D.R. Horton, ideally located off Highway 90 and less than a mile from Highway 22 in Longs, SC. This charming community blends natural beauty, modern design, and a relaxed coastal atmosphere-creating a place that feels both connected and comfortably tucked away. Eden Springs features a beautiful community pool designed as a central gathering space for residents to relax and unwind throughout the warmer months. Scenic sidewalks wind throughout the neighborhood, perfect for morning jogs, evening strolls, or simply enjoying the outdoors year-round. Adding to the charm, a thoughtfully designed community garden is planned to create an elevated outdoor experience for homeowners. With curated landscaping and subtle tree up lighting, this space will offer a warm, inviting atmosphere - ideal for connecting with neighbors or enjoying a peaceful moment close to home. Eden Springs stands out for its desirable location and ease of access, with smooth in-and-out connectivity to Highway 90. Its smaller community footprint creates a more intimate feel, while select privacy homesites and beautiful water and pond views add an extra layer of tranquility. Homeowners enjoy an unbeatable location just minutes from pristine beaches, Barefoot Landing, Tanger Outlets, Main Street in North Myrtle Beach, and a wide variety of dining, shopping, and entertainment options. With golf courses, local attractions, and everyday conveniences close by, Eden Springs places you right i",,,not_found,none
4,The,Preserve at Shaftesbury Glen,,748 Doonbeg Ct,Conway,395790,,,"Come tour 748 Doonbeg Court! One of our new homes at The Preserve at Shaftesbury Glen, located in Conway, SC. Our Forrester plan is a well appointed two story home with a picturesque front porch, formal dining area, and a huge kitchen island! Sliding glass doors off the kitchen lead to the rear screen porch creating a seamless transition from indoor to outdoor living! A bedroom and full bath on the first floor are also perfect for visiting guests while the grand owner's suite, two additional bedrooms, laundry room, and a large bonus room over the garage are upstairs. All of our homes include D.R. Horton's Home is Connected(R) package, an industry leading suite of smart home products that keeps homeowners connected with the people and place they value the most. This technology allows homeowners to monitor and control their home from the couch or across the globe. *The photos you see here are for illustration purposes only, interior and exterior features, options, colors and selections will differ. Please see sales agent for options.",,,not_found,none
4,The,Lakes at New Riverside,,66 Marion Lake Rd,Bluffton,452900,,,"Open kitchen, dining area & great room flow together for easy everyday living. Soft White cabinetry pairs with a functional peninsula for added prep & serving space. Screened patio sits just beyond the dining area. Fireplace brings warmth & character to the great room. Primary suite includes its own private bath. Dual-sink vanity & walk-in closet bring generous storage and functionality to the primary bath.",,,not_found,none
4,Colvin,Park,,1359 Russell St,Rock Hill,500900,,,"The Winslow 3503 is a versatile 2-story plan offering an expansive Great Room, a dedicated Study, and an upstairs Game Room alongside four spacious Bedrooms. It provides ample space for comfortable living, with a layout that adapts to life's ever-changing needs.First FloorOn the First Floor, a soaring Great Room anchors the main living area, flowing into a casual Nook, a formal Dining Room, and a Kitchen complete with a dedicated Pantry for organized, everyday storage. A private Study creates a quiet space set apart from the heart of the home, while a mudroom entry with a Bench offers a practical transition from the Garage into daily life. A Covered Porch extends the living experience outdoors, right from the main level.Second FloorThe Second Floor is home to a generous Primary Suite, three additional Bedrooms, a shared Bath 2, and a spacious Game Room - giving the upper level a welcoming space to gather, unwind, or simply make the most of time at home.Make It Yours with True PersonalizationCreate a home that fits the way you live with options to add a main-level Bedroom 5 with a dedicated Bath 4, bring warmth and character to the Great Room with a fireplace in gas, electric, or wood-burning configurations, or open the home to the outdoors with an upgraded Covered Porch or a Screened Porch. Upstairs, choose an alternate Second Floor configuration that adds a private Sitting Room to the Primary Suite and a separate Bath 3, and personalize the Primary Bath with a luxury shower or garden tub package to match. For the most expansive version of The Winslow 3503, an optional Third Floor adds a Media/Game Room, a sixth Bedroom, and a full Bath - a home that truly grows to meet the life being lived inside it.",,,not_found,none
3,K.,Hovnanian's(R) Four Seasons at Hilton Head Lakes,,159 Seatrout Lane,Hardeeville,539990,,,"Gorgeous kitchen overlooking great room with beautiful vaulted ceiling. Sun-drenched dining area and covered or screened patio offering options for dining and entertaining. Tranquil primary suite with serene bath, large walk-in closet, and private sitting room. Extra Suite Plus with bedroom, living room, full bath, and optional kitchenette providing privacy and independence for long-term guests or multigenerational households. Secluded home office for focused teleworking. Bedroom 2 with ensuite bath tucked away, creating a restful retreat. Convenient HovHall with valet and laundry room located off 2-car garage, plus separate utility garage to help keep your home clean and organized.",,,not_found,none
3,K.,Hovnanian's Four Seasons at Carolina Oaks,,14 Carolina Oaks Avenue,Bluffton,593990,,,Open and airy single-story home design. Impressive kitchen with large center island. Expansive great room open to cozy dining area. Convenient HovHall and laundry room. Luxurious owner's suite with large spa bath and oversized walk-in closet. Versatile home office or opt. third bedroom. Private loft with bedroom and full bath .,,,not_found,none
3,Edgewater,- The Pinery (West),,4612 Monterrico Dr,Lancaster,421900,,,"The Kipling 2813 is a versatile floorplan designed to grow with your family, offering a connected kitchen-to-living layout with a Butler's Pantry and a True Space Study that adapts to how your family works and lives. It provides ample space for comfortable living, catering to smaller or larger families alike.First FloorOn the First Floor, the Great Room opens to a casual Nook and Kitchen, with a Butler's Pantry bringing extra prep space and storage to the heart of the home. A Dining Room is nearby for shared meals, and the True Space Study provides a dedicated room for focus, creativity, or quiet. A Covered Porch rounds out the main level for easy outdoor living.Second FloorThe Second Floor holds a private Primary Suite, two additional Bedrooms, a shared Bath, a Laundry room, and a generous Game Room where the family has plenty of room to relax together.Make It Yours with True PersonalizationCreate a home that suits your lifestyle and family dynamics with the True Space configured as a Sunroom or an additional Bedroom with Bath, an optional fourth Bedroom through an alternate Second Floor configuration, luxury Primary Bath upgrades including a Garden Tub/Shower, and the option for a Covered or Screened Porch.",,,not_found,none
5,The,Lakes at New Riverside,,67 Marion Lake Rd,Bluffton,509900,,,Private Extra Suite Plus for overnight guests or multigenerational families. Efficient kitchen featuring Ash Grey cabinetry & chrome finishes. Vast center island for prepping & serving delicious meals. Cozy fireplace adds character & warmth to open concept living areas. Peaceful primary suite with walk-in closet & private bath. Versatile screened patio for relaxing with friends. Attached 2-car garage provides convenient parking.,,,not_found,none
4,The,Lakes at New Riverside,,392 Hill Pond Rd,Bluffton,449900,,,Ash Grey cabinetry brings a modern tone to the kitchen. Functional peninsula shapes the kitchen into an efficient space for prep & serving. Sleek pendant lighting highlights the peninsula as a focal point. Screened patio just off the dining area offers comfortable outdoor access. Primary suite includes a private bath for everyday ease. Primary bath with dual sinks. Two-car garage provides space for parking or storage.,,,not_found,none
3,K.,Hovnanian's Four Seasons at Carolina Oaks,,9 Peach Blossom Ct,Bluffton,564900,,,Home office provides a space for leisure activities. Gourmet kitchen with central island & wall oven. Open great room & dining area for easy everyday living. Screened patio off the dining area for outdoor enjoyment. Owner's suite with a private bath for added comfort. Owner's spa bath with dual sinks & generous walk-in closet. Second-floor loft offers flexible extra living space.,,,not_found,none
3,Sea,Island Collective,,2 Shiloh Ct,Beaufort,754900,,,Efficient kitchen with white stacked cabinets & wall oven. Private home office off foyer for studying & reading. Formal dining room off the kitchen for hosting celebrations. Open dining area & great room with elegant fireplace. 9' sliding glass door leads to extended screen deck. Secluded primary suite & bath with freestanding tub. Elevator prep on garage level for future projects.,,,not_found,none
3,K.,Hovnanian's Four Seasons at Carolina Oaks,,6 Brandywine Ln,Bluffton,574900,,,Extra Suite Plus includes a private living area with full bath for added flexibility. Home office provides a dedicated space for work or quiet focus. Gourmet kitchen with central island creates a functional hub for everyday living. Fireplace adds warmth & character to the great room. Screened patio just off the great room extends the living space outdoors. Owner's suite includes a walk-in closet for organized storage. Owner's spa bath with dual sinks & glass shower enclosure. Two-car garage offers space for vehicles or storage.,,,not_found,none
3,Edgewater,,,4612 Monterrico Dr,Lancaster,381900,,,"The Ava 2547 is a versatile floorplan designed to grow with your family, offering a first-floor Primary Suite for effortless everyday living. It provides ample space for comfortable living, catering to smaller or larger families alike. First Floor On the First Floor, an open Great Room flows into the Kitchen with an island and a walk-in Pantry, a Dining Room for gathering, and a private Primary Suite. A mudroom bench near the coat closet keeps daily life organized, and a covered porch welcomes you home, all connected to a 2-car Garage. Second Floor The Second Floor offers two additional Bedrooms, a full Bath 2, and a spacious Game Room for shared living, along with extra storage to grow into. Make It Yours with True Personalization Create a home that suits your lifestyle and family dynamics with an optional gas or electric fireplace in the Great Room, a Luxury Bath package for the Primary Suite, a Covered or Screened Porch, and the choice of a finished Bonus Room or a fourth Bedroom in place of the Game Room, making The Ava 2547 your perfect space to call home.",,,not_found,none
5,Ladd,Shuford,,188 Clearblue Loop,Summerville,1175000,,,"188 Clearblue Loop | Refined Lowcountry Living in NextonThere are homes that impress on paper, and homes that reveal their quality the moment you arrive. 188 Clearblue Loop is both.Set on an exceptional 0.60 acre homesite backing to protected wetlands, this beautifully crafted Homes by Dickerson residence combines timeless Lowcountry architecture, sophisticated interiors, remarkable privacy, and an effortless indoor-outdoor lifestyle in one of Nexton's most desirable settings.The experience begins with undeniable curb appeal. A crisp white exterior is accented by black framed windows, architectural gables, board and batten detailing, a standing seam metal porch roof, brick accents, and manicured landscaping.The expansive front porch, finished with a signature haint blue ceiling, oversized lantern lighting, and generous seating areas, creates the kind of gracious Southern welcome that immediately sets this home apart. Step through the warm wood and glass front door and the home's elevated character becomes even more apparent. Ten foot ceilings on the main level, wide plank flooring, substantial trim, designer lighting, and an abundance of natural light establish a sophisticated yet comfortable atmosphere. Just off the entry, a beautifully appointed study offers a striking contrast with rich walls, extensive decorative millwork, oversized windows, and tailored lighting. Whether used as a private office, library, or intimate sitting room, it is a memorable introduction to the thoughtful design found throughout the home. A stylish powder room nearby features a deep blue vanity, brass accents, quartz top, and oversized round mirror. From the entry, the home opens beautifully into its primary gathering spaces, where the great room, kitchen, and dining area live together as one cohesive environment. The great room is anchored by a dramatic coffered ceiling, adding architectural depth and distinction while maintaining an airy sense of scale. Wide openings and expansive glass create long sightlines through the home and allow natural light to move freely from room to room. At the heart of this space is a kitchen that balances sophisticated design with exceptional functionality. Ceiling height cabinetry, quartz countertops, an expansive center island, designer globe pendants, brass toned fixtures and hardware, a gas cooktop, statement vent hood, double wall ovens, and a herringbone backsplash create a clean and timeless aesthetic. The oversized island provides generous prep space and seating while maintaining an easy connection to both the living and dining areas. Just beyond, a substantial walk in pantry with extensive built in shelving provides the storage capacity expected in a home of this caliber. Adjacent to the kitchen, the dining area is framed by a wall of windows and anchored by statement lighting, creating an elegant setting for everything from casual breakfasts to dinner with friends. Together, the kitchen, dining area, and great room form the true heart of the residence, designed as much for entertaining as for comfortable everyday living. One of the home's most compelling architectural features is the transition from these interior spaces to the screened outdoor living area. Oversized sliding glass doors create an impressive connection between the great room and porch, allowing the two spaces to function almost as one. The porch continues the home's Lowcountry aesthetic with a haint blue ceiling, crisp white detailing, an oversized modern fan, and ample space for multiple seating arrangements. It is a true outdoor room, perfectly suited for morning coffee, relaxed afternoons, or evenings spent entertaining. The main level also includes a spacious laundry room with built in shelving and a utility sink, proving that even the home's practical spaces have been thoughtfully considered. The private quarters continue the same level of refinement. The primary suite is generously proportioned and serene, with wide plank flooring, ab",,,not_found,none
5,Founders,Club,,1812 Betsy Ross Drive,Moore,430490,,,"The Davidson is a two-story, five-bedroom, three-bath home with a formal living room, formal dining room, spacious family room, kitchen with island and pantry, separate breakfast area, and first-floor guest suite with a full bath. The second floor features four bedrooms, including the primary bedroom with an attached, private primary bath, an additional full bath, a large laundry room, and a loft area.Options available to personalize this home include an office with French doors instead of the formal living room, a first-floor powder room or additional closet, a designer kitchen option, an alternate kitchen layout with a separate butler's pantry, sunroom, screen porch, or covered rear porch, luxury primary bath options, a Jack and Jill bath option, and an optional third floor with bedroom and full bath.",,,not_found,none
5,Sycamore,Cove,,618 Fonseca Ct,Woodruff,379900,,,"Check out 618 Fonseca Court, a beautiful new home in our Sycamore Cove community. This spacious two-story home features five bedrooms, three bathrooms, a two-car garage, offering plenty of room for your family. Upon entering, you'll be greeted by a foyer that leads into the heart of the home. The open-concept layout seamlessly connects the spacious family room, dining area, and kitchen, creating a bright and inviting atmosphere. The chefs kitchen is equipped with modern appliances, ample cabinet space, a walk-in pantry, and a breakfast bar, making it perfect for both cooking and casual dining. Adjacent to the kitchen, a bedroom provides added privacy and comfort. Upstairs, the primary suite is a true retreat, featuring a walk-in closet and an en suite bathroom with dual vanities, garden tub, and a spacious shower. The three additional bedrooms are generously sized and share access to a secondary bathroom. With its thoughtful design, spacious layout, and modern conveniences, this home is the perfect place to call your own.",,,not_found,none
5,Founders,Club,,1716 Constitution Ln,Moore,449900,,,"Welcome to the Davidson on Homesite 04 in Founders Club, where generous living space, thoughtful design, and a standout backyard come together beautifully. With approximately 3,098 square feet, five bedrooms, and three full baths, this northeast-facing home offers room to gather, unwind, host, work, and live with ease. Inside, the Davidson is designed for connection and flexibility, with a spacious family room, formal dining room, kitchen island, walk-in pantry, and butler's pantry that make everyday routines feel effortless. A first-floor guest suite with a full bath adds welcome versatility, while the oversized loft upstairs creates an extra place to relax, play, or spread out. Special touches like additional windows, a gas fireplace with a mantel, a covered porch, and a luxury shower in the primary bath add comfort and polish throughout. One of this home's most memorable features is its big, flat backyard: an inviting outdoor space with room to enjoy fresh air, weekend gatherings, and everyday moments at home. Located in Founders Club, the community also offers pickleball courts and a convenient Moore location near Spartanburg area amenities.",,,not_found,none
3,Alina,Pitchenko,13609101179,2 Saint Andrews Ct,Greenville,350000,,,"This is a beautifully remodeled 3-bedroom, 3-full-bath home tucked away in a secluded neighborhood just minutes from Mauldin and convenient to shopping, dining, and everyday amenities. Offering approximately 1,410 square feet across two levels, this home combines modern style with comfortable living and an oversized lot that provides a rare sense of privacy. Fully remodeled with higher-end finishes throughout, the home features a thoughtfully updated interior designed for both everyday living and entertaining. Three spacious bedrooms and three full bathrooms provide flexibility for family, guests, or a home office. The two-level layout offers excellent separation of living spaces while maintaining an inviting, connected feel. Enjoy the best of both worlds-peaceful neighborhood living with easy access to Mauldin, Greenville-area shopping centers, restaurants, and major roads. With its extensive updates, upscale finishes, generous property, and secluded setting, this home is a standout opportunity for buyers seeking a move-in-ready home in a convenient Greenville location. Call Alina with Bellwether Realty to schedule your showing",,,not_found,none
4,Cypress,Landing,,69 Planters Ct,Hardeeville,394250,,,"The Cali floor plan at Cypress Landing in Hardeeville, South Carolina offers easy, single-story living with 4 bedrooms, 2 bathrooms, and approximately 1,774 square feet-perfect for families, downsizers who still want space, or anyone who prefers a convenient ranch-style layout. Located in this peaceful waterfront community, homeowners enjoy large, private homesites-many over half an acre-with added privacy and select lots offering room to park a boat or RV (per community guidelines). With quick access to I-95, Cypress Landing makes commuting to Savannah, Bluffton, and Hilton Head Island simple and convenient. Inside, the Cali features an open-concept kitchen, dining, and living area designed for everyday comfort and easy entertaining. The kitchen with center island and pantry overlooks the family room, making it easy to stay connected while cooking or hosting. The owner's suite is tucked away for privacy and includes a private bath and walk-in closet. Three additional bedrooms offer flexibility for guests, a home office, or hobby space. Enjoy outdoor living in your backyard or patio, with room to relax, garden, or entertain-made even better by Cypress Landing's larger lot sizes and natural Lowcountry surroundings. With a 2-car garage, smart home features, and modern finishes throughout, the Cali delivers comfortable, low-maintenance living in a scenic setting close to everything the Lowcountry has to offer.",,,not_found,none
4,Irby,Glen,,254 Irby Road,Spartanburg,353990,,,"The Drexel is a two-story, four-bedroom, two-and-a-half-bath home with a formal living room, formal dining room, kitchen with island and a pantry, and a spacious great room. The second floor features four bedrooms, including the primary suite with a large closet, an upstairs laundry, an additional full bath, and a loft area. Options to personalize this home include a home office, bay window in the dining room, a covered porch, screen porch, or sunroom, several primary bath options, and an optional third-floor bonus room or bedroom and additional bath.",,,not_found,none
5,Maxwell,Commons,,101 Granby Trail,Easley,368900,,,"Sip your coffee from the Chatham's charming back patio. Inside, versatile flex spaces allow you to customize the main level to fit your needs. The impressive primary suite boasts dual sinks and a large walk-in closet.",,,not_found,none
4,The,Forest at Black Bear,,184 Bjorn Way,Longs,386900,,,"Come tour 184 Bjorn Way! One of our new homes at The Forest Of Black Bear, located in Longs, South Carolina. The Belfort floorplan is perfect for any stage of life featuring a first floor primary bedroom suite and laundry room. The open concept kitchen and great room are ideal for entertaining and creating lasting memories. You are greeted by a versatile loft on the second floor which is surrounded by the three additional bedrooms. All of our homes include D.R. Horton's Home is Connected(R) package, an industry leading suite of smart home products that keeps homeowners connected with the people and place they value the most. This technology allows homeowners to monitor and control their home from the couch or across the globe. *The photos you see here are for illustration purposes only, interior and exterior features, options, colors and selections will differ. Please see sales agent for options",,,not_found,none
3,Coastal,Farms,,320 McGill Dr,Conway,361430,,,"Come tour 320 McGill Drive! One of our new homes at Coastal Farms, located in Conway, SC. Our Darby plan offers three bedrooms and a flex room all on one level with the ability to add a second floor if you desire! The kitchen overlooks the dining and living areas and features a huge island with a breakfast bar, lots of cabinet space, and a walk-in pantry. The split bedroom floorplan creates a spacious and private primary bedroom suite. All of our homes include D.R. Horton's Home is Connected(R) package, an industry leading suite of smart home products that keeps homeowners connected with the people and place they value the most. This technology allows homeowners to monitor and control their home from the couch or across the globe. *The photos you see here are for illustration purposes only, interior and exterior features, options, colors and selections will differ. Please see agent for options.",,,not_found,none
5,Adams,Glen,,418 Scarlet Leaf Ln,Greenville,396900,,,"Check out 418 Scarlet Leaf Lane, a beautiful new home! This spacious two-story home features five bedrooms, three bathrooms, and a two-car garage, featuring plenty of space. Upon entering, you'll be welcomed by a foyer that leads into the heart of the home. The open-concept layout connects the spacious family room, dining area, and kitchen, creating an airy and inviting atmosphere. The gourmet kitchen is well-equipped with stainless steel appliances, ample cabinet storage, and a walk-in pantry, making it perfect for both cooking and entertaining. The primary suite feels like a private retreat, featuring an en suite bathroom with dual vanities and a walk-in closet. The additional four bedrooms provide comfort and privacy, sharing access to a secondary bathroom with dual vanities. Outback, the patio provides a great space for outdoor entertaining or simply enjoying the beautiful weather. With its thoughtful design, spacious layout, and modern conveniences, this home is the perfect place to call your own. Pictures are representative.",,,not_found,none
4,The,Preserve at Shaftesbury Glen,,728 Doonbeg Ct,Conway,380210,,,"Come tour 728 Doonbeg Court! One of our new homes at The Preserve at Shaftesbury Glen, located in Conway, SC. The Glynn's classic design offers an open concept main level with an expansive living area. The kitchen, featuring a working island with room for seating, flows into a casual eating area and then into the spacious family room. An additional flex room on the first floor could be a dedicated home office or even a formal dining room. Upstairs you will find the large owner's suite with luxurious bath and generous closet. The laundry room is also conveniently located on the second floor near all of the bedrooms. All of our homes include D.R. Horton's Home is Connected(R) package, an industry leading suite of smart home products that keeps homeowners connected with the people and place they value the most. This technology allows homeowners to monitor and control their home from the couch or across the globe. *The photos you see here are for illustration purposes only, interior and exterior features, options, colors and selections will differ. Please see sales agent for options.",,,not_found,none
5,Adams,Glen,,111 Scarlet Leaf Ln,Greenville,468000,,,"Check out 111 Scarlet Leaf Lane, a beautiful new home! This spacious two-story home features five bedrooms, four bathrooms, and a two-car garage, featuring plenty of space for your family. Upon entering, you'll be greeted by a grand foyer that seamlessly integrates the living, dining, and kitchen areas, creating a spacious and inviting atmosphere. The gourmet kitchen is equipped with stainless steel appliances, stylish granite countertops with a tile backsplash, abundant storage space, and a pantry, perfect for both cooking and entertaining. The primary suite Features a sanctuary, complete with an en-suite bathroom with dual vanities, a shower, soaking tub, and a walk-in closet. The additional bedrooms provide comfort and privacy, sharing access to a secondary bathroom. The loft area is a versatile space that can be transformed into a media room, office, or home gym. Outback, the porch is perfect for outdoor entertaining or simply enjoying the beautiful weather. With its thoughtful design, spacious layout, and modern features, this home is the perfect place to call your own. Pictures are representative.",,,not_found,none
4,Coastal,Farms,,340 McGill Dr,Conway,438015,,,"Come tour 340 McGill Drive! One of our new homes at Coastal Farms, located in Conway, SC. This popular plan brings functionality and style together! Our Harbor Oak plan has lots of windows creating a bright and inviting home. There is a bedroom and full bathroom on the main level that would be great for guests, a flex room off the foyer that could be used as a home office or formal dining room, and a large loft upstairs for additional living space! The kitchen is the heart of this home with a large island that overlooks the living and dining areas and the primary bedroom suite is a must see with an attached sitting room, huge closet, and luxurious en suite bath. All of our homes include D.R. Horton's Home is Connected(R) package, an industry leading suite of smart home products that keeps homeowners connected with the people and place they value the most. This technology allows homeowners to monitor and control their home from the couch or across the globe. *The photos you see here are for illustration purposes only, interior and exterior features, options, colors and selections will differ. Please see your sales agent for options.",,,not_found,none
3,The,Preserve at Shaftesbury Glen,,202 Bantry Ln,Conway,443915,,,"Come tour 202 Bantry Lane! One of our new homes at The Preserve at Shaftesbury Glen. Our Darby plan offers three bedrooms and a flex room all on one level with the ability to add a second floor if you desire! The kitchen overlooks the dining and living areas and features a huge island with a breakfast bar, lots of cabinet space, and a walk-in pantry. The split bedroom floorplan creates a spacious and private primary bedroom suite. All of our homes include D.R. Horton's Home is Connected(R) package, an industry leading suite of smart home products that keeps homeowners connected with the people and place they value the most. This technology allows homeowners to monitor and control their home from the couch or across the globe. *The photos you see here are for illustration purposes only, interior and exterior features, options, colors and selections will differ. Please see agent for options.",,,not_found,none
4,Cypress,Landing,,38 Planters Ct,HARDEEVILLE,380990,,,"Welcome to Cypress Landing, a Lowcountry waterfront community by D.R. Horton in Hardeeville, South Carolina, where Southern hospitality meets modern living!! Located just 15 miles from historic Savannah and the stunning beaches of Hilton Head, Cypress Landing provides the ideal blend of countryside tranquility and urban convenience, with easy access to I-95, Savannah, Bluffton, Hilton Head, or Beaufort and the airport. Experience the unmatched beauty and peaceful lifestyle that Cypress Landing offers. The Cali is a buyer favorite for a reason - this 4 bedroom, 2 bath ranch home brings together comfort, style, and convenience in a layout that feels both cozy and spacious. Nestled close to the GA/SC line and minutes from I-95, it offers easy travel to Bluffton, Hilton Head, Savannah, and Beaufort, making work and weekend plans incredibly simple. The heart of the home is its gorgeous open kitchen, featuring quartz countertops, stainless appliances, a walk-in pantry, and a large center island perfect for serving snacks, doing homework, or gathering with friends. The kitchen flows smoothly into the dining and family room, creating one large, bright space filled with natural light-ideal for movie nights, holidays, or relaxed evenings at home. Step onto the covered patio - perfect for morning coffee, nature watching or relaxed weekend grilling. The primary suite is privately located and designed with comfort in mind. A spacious walk-in closet and double vanity bath with a",,,not_found,none
4,Durbin,Meadows Traditions,,333 Boxbury Way,Fountain Inn,359790,,,"Check out 333 Boxbury Way, a beautiful new home in our Durbin Meadows community. This spacious two-story home features four bedrooms, two and a half bathrooms, and a two-car garage, featuring the perfect space. Upon entering, you'll be greeted by a foyer that first leads to a home office and then to a formal dining room, making it ideal for both work and entertaining. The foyer flows into the heart of the home, where the open-concept design connects the spacious family room, complete with a cozy fireplace, to the gourmet kitchen. The kitchen is equipped with stainless steel appliances, a center island, ample cabinets, and a large breakfast room, perfect for casual dining and everyday meals. Upstairs, the primary suite Features a private retreat with a large walk-in closet and an en suite bathroom. The three additional bedrooms also include walk-in closets and are designed for comfort and privacy. A versatile loft area adds even more flexibility to the home, featuring the potential for a media room, playroom, or home gym. With its thoughtful design, spacious layout, and modern features, this home is the perfect place to call home. Pictures are representative.",,,not_found,none
5,Woodglen,,,1412 Wexley Dr,Piedmont,371657,,,"Check out 1412 Wexley Drive, a stunning new home in our Woodglen community. This spacious two-story home features five bedrooms, three bathrooms, and a two-car garage, providing plenty of space for all. As you enter, you'll be greeted by a welcoming foyer that leads into a home office, then opens into the heart of the home. The open-concept layout seamlessly connects the large living room, dining area, and functional kitchen, creating an ideal space for both everyday living and entertaining. The kitchen is equipped with a walk-in pantry, stainless steel appliances, and a center island with a breakfast bar, making it perfect for meal prep and casual gatherings. Also on the first floor, off the living room, is a convenient guest bedroom and a full bathroom, featuring added flexibility. Upstairs, the spacious primary suite features a walk-in closet and an en suite bathroom with dual vanities. The three additional bedrooms share a third full bathroom, providing ample space and privacy for all. The upstairs also includes a loft space, perfect for family entertainment, gaming, or a cozy reading nook. With its luxurious design and thoughtful layout, this home Features both comfort and practicality for modern living. Pictures are representative.",,,not_found,none
3,Coastal,Farms,,316 McGill Dr,Conway,353085,,,"Come tour 316 McGill Drive! One of our new homes at Coastal Farms, located in Conway, SC. The Eaton offers one level living at its best! Featuring an award winning kitchen with tons of cabinet space, a walk-in pantry, and a huge island overlooking the great room. Two guest bedrooms share a full bath up front with the private primary bedroom suite in the back of the home. Your outdoor oasis awaits with a massive rear covered porch. All of our homes include D.R. Horton's Home is Connected(R) package, an industry leading suite of smart home products that keeps homeowners connected with the people and place they value the most. This technology allows homeowners to monitor and control their home from the couch or across the globe. *The photos you see here are for illustration purposes only, interior and exterior features, options, colors and selections will differ. Please see sales agent for options.",,,not_found,none
5,Westport,,,3013 Brandywine Way,York,499020,,,"Come see 3013 Brandywine Way located in York, South Carolina! The Lawson is a two-story home offered at Westport in York, SC. This new two-story plan offers four bedrooms, including one on the main level, as well as three bathrooms, a loft and a two-car garage. As you step onto the porch and into the home, you'll be greeted by an inviting foyer and a bedroom perfect for a guest room or a home office. You are then welcomed into a spacious family room area that opens to the kitchen area. The chef's kitchen is equipped with stainless steel appliance, large granite countertops with tile backsplash, ample storage space, a walk-in pantry, and a kitchen island. Upstairs the primary bedroom offers a large en-suite bathroom with a soaking tub and shower, and large walk-in closet. The additional two bedrooms provide comfort and privacy for every household member long with a bathroom and convenient laundry room. A loft space on the second floor can be used as a media room, home office, or playroom. With its thoughtful design, spacious layout, and modern conveniences, the Lawson is the home for you at Westport in York, SC. Pictures are representative.",,,not_found,none
5,Durbin,Meadows Traditions,,331 Boxbury Way,Fountain Inn,359840,,,"Check out 331 Boxbury Way, a stunning new home in our Durbin Meadows community. This spacious two-story home features five bedrooms, three bathrooms, and a two-car garage, providing plenty of space for all. As you enter, you'll be greeted by a welcoming foyer that leads into a home office, then opens into the heart of the home. The open-concept layout seamlessly connects the large living room, dining area, and functional kitchen, creating an ideal space for both everyday living and entertaining. The kitchen is equipped with a walk-in pantry, stainless steel appliances, and a center island with a breakfast bar, making it perfect for meal prep and casual gatherings. Also on the first floor, off the living room, is a convenient guest bedroom and a full bathroom, featuring added flexibility. Upstairs, the spacious primary suite features a walk-in closet and an en suite bathroom with dual vanities. The three additional bedrooms share a third full bathroom, providing ample space and privacy for all. The upstairs also includes a loft space, perfect for family entertainment, gaming, or a cozy reading nook. With its luxurious design and thoughtful layout, this home Features both comfort and practicality for modern living. Pictures are representative.",,,not_found,none
4,Woodglen,,,1413 Wexley Dr,Piedmont,377357,,,"Check out 1413 Wexley Drive, a beautiful new home in our Woodglen community. This spacious two-story home features four bedrooms, two and a half bathrooms, and a two-car garage, featuring the perfect space. Upon entering, you'll be greeted by a foyer that first leads to a home office and then to a formal dining room, making it ideal for both work and entertaining. The foyer flows into the heart of the home, where the open-concept design connects the spacious family room, complete with a cozy fireplace, to the gourmet kitchen. The kitchen is equipped with stainless steel appliances, a center island, ample cabinets, and a large breakfast room, perfect for casual dining and everyday meals. Upstairs, the primary suite Features a private retreat with a large walk-in closet and an en suite bathroom. The three additional bedrooms also include walk-in closets and are designed for comfort and privacy. A versatile loft area adds even more flexibility to the home, featuring the potential for a media room, playroom, or home gym. With its thoughtful design, spacious layout, and modern features, this home is the perfect place to call home. Pictures are representative.",,,not_found,none
5,Westport,,,6015 Shady Terrace Ln,York,558760,,,"Come see 6015 Shady Terrace Lane located in York, SC! The Wylie is a two-story home offered at Westport in York, SC. This home features an open floor plan creating a spacious and inviting atmosphere. This modern two-story home offers five bedrooms, including one on main level, a flex space, loft, as well as four bathrooms and a two-car garage. As you step onto the porch and inside, you'll be greeted by a grand foyer that invites you into the home. There is bedroom and full bath in this area offering privacy from the rest of the home. The flex space would make a perfect home office or playroom. The chef's kitchen is equipped with stainless steel appliance, large granite countertops with tile backsplash, a large walk-in pantry, and a kitchen island. Escape upstairs to the primary suite, complete with a spacious en-suite bathroom with a soaking tub and shower, and oversized walk-in closet. Additional bedrooms provide comfort and privacy for every household member. The loft space also provides endless opportunities. A large laundry room completes the second floor. With its thoughtful design, spacious layout, and modern conveniences, the Wylie is the home for you at Westport in York, SC. Pictures are representative.",,,not_found,none
3,Rutledge,Estates,,126 Tesslar Ave,Woodruff,368400,,,"Discover 126 Tesslar Avenue, a beautiful new home in our Rutledge Estates community! This thoughtfully designed one-story home features three bedrooms, two bathrooms, and a two-car garage. With its open-concept layout and thoughtful details throughout, this home combines comfort and functionality for modern living. As you enter through the covered entry, you'll be greeted by a spacious dining room that flows effortlessly into the kitchen and living room. The kitchen includes modern appliances, a walk-in pantry, and a convenient butler's pantry for extra storage and prep space. The open living room provides plenty of space for entertaining and connects seamlessly to the covered patio for outdoor enjoyment. The primary suite serves as a private retreat with a sitting area, large walk-in closet, and a bathroom featuring dual vanities and a separate soaking tub. Two additional bedrooms share a full bathroom, providing comfort and privacy for family or guests. With its open design, inviting living spaces, and modern finishes, this home is the perfect place to call your own. Pictures are representative.",,,not_found,none
4,Sycamore,Cove,,533 Inchmore Drive,Woodruff,364990,,,"Introducing the Madison floorplan, masterfully designed and built in Sycamore Cove, where every inch of space is carefully crafted to harmonize sophistication with comfort. This stunning one-story home features a highly efficient and spacious layout that maximizes every corner of living space. A welcoming foyer ushers you into two generously sized guest bedrooms, sharing a well-appointed bathroom. Directly across the hall, you'll discover a convenient laundry room, a linen closet, and a third guest bedroom with its own private ensuite bathroom. The heart of the home is the well-appointed kitchen, which seamlessly flows into the open living and dining areas, as well as the covered lanai. Perfect for entertaining, the kitchen features an expansive island with a spacious, oversized single-bowl undermount sink, sleek quartz countertops, and a large pantry for ample storage. The primary suite, located at the back of the home for added tranquility, boasts a luxurious bathroom with a double undermount vanity, quartz countertops, a spacious walk-in closet, and a generous shower/tub combination. This D.R. Horton home also includes the Home is Connected smart home package, allowing you to control your home's features from your smartphone whether you're near or away. Make Sycamore Cove your home!",,,not_found,none
3,Harrison,Valley,,119 Sweetwood Ln,Simpsonville,405315,,,"Check out 119 Sweetwood Lane, a beautiful new home! This charming single-story home features three bedrooms, two full bathrooms, and a two-car garage, providing comfortable and accessible living space. Upon entering, you'll be welcomed by an inviting foyer that leads into the open-concept living area. The dining room seamlessly connects to the family room and kitchen, creating an airy and spacious atmosphere. The chef's kitchen is well-equipped with modern appliances, a pantry closet, and a breakfast bar-perfect for cooking and casual dining. The primary suite serves as a peaceful retreat, featuring an en-suite bathroom with dual vanities and a walk-in closet. The additional bedrooms provide comfort and privacy and have access to a secondary bathroom. Outback, the covered porch is ideal for outdoor entertaining or enjoying the beautiful weather. With its thoughtful design and convenient single-level layout, this home is the perfect place to call your own. Pictures are representative.",,,not_found,none
3,Sheep,Island,,129 Terrace View Dr,Summerville,501495,,,"Rare Corner Homesite with Pond Views in Sheep Island Near Nexton Welcome to 129 Terrace View Drive, a thoughtfully designed new construction home in the highly desirable Sheep Island community near Nexton. This spacious two-story home sits on a rare corner homesite with pond views, offering peaceful views and a sense of privacy that's hard to find in the area. Located just minutes from Nexton Parkway, you'll enjoy easy access to shopping, dining, parks, and commuter routes--while still coming home to a quiet Lowcountry setting. Inside, the home is thoughtfully designed for effortless living and entertaining, featuring an open-concept layout that seamlessly connects the kitchen, living, and dining areas. The kitchen stands out with sleek quartz countertops and modern finishes, creating both style and functionality. Expansive windows throughout the main level fill the space with natural light while showcasing the surrounding scenery. Upstairs, you'll find three well-appointed bedrooms along with a convenient, dedicated laundry space. Two guest bedrooms share a full bathroom with a tub, offering comfort and practicality. The true highlight of the home is the spacious, light-filled primary suite. Large windows flood the room with natural sunlight, and a private front porch provides a peaceful retreat. The generous closet and well-designed en-suite bath offer ample storage, making daily living both easy and organized. Located in the sought-after Sheep Island community by D",,,not_found,none
3,Crescent,Cove,,204 River Edge Drive,Myrtle Beach,358990,,,"The Morgan showcases an open layout new home floor plan, perfect for entertaining. A spacious gathering room opens to a cafe area and an open kitchen. An island option provides more space for casual dining. The Morgan features three bedrooms, including a generous owner's suite with large walk-in closet and bath. The two additional bedrooms also boast large closets, making this an ideal home.",,,not_found,none
4,Eden,Springs,,636 Layla Way,Longs,359740,,,"""The Manning is a thoughtfully designed two story home offering 4 bedrooms, 2.5 baths, and flexible living spaces to fit every stage of life. The main level features an open kitchen, dining, and living area with a large island, walk-in pantry, and easy access to the rear patio, plus a private first floor primary suite and convenient laundry room. Upstairs, three additional bedrooms and a spacious loft provide the perfect setup for guests, kids, or a second living space. With smart storage, a two-car garage, and room to gather or retreat, The Manning makes everyday living feel effortless. *The photos you see here are for illustration purposes only, interior and exterior features, options, colors and selections will differ. Please see sales agent for options.""",,,not_found,none
5,The,Forest at Black Bear,,213 Blueberry Fields Ct,Longs,425475,,,"Come tour 213 Blueberry Fields Court! One of our new homes at The Forest at Black Bear, located in in Longs, South Carolina. Our Tillman plan is a spacious home with a formal dining room, open concept kitchen and family room with additional seating at the large kitchen island, and a first floor primary bedroom retreat. Upstairs you will find four more spacious bedrooms, two full bathrooms, and a great loft space. There are so many ways to customize this home to fit your needs! All of our homes include D.R. Horton's Home is Connected(R) package, an industry leading suite of smart home products that keeps homeowners connected with the people and place they value the most. This technology allows homeowners to monitor and control their home from the couch or across the globe. *The photos you see here are for illustration purposes only, interior and exterior features, options, colors and selections will differ. Please see sales agent for options.",,,not_found,none
4,Adams,Glen,,209 Scarlet Leaf Ln,Greenville,522255,,,"Check out 209 Scarlet Leaf Lane, a stunning new home! This spacious two-story home features four bedrooms, three bathrooms, and a two-car garage, offering plenty of space for your family. Step inside and discover a beautifully designed living space that caters to modern living. The heart of the home is the gourmet kitchen, which boasts high-end stainless-steel appliances, elegant granite countertops with a tile backsplash, a center island, and abundant storage space. Escape to the primary suite, a luxurious retreat that features a comfortable bedroom area, an en-suite bathroom with a soaking tub, a separate shower, dual vanities, a walk-in closet, and a sitting room. The additional bedrooms provide privacy and comfort, while the flexible rooms offer space that can be customized to fit your needs. With its impressive features and versatile living spaces, this home is sure to exceed your expectations. Pictures are representative.",,,not_found,none
3,Adams,Glen,,421 Scarlet Leaf Ln,Greenville,373900,,,"Check out 421 Scarlet Leaf Lane, a beautiful new home. This spacious two-story home features three bedrooms, two and a half bathrooms, and a two-car garage, featuring the perfect space. Upon entering, you'll be greeted by a foyer that invites you into the heart of the home. The open-concept design connects the spacious family room, dining area, and kitchen, creating an airy and inviting atmosphere. The chef's kitchen is equipped with modern appliances, ample cabinet space, a walk-in pantry, and a breakfast bar, ideal for both cooking and casual dining. Adjacent to the kitchen, a bedroom provides added privacy and comfort. The primary suite is a true retreat, complete with a walk-in closet and an en suite bathroom featuring a shower and dual vanities. The two additional bedrooms are spacious and share access to a secondary bathroom. A versatile loft space on the second floor Features endless possibilities, perfect for a media room, playroom, or home gym. With its thoughtful design, spacious layout, and modern conveniences, this home is the perfect place to call home. Pictures are representative.",,,not_found,none
5,Harrison,Valley,,113 Sweetwood Ln,Simpsonville,442900,,,"Check out 113 Sweetwood Lane, a stunning new home! This spacious two-story home features five bedrooms, four bathrooms, and a two-car garage, providing ample space. Upon entering, you'll be greeted by a grand foyer that leads into the heart of the home. The open floor plan creates an airy and inviting atmosphere, with the living room connecting seamlessly to the kitchen and breakfast area. The chef's kitchen is equipped with modern appliances, a large center island, ample storage space, and a pantry, making it perfect for both cooking and casual dining. Adjacent to the living room is a convenient bedroom on the main level. The primary suite is a luxurious retreat, featuring an en-suite bathroom with dual vanities, a shower, soaking tub, and a large walk-in closet. The additional bedrooms feature privacy and comfort, sharing access to secondary bathrooms. A flexible recreational room provides endless possibilities for entertainment or relaxation. Contact us today to schedule a visit and find your new home! Pictures are representative.",,,not_found,none
5,Auberon,Woods,,8016 Panda Bear Way,Conway,426535,,,"Come tour 8016 Panda Bear Way! One of our new homes at Auberon Woods located in Conway, South Carolina. The Wren is a two-story floorplan with ample living space featuring an open concept first floor with a large island overlooking the dining area and family room. The primary bedroom suite and laundry room are conveniently located on the first floor, as well. The second floor opens to a versatile loft space, three spacious secondary bedrooms, two full bathrooms, plenty of closets for storage, and a huge bonus room over the garage! All of our homes include D.R. Horton's Home is Connected(R) package, an industry leading suite of smart home products that keeps homeowners connected with the people and place they value the most. The technology allows homeowners to monitor and control their home from the couch or across the globe. *The photos you see here are for illustration purposes only, interior and exterior features, options, colors and selections will differ. Please see sales agent for options.",,,not_found,none
5,Woodglen,,,1621 Castlen Ct,Piedmont,394900,,,"Check out 1621 Castlen Court, a stunning new home in our Woodglen community. This gorgeous two-story home features five bedrooms, three and a half bathrooms, and a two-car garage, featuring both luxury and practicality with dual primary suites. As you enter, you'll be welcomed by an inviting foyer that connects to a spacious dining room before leading into the heart of the home. The open-concept design includes a large living room that seamlessly blends into the functional kitchen. The gourmet kitchen is equipped with stainless steel appliances, ample cabinet space, and a large island with a breakfast bar, perfect for both cooking and casual dining. Adjacent to the kitchen, you'll find the first primary suite, complete with a large walk-in closet and a private bathroom. Upstairs, the second primary suite features two walk-in closets and a private bathroom, with plenty of space for relaxation. Three additional bedrooms and a full bathroom complete the second floor, making this home perfect for multigenerational living with its dual primary suites. With its thoughtful design, spacious layout, and modern features, this home is the perfect place to call home. Pictures are representative.",,,not_found,none
5,Granite,Falls,,3013 Ryelands Place,Lancaster,435990,,,"The Summer is a spacious and thoughtfully designed two-story home in Granite Falls, offering the perfect blend of comfort, flexibility, and modern living. Featuring 5 bedrooms, 4 full baths, and a 2-car garage, this versatile floor plan provides plenty of room for growing households, entertaining guests, and creating lasting memories. The main level welcomes you with a charming front porch and inviting foyer that opens to bright, connected living spaces. At the heart of the home, the expansive family room flows seamlessly into the breakfast area and kitchen, creating an open-concept layout ideal for both everyday living and entertaining. The kitchen features generous counter space, a large pantry, and a center island that makes meal preparation and casual dining effortless. A separate dining room offers the perfect setting for holiday gatherings, special occasions, or hosting family and friends. One of the Summer's standout features is the first-floor guest suite with a full bath, providing a private retreat for visitors, multi-generational living, or a flexible space that can be adapted to meet your needs. Upstairs, the spacious primary suite serves as a relaxing sanctuary, complete with a large walk-in closet and a well-appointed en-suite bathroom featuring dual vanities and ample storage. Three additional secondary bedrooms, two full baths, and a conveniently located laundry room provide comfort and functionality for everyone. A central loft creates the perfect flex space",,,not_found,none
4,Chapman,Village,,2109 Eloise Ln,Conway,354645,,,"Come tour 2109 Eloise Lane! One of our new homes at Chapman Village, located in Conway, SC. The Glynn's classic design offers an open concept main level with an expansive living area. The kitchen, featuring a working island with room for seating, flows into a casual eating area and then into the spacious family room. An additional flex room on the first floor could be a dedicated home office or even a formal dining room. Upstairs you will find the large owner's suite with luxurious bath and generous closet. The laundry room is also conveniently located on the second floor near all of the bedrooms. All of our homes include D.R. Horton's Home is Connected(R) package, an industry leading suite of smart home products that keeps homeowners connected with the people and place they value the most. This technology allows homeowners to monitor and control their home from the couch or across the globe. *The photos you see here are for illustration purposes only, interior and exterior features, options, colors and selections will differ. Please see sales agent for options.",,,not_found,none
4,Maple,Grove,,Autumn Maple Drive,CONWAY,360490,,,"The Danville offers a spacious 4-bedroom, 3-bath layout designed for comfort and style. The open-concept kitchen, dining, and great room create a bright, inviting space ideal for entertaining. A flexible front room adds versatility for an office or play area, while the private primary suite features a walk-in closet and dual-sink bath. Enjoy everyday convenience with a covered porch, two-car garage, and laundry room all within one easy-flowing design. *The photos you see here are for illustration purposes only, interior, and exterior features, options, colors, and selections will differ. Please reach out to sales agent for options.",,,not_found,none
4,Brighton,Springs,,837 Santina Ave,York,409190,,,"Just off the Sherwood's two-story foyer, useful flex space makes a great office. In the kitchen, the walk-in pantry and ample counter space simplify meal prep. Upstairs, sizeable secondary bedrooms surround the loft.",,,not_found,none
4,Eden,Springs,,420 Hadley Springs Ave,Longs,374465,,,"Come tour 420 Hadley Springs Avenue! One of our new homes at Eden Springs, located in Longs, SC. The Galen's timeless design combines classic elegance with modern functionality. The open-concept main level features an expansive living area, perfect for today's lifestyle. The heart of the Galen is its well-appointed kitchen, complete with a working island with seating and an oversized pantry. This space seamlessly flows into a casual dining area and the spacious family room, ideal for entertaining and family gatherings. A flexible room on the first floor can serve as a dedicated home office or a formal dining room, adapting to your specific needs. Upstairs, the Galen offers a large primary bedroom with an expansive bath and generous closet. The conveniently located laundry room near the bedrooms add to the home's practicality. Three additional bedrooms complete the upper level, providing ample space for family and guests. All of our homes include D.R. Horton's Home is Connected(R) package, an industry leading suite of smart home products that keeps homeowners connected with the people and places they value the most. The technology allows homeowners to monitor and control their home from the couch or across the globe. *The photos you see here are for illustration purposes only, interior and exterior features, options, colors and selections will differ. Please see the sales agent for options.",,,not_found,none
4,Heirloom,Farms,,307 Plowshare Ct,Westminster,385910,,,"Check out 307 Plowshare Court, a beautiful new home in our Heirloom Farms community. This spacious single story home features three bedrooms, two bathrooms, and a two-car garage, providing the perfect space for both relaxing and entertaining. Charming and functional design, perfect for those seeking comfortable and accessible living space. The Bristol ranch features an open floor plan, creating a spacious and airy feel. As you step inside, you'll be greeted by an inviting foyer that leads into the open concept living area. The chef's kitchen is complete with modern appliances, ample storage space, walk-in pantry, and a center island, that is perfect for cooking and casual dining. The primary suite serves as a peaceful retreat, offering an en-suite bathroom with dual vanities and a large walk-in closet. The two additional bedrooms provides privacy and comfort. The seamless flow between indoor and outdoor spaces allows for easy relaxation on the covered patio. With its thoughtful design, spacious layout, and modern conveniences, the Bristol is the home for you. Pictures are representative.",,,not_found,none
4,Beach,View at Grande Dunes,,302 Colonnade Ave,Myrtle Beach,712000,,,"Designed for gracious living, this new single-family home spans two levels. Upon entry are a formal living room and dining room, accompanied by a chef-ready kitchen, casual breakfast room and a sun-drenched family room at the rear. A desirable covered patio offers outdoor moments. Upstairs, two of the four bedrooms include an adjoining bathroom, one of which is the lavish owner's suite. A sprawling bonus room lends additional entertainment space.",,,not_found,none
5,Cypress,Landing,,95 Harbour Dr,Hardeeville,458180,,,"Step into the stunning Hayden floorplan in Cypress Landing by D.R. Horton-a spacious quick move-in home designed for modern living and everyday comfort. This two-story layout offers a versatile open-concept design with a large great room that seamlessly flows into the dining area and gourmet kitchen, featuring stylish cabinetry, sleek countertops, and a center island perfect for gathering. A flexible first-floor space is ideal for a home office, guest suite, or playroom, while the upstairs loft provides additional living or entertainment space. The luxurious owner's suite boasts a generous walk-in closet and a spa-like ensuite bath, creating a private retreat. Secondary bedrooms offer plenty of room for family or guests. Built with energy-efficient features and smart home technology, this home blends convenience with quality craftsmanship. Located in Cypress Landing, enjoy a peaceful community setting with easy access to major roadways for effortless commuting throughout the Golden Isles, plus close proximity to shopping, dining, and scenic coastal beauty. Don't miss this incredible opportunity to own a move-in-ready Hayden home in a highly desirable location!",,,not_found,none
4,Sheep,Island,,110 Terrace View Drive,Summerville,439900,,,"The Litchfield is a phenomenal single-story ranch floor plan offering four bedrooms and two full bathrooms, designed with open living and everyday comfort in mind. At the heart of the home, a massive kitchen island overlooks the spacious living room, with the dining area seamlessly connected - perfect for entertaining, family dinners, and everything in between. The oversized primary suite is tucked away for privacy and features a relaxing retreat feel, while two additional bedrooms and a full bathroom are located at the front of the home, ideal for family members or guests. A fourth bedroom sits separately off the side of the home, making it a perfect option for a home office, flex space, playroom, or guest suite. With its smart layout, generous living spaces, and flexible bedroom options, the Litchfield delivers the perfect blend of functionality and comfort - all on one convenient level.",,,not_found,none
5,Riverwood,Farm,,111 Willoughby Way,Piedmont,414900,,,"The Johnson's impressive foyer gives way to the gourmet kitchen and open-concept living area. Flex space on the main level, plus a large loft upstairs, allow you to customize the layout to fit your needs.",,,not_found,none
4,Auberon,Woods,,8028 Panda Bear Way,Conway,383940,,,"Come tour 8029 Panda Bear Way! One of our new homes at Auberon Woods, located in Conway, SC. The Manning is a thoughtfully designed two story home offering 4 bedrooms, 2.5 baths, and flexible living spaces to fit every stage of life. The main level features an open kitchen, dining, and living area with a large island, walk-in pantry, and easy access to the rear patio, plus a private first floor primary suite and convenient laundry room. Upstairs, three additional bedrooms and a spacious loft provide the perfect setup for guests, kids, or a second living space. With smart storage, a two car garage, and room to gather or retreat, The Manning makes everyday living feel effortless. *The photos you see here are for illustration purposes only, interior and exterior features, options, colors and selections will differ. Please see sales agent for options.",,,not_found,none
4,Eden,Springs,,285 Hadley Springs Ave,Longs,413500,,,"Come tour 285 Hadley Springs Avenue! One of our new homes at Eden Springs, located in Longs, SC. The Litchfield is one of our most desirable single story homes. High ceilings and lots of windows create a bright and airy entertaining space. Open concept design with plenty of room for everyone to gather around the huge kitchen island. The split bedroom plan creates a private primary bedroom suite featuring two walk-in closets and a spacious en suite bath. All of our homes include D.R. Horton's Home is Connected(R) package, an industry leading suite of smart home products that keeps homeowners connected with the people and place they value the most. This technology allows homeowners to monitor and control their home from the couch or across the globe. *The photos you see here are for illustration purposes only, interior and exterior features, options, colors and selections will differ. Please see sales agent for options",,,not_found,none
3,Coastal,Farms,,104 Keithland Dr,Conway,351485,,,"Come tour 104 Keithland Drive! One of our new homes at Coastal Farms, located in Conway, SC. The Eaton offers one level living at its best! Featuring an award winning kitchen with tons of cabinet space, a walk-in pantry, and a huge island overlooking the great room. Two guest bedrooms share a full bath up front with the private primary bedroom suite in the back of the home. Your outdoor oasis awaits with a massive rear covered porch. All of our homes include D.R. Horton's Home is Connected(R) package, an industry leading suite of smart home products that keeps homeowners connected with the people and place they value the most. This technology allows homeowners to monitor and control their home from the couch or across the globe. *The photos you see here are for illustration purposes only, interior and exterior features, options, colors and selections will differ. Please see sales agent for options.",,,not_found,none
4,The,Preserve at Shaftesbury Glen,,409 Port Rush Ct,Conway,425775,,,"Come tour 409 Port Rush Court! One of our new homes at The Preserve at Shaftesbury Glen, located in Conway, South Carolina. The Belfort floorplan is perfect for any stage of life featuring a first floor primary bedroom suite and laundry room. The open concept kitchen and great room are ideal for entertaining and creating lasting memories. You are greeted by a versatile loft on the second floor which is surrounded by the three additional bedrooms. All of our homes include D.R. Horton's Home is Connected(R) package, an industry leading suite of smart home products that keeps homeowners connected with the people and place they value the most. This technology allows homeowners to monitor and control their home from the couch or across the globe. *The photos you see here are for illustration purposes only, interior and exterior features, options, colors and selections will differ. Please see sales agent for options",,,not_found,none
5,Cedar,Shoals - Signature Collection,,102 Cedar Shoals Way,Piedmont,422900,,,"Sip your coffee from the Chatham's charming back patio. Inside, versatile flex spaces allow you to customize the main level to fit your needs. The impressive primary suite boasts dual sinks and a large walk-in closet.",,,not_found,none
4,Auberon,Woods,,6012 Kermode Dr,Conway,366340,,,"Come tour 6012 Kermode Drive! One of our new homes at Auberon Woods, located in Conway, SC. The Booth floorplan offers a rare opportunity for four bedrooms all on a single level. One of the bedrooms can easily be converted to a flex room to use as a home office or den. The open concept layout is great for entertaining and features well defined spaces, including an oversized rear covered porch. All of our homes include D.R. Horton's Home is Connected(R) package, an industry leading suite of smart home products that keeps homeowners connected with the people and place they value the most. The technology allows homeowners to monitor and control their home from the couch or across the globe. *The photos you see here are for illustration purposes only, interior and exterior features, options, colors and selections will differ. Please see sales agent for options.",,,not_found,none
4,Auberon,Woods,,5012 Red Bear Ct,Conway,534405,,,"Come tour 5012 Red Bear Court! One of our new homes at Auberon Woods, located in Conway, SC. This popular plan brings functionality and style together! Our Harbor Oak plan has lots of windows creating a bright and inviting home. There is a bedroom and full bathroom on the main level that would be great for guests, a flex room off the foyer that could be used as a home office or formal dining room, and a large loft upstairs for additional living space! The kitchen is the heart of this home with a large island that overlooks the living and dining areas and the primary bedroom suite is a must see with an attached sitting room, huge closet, and luxurious en suite bath. All of our homes include D.R. Horton's Home is Connected(R) package, an industry leading suite of smart home products that keeps homeowners connected with the people and place they value the most. This technology allows homeowners to monitor and control their home from the couch or across the globe. *The photos you see here are for illustration purposes only, interior and exterior features, options, colors and selections will differ. Please see your sales agent for options.",,,not_found,none
5,Cypress,Landing,,57 Planters Row,Hardeeville,458990,,,"Discover the popular Hayden floor plan in Cypress Landing, a spacious two-story home offering approximately 2,511 sq ft with 5 bedrooms, 3 bathrooms, and a 2-car garage. This open-concept design features a modern kitchen with quartz countertops, stainless steel appliances, a large center island, and walkin pantry, all overlooking the main living and dining areas-perfect for entertaining. The main level includes a guest bedroom and full bath ideal for visitors, plus a versatile flex room for a home office, playroom, or additional living space. Upstairs, the spacious primary suite offers a walkin closet and double vanity bath, along with additional bedrooms and a loft for added living or media space. Located in Cypress Landing, a Lowcountry waterfront community near Bluffton, Savannah, and Hilton Head, residents enjoy convenient access to major roads, outdoor recreation, and scenic surroundings.",,,not_found,none
3,Somerset,- The Carlisle Collection,,8675 Farrier Drive,Myrtle Beach,393490,,,"The Windsor is a two-story single-family home featuring a first-floor primary suite and an open-concept kitchen, dining area, and great room that create a spacious central living area. Upstairs, secondary bedrooms and a versatile loft provide flexible space for guests, work, or relaxation, offering a layout designed for today's modern lifestyle.",,,not_found,none
5,Elmhurst,Place,,4607 Rockwood Drive,Conway,363490,,,"The Wren is a two-story floorplan with ample living space featuring an open concept first floor with a large island overlooking the dining area and family room. The primary bedroom suite and laundry room are conveniently located on the first floor, as well. The second floor opens to a versatile loft space, three spacious secondary bedrooms, two full bathrooms, plenty of closets for storage, and a huge bonus room over the garage! All of our homes include D.R. Horton's Home is Connected(R) package, an industry leading suite of smart home products that keeps homeowners connected with the people and place they value the most. The technology allows homeowners to monitor and control their home from the couch or across the globe. *The photos you see here are for illustration purposes only, interior and exterior features, options, colors and selections will differ. Please see sales agent for options.",,,not_found,none
4,Palmetto,Place,,201 Evergreen Street,Longs,354990,,,Experience effortless single level living with room to relax and unwind. A walk-in pantry and large kitchen island make it easy to feed a group. Tray ceilings in the primary suite lend an elegant touch.,,,not_found,none
4,Auberon,Woods,,1016 Bear Bone Dr,Conway,356090,,,"Come tour 1016 Bear Bone Drive! One of our new homes at Auberon Woods, located in Conway, SC. Experience the best of ranch-style living with The Cali, a beautifully designed home that combines elegance and practicality. At the center of this home is a stunning kitchen featuring an open island, providing ample space for gatherings that's the ideal spot for family and friends to come together and create lasting memories. The thoughtfully designed split bedroom floor plan ensures privacy for the owner's suite. This serene retreat boasts a large walk-in closet and a spacious bathroom, offering a perfect escape at the end of the day. The Cali includes three additional bedrooms, each equipped with generous closet space. These rooms offer endless possibilities, whether you need extra storage, a cozy den, or a productive home office. All of our homes include D.R. Horton's Home is Connected(R) package, an industry leading suite of smart home products that keeps homeowners connected with the people and places they value the most. The technology allows homeowners to monitor and control their home from the couch or across the globe. *The photos you see here are for illustration purposes only, interior and exterior features, options, colors and selections will differ. Please see the sales agent for options.",,,not_found,none
4,Auberon,Woods,,6008 Kermode Dr,Conway,387940,,,"Come tour 6008 Kermode Drive! One of our new homes at Auberon Woods, located in Conway, SC. The Manning is a thoughtfully designed two story home offering 4 bedrooms, 2.5 baths, and flexible living spaces to fit every stage of life. The main level features an open kitchen, dining, and living area with a large island, walk-in pantry, and easy access to the rear patio, plus a private first floor primary suite and convenient laundry room. Upstairs, three additional bedrooms and a spacious loft provide the perfect setup for guests, kids, or a second living space. With smart storage, a two car garage, and room to gather or retreat, The Manning makes everyday living feel effortless. *The photos you see here are for illustration purposes only, interior and exterior features, options, colors and selections will differ. Please see sales agent for options.",,,not_found,none
4,The,Preserve at Shaftesbury Glen,,744 Doonbeg Ct,Conway,391780,,,"Come tour 744 Doonbeg Court! One of our new homes at The Preserve at Shaftesbury Glen, located in Conway, SC. The Glynn's classic design offers an open concept main level with an expansive living area. The kitchen, featuring a working island with room for seating, flows into a casual eating area and then into the spacious family room. An additional flex room on the first floor could be a dedicated home office or even a formal dining room. Upstairs you will find the large owner's suite with luxurious bath and generous closet. The laundry room is also conveniently located on the second floor near all of the bedrooms. All of our homes include D.R. Horton's Home is Connected(R) package, an industry leading suite of smart home products that keeps homeowners connected with the people and place they value the most. This technology allows homeowners to monitor and control their home from the couch or across the globe. *The photos you see here are for illustration purposes only, interior and exterior features, options, colors and selections will differ. Please see sales agent for options.",,,not_found,none
5,Woodglen,,,1033 Broadrum St,Piedmont,361900,,,"Check out 1033 Broadrum Street, a stunning new home in our Woodglen community. This spacious two-story home features five bedrooms, three bathrooms, and a two-car garage, providing plenty of space for all. As you enter, you'll be greeted by a welcoming foyer that leads into a home office, then opens into the heart of the home. The open-concept layout seamlessly connects the large living room, dining area, and functional kitchen, creating an ideal space for both everyday living and entertaining. The kitchen is equipped with a walk-in pantry, stainless steel appliances, and a center island with a breakfast bar, making it perfect for meal prep and casual gatherings. Also on the first floor, off the living room, is a convenient guest bedroom and a full bathroom, featuring added flexibility. Upstairs, the spacious primary suite features a walk-in closet and an en suite bathroom with dual vanities. The three additional bedrooms share a third full bathroom, providing ample space and privacy for all. The upstairs also includes a loft space, perfect for family entertainment, gaming, or a cozy reading nook. With its luxurious design and thoughtful layout, this home Features both comfort and practicality for modern living.",,,not_found,none
5,Waterside,- The Boardwalk Series,,2705 Tranquility Loop,Longs,459990,,,"The Johnson's impressive two-story foyer gives way to the gourmet kitchen and open-concept living area. Two flex spaces on the main level, plus a large loft upstairs, allow you to customize the layout to fit your needs.",,,not_found,none
4,Auberon,Woods,,613 Asiatic Ct,Conway,472525,,,"Come tour 613 Asiatic Court! One of our new homes at Auberon Woods, located in Conway, SC. Our Forrester plan is a well appointed two story home with a picturesque front porch, formal dining area, and a huge kitchen island! Sliding glass doors off the kitchen lead to the rear screen porch creating a seamless transition from indoor to outdoor living! A bedroom and full bath on the first floor are also perfect for visiting guests while the grand owner's suite, two additional bedrooms, laundry room, and a large bonus room over the garage are upstairs. This is America's Smart Home! *The photos you see here are for illustration purposes only, interior and exterior features, options, colors and selections will differ. Please see sales agent for options.",,,not_found,none
4,Heron's,Walk at Summers Corner - Row - Elevated Collection,,205 Threaded Fern St,Summerville,521165,,,"This spacious two-story home features an open layout among the dining room, kitchen and family room with access to the covered porch. In addition to the first floor is the private owner's suite, comprised of a spacious bedroom, attached bathroom and split walk-in closet. Upstairs is a sprawling loft surrounded by three bedrooms, two of which include a private bathroom for enhanced livability.",,,not_found,none
4,Forestwood,,,9309 Long Meadow Way,Longs,506990,,,"The Woodward new home plan is both impressive and functional, with generous gathering areas, flex space, an upstairs loft, and a beautiful formal dining room.",,,not_found,none
4,Sycamore,Cove,,626 Fonseca Ct,Woodruff,380230,,,"Check out 626 Fonseca Court a stunning new home in our Sycamore Cove community. This spacious, two-story home Features four bedrooms, two and a half bathrooms, and a two-car garage. As you step inside, you'll be greeted by a welcoming foyer that leads directly into the heart of the home. The open-concept layout connects the family room, dining area, and kitchen, creating a seamless flow throughout the main living spaces. The kitchen is equipped with a pantry, stainless steel appliances, and a large island with a breakfast bar, making it perfect for both everyday meals and entertaining guests. Upstairs, you'll find the private primary suite, featuring a generous walk-in closet and an en suite bathroom with dual vanities and a spacious shower. The additional three bedrooms are thoughtfully located on the same floor, with easy access to a full bathroom that also includes dual vanities, providing extra space and convenience for everyone.",,,not_found,none
4,Shadow,Stone,,300 Midway Hill Lane,Simpsonville,386999,,,"This new two-story home is a family-friendly haven. The first floor features an open design among the welcoming family room, large gourmet kitchen and breakfast room, plus a formal living and dining room for entertaining and a patio for outdoor living. Upstairs are a versatile bonus room and four bedrooms including the owner's suite. An optional study, loft and fifth bedroom are available.",,,not_found,none
4,Reedy,Lake,,106 Fitzwilliam Pl,Piedmont,467900,,,"Check out 106 Fitzwilliam Place, a beautiful new home! This spacious two-story home features four bedrooms, three bathrooms, and a two-car garage, featuring plenty of room. Upon entering, you'll be welcomed by a grand foyer that seamlessly integrates the living, dining, and kitchen areas, creating a spacious and inviting atmosphere. The chef's kitchen is equipped with top-of-the-line appliances, large countertops, ample storage space, and a walk-in pantry, making it perfect for cooking and entertaining. The primary suite serves as a peaceful retreat, complete with a luxurious bedroom, spa-like en-suite bathroom, and a walk-in closet. The additional bedrooms and bathrooms features comfort and privacy for family members and guests. A versatile loft area can be transformed into a home office, media room, or playroom to suit your needs. With its thoughtful design, spacious layout, and modern conveniences, this home is the perfect place to call your own. Pictures are representative.",,,not_found,none
4,Rutledge,Estates,,570 Woodcot Dr,Woodruff,361900,,,"Check out 570 Woodcot Drive, a stunning new home in our Rutledge Estates community! This thoughtfully designed two-story home features four bedrooms, two and a half bathrooms, and a two-car garage. With its flexible layout and modern flow, this home is perfect for both everyday living and entertaining. From the covered entry, step into a welcoming foyer that leads to a dedicated office and a formal dining room. The kitchen includes modern appliances, a pantry, and a large island that overlooks the casual dining area and living room, creating an open and connected space for gatherings of any size. Upstairs, the primary suite provides a relaxing retreat with a spacious bathroom featuring dual vanities, a soaking tub, a separate shower, and a walk-in closet. Three additional bedrooms and a full bathroom are also located on the second floor, along with a conveniently placed laundry area. With its comfortable design, open living areas, and thoughtful details throughout, this home blends modern style with everyday functionality.",,,not_found,none
3,Spring,Ridge Reserve,,1312 Sefton Avenue,Anderson,354990,,,"The Azalea is one of the one-story homes featured in our Spring Ridge Reserve community in Anderson, South Carolina offering 6 modern elevations. This single-story home offers a charming and functional design, perfect for those seeking comfortable and accessible living space. The Azalea features an open floor plan, creating a spacious and inviting atmosphere. This home includes three bedrooms, two full bathrooms, and a two-car garage. The moment you step inside the home; you will be greeted by an inviting foyer which leads you into the center of the home. The dining room seamlessly connects with the family room and kitchen, providing space for you to grow. The chef's kitchen is equipped with modern appliances, pantry closet, and a breakfast bar. The primary suite offers an en-suite bathroom with dual vanities and a walk-in closet. The additional bedroom has an en-suite bathroom. A flex room is a versatile space that can serve as a media room, home gym, or playroom. Outback offers a covered porch perfect for outdoor entertaining or enjoying the weather. Its convenient layout and single-level living make the Azalea the home for you. Contact us today to find your new home at Spring Ridge Reserve!",,,not_found,none
3,Pelham,Crossing,,4 Pelham Crossing Drive,Greenville,634990,,,"Main-Level Living with Room to Make It Your Own The Cooper 3 brings comfort and convenience together with a thoughtfully designed main level and flexible spaces upstairs. From the covered front entry to the open-concept living area, this home makes everyday living feel effortless while offering plenty of room to gather, relax, and grow. Open Spaces for Everyday Living Covered front entry welcomes you into the bright open-concept living area Spacious kitchen features an oversized island overlooking the breakfast area and family room Main level includes two secondary bedrooms and a full bathroom Generous laundry room adds everyday convenience A Private First-Floor Retreat The first-floor primary suite offers a comfortable escape with a spacious walk-in closet and an en suite bathroom featuring a dual vanity and walk-in shower. With the primary suite and additional bedrooms all on the main level, the Cooper 3 offers convenient one-level living. More Space Upstairs A grand staircase leads to the second-floor bonus room, creating a flexible space that can become a home office, media room, playroom, or additional gathering area. For even more room, an optional fourth bedroom and full bathroom can be added upstairs. Personalize Your Space Make the Cooper 3 fit your lifestyle with optional features including a study, dining room, covered porch, screened porch, and fireplace. These additions allow you to create spaces tailored to how you live, work, and entertain. Comfort on One Level. Flexibility Above. With its spacious main-level layout, private primary suite, and adaptable second floor, the Cooper 3 offers a thoughtful balance of comfort and versatility. Ready to see what the Cooper 3 has to offer? Explore the floorplan and imagine your life here at Pelham Crossing!",,,not_found,none
5,Sweetwater,Hills,,805 Sweetwater Springs Drive,Moore,441990,,,"A thoughtful blend of spaces designed for tranquility and togetherness, the Dempsey's formal dining room holds the promise of special occasions, while its open concept will be a beautiful backdrop to countless everyday moments. Adaptable to the needs of the family who lives there, a downstairs flex space can serve as a sixth bedroom and an upstairs loft can be a media space, playroom and more.",,,not_found,none
4,Crossing,at Abner Creek,,512 Hadlow Street,Greer,389900,,,"Outfit the Dakota's main-level flex space as a home office and skip your commute. In the kitchen, the island overlooks the open living space. Upstairs, the loft separates the secondary bedrooms from the primary suite.",,,not_found,none
4,Harrington,,,Tarbell Ave at Reedy Fork Rd,Greenville,380990,,,"The Valen is flexible to fit your needs. An upstairs loft multitasks as a private getaway or an area for together time. Downstairs, flex space off the foyer suggests a den or dining room, and a tucked-away flex room (with half bath) invites a home office, guest suite, or play area. The open kitchen connects to the cafe area and sunlit gathering room.",,,not_found,none
4,Kinsdale,,,2280 Millennium Dr.,Lancaster,560990,,,"Large gathering areas. Multiple dining spaces. An Everyday Entry with Pulte Planning Center(R). All those features make Northridge well suited for sizable families. The open kitchen, with an island large enough for seating, is within easy reach of the cafe area and formal dining room. The huge upstairs loft provides a place for family karaoke - well away from the four bedrooms.",,,not_found,none
4,Sparrow,Creek,,4006 Hoskins Dr,Boiling Springs,366990,,,"The Winthrop gives room for everyone, The three bedrooms upstairs are complemented by a loft, perfect as a game room or second living room. The Owner's Suite is conveniently located on the first floor, along with flex space that can serve as a den. The connected gathering room, cafe area, and kitchen with an island invite everything from mealtime to homework.",,,not_found,none
4,Shadow,Stone,,120 Shadow Stone Dr,Simpsonville,379999,,,"This new two-story home is optimized for gracious living. On the first floor, the owner's suite is tucked in a back corner for added privacy. The open-plan kitchen, breakfast nook and family room open out to the patio, and a flex room can be made into an optional study. Upstairs are three secondary bedrooms and a loft.",,,not_found,none
3,Laurens,Glen,,205 Fallkirk St,Simpsonville,624999,,,"This new two-story home offers desirable features including a spacious three-car garage and mudroom for added storage and convenience. An open-concept floorplan with access to a spacious covered patio simplifies everyday entertaining and multitasking on the first floor. A formal dining room is partially sequestered among the open layout near a living room at the front of the home. Two bedrooms surround the main living area, including the luxurious owner's suite with a spa-inspired bathroom and dual walk-in closets. On the second floor, a versatile loft is located near an additional bedroom.",,,not_found,none
5,Laurens,Glen,,201 Fallkirk Lane,Simpsonville,620999,,,"This new two-story home provides ample space for the whole family to thrive. The first floor features an open design among the family room, kitchen and breakfast room, plus a formal living and dining room, a covered patio, a luxe owner's suite and a secondary bedroom. The second floor hosts three secondary bedrooms with walk-in closets and a loft and a bonus room that add shared-living space.",,,not_found,none
5,Brighton,Springs,,132 Arlingdale Dr,York,454740,,,"The Johnson's impressive two-story foyer gives way to the gourmet kitchen and open-concept living area. Two flex spaces on the main level, plus a large loft upstairs, allow you to customize the layout to fit your needs.",,,not_found,none
3,Horry,County Homes,,8480 S Highway 905,Longs,454900,,,"It's all about the land! Almost 2 acres of private wooded, natural land offering that buffer between neighbors that so many buyers seek. The home itself, The Keeneland, is a modified layout of the popular and functional St. Ledger home plan, a larger home that is also available on these lots. This home, the Keeneland, maximizes 1,890 square feet of space in a single story home focusing on a welcoming family room as the central hub and features an over sized kitchen island and ample windows that invite an abundance of natural light into the space. 2 bedrooms are situated at the front of the home (opposite to the master suite located at the rear) with an option to have one of them be a flex space perfect for an office, den or study. Photos are for marketing purposes only and are representational of home to be built.",,,not_found,none
5,Ashby,Woods,,239 Abraham Way,Boiling Springs,404900,,,"The Johnson's impressive two-story foyer gives way to the gourmet kitchen and open-concept living area. Two flex spaces on the main level, plus a large loft upstairs, allow you to customize the layout to fit your needs.",,,not_found,none
4,Carriage,Estates,,220 Leitrim Rd,Lexington,399865,,,"Stylish and spacious 4BR Aspire plan featuring an open-concept layout, gourmet kitchen with island and gas appliances, versatile flex room or study, upstairs loft, and a covered lanai perfect for outdoor living.",,,not_found,none
3,Laurens,Glen,,210 Fallkirk Ln,Simpsonville,599999,,,"This new two-story home offers desirable features including a spacious three-car garage and mudroom for added storage and convenience. An open-concept floorplan with access to a spacious covered patio simplifies everyday entertaining and multitasking on the first floor. A formal dining room is partially sequestered among the open layout near a living room at the front of the home. Two bedrooms surround the main living area, including the luxurious owner's suite with a spa-inspired bathroom and dual walk-in closets. On the second floor, a versatile loft is located near an additional bedroom.",,,not_found,none
5,Wexford,Park,,102 Swan Grove Trl,Fountain Inn,439900,,,"Wake up on the right side of the bed in the Jamestown's luxurious primary suite, complete with tray ceiling, dual sinks, and a walk-in closet. Downstairs, useful flex space and an office fit your lifestyle.",,,not_found,none
3,Marshfield,- Signature Collection,,2644 Whitehorn Way,Longs,544359,,,"This quick move-in home is available now. The Reynolds is a beautifully designed single-story home with an open concept great room, kitchen, and dining area that creates the perfect setting for everyday living and effortless entertaining. Featuring upgraded cabinetry, quartz countertops, brushed gold accents, a shiplap faced electric fireplace, tray ceilings in the dining room and primary bedroom, and solar with battery storage, this home delivers comfort, style, and efficiency.",,,not_found,none
4,The,Groves of Berkeley,,438 White Magnolia St,Moncks Corner,470900,,,"This quick move-in home is available now. The Windsor makes a memorable first impression with its bright, open foyer that welcomes guests in style and sets the tone for the rest of the home. The thoughtfully designed kitchen overlooks the great room and breakfast area, creating an open, airy layout that's perfect for entertaining or everyday living. Energy-efficient features throughout the home provide comfort and savings year-round, while the included irrigation system adds convenience and helps maintain a well-kept exterior with ease.",,,not_found,none
4,Reedy,Creek Estates,,111 Spring Knoll Way,Fountain Inn,417935,,,"111 Spring Knoll Way The Madalyn offers 2,571 square feet of thoughtfully designed living space with an open-concept layout perfect for everyday living and entertaining. A versatile flex room on the first floor provides the ideal space for a home office, playroom, or guest retreat. Upstairs, the spacious primary suite features a large walk-in closet and a private bath designed for relaxation. With 4 to 6 bedrooms, 2.5 to 3.5 bathrooms, and additional walk-in closets throughout, this home provides room for everyone to spread out comfortably. An optional basement and attached two-car garage add even more flexibility and storage to fit your lifestyle.",,,not_found,none
3,Ambridge,,,113 Buckingham Drive,Conway,350000,,,"Discover the Savannah, a versatile one-story home designed for modern living. The open-concept kitchen and great room create an inviting space for gathering, while the first-floor primary suite and dedicated study offer convenience and flexibility. An optional second level with a bedroom, bathroom, and game room gives homeowners additional space to fit their lifestyle.",,,not_found,none
4,Pine,Oaks Estates,,219 Foxglade Drive,Gilbert,380999,,,"This new two-story home is optimized for gracious living. On the first floor, the owner's suite is tucked in a back corner for added privacy. The open-plan kitchen, breakfast nook and family room open out to the patio, and a flex room can be made into an optional study. Upstairs are three secondary bedrooms and a loft.",,,not_found,none
4,Crossing,at Abner Creek,,404 Ragland Ave,Greer,444900,,,"Just off the Sherwood's two-story foyer, useful flex space makes a great office. In the kitchen, the walk-in pantry and ample counter space simplify meal prep. Upstairs, sizeable secondary bedrooms surround the loft.",,,not_found,none
3,Crescent,Cove,,397 River Edge Dr,Myrtle Beach,399990,,,Welcome to Crescent Cove! Visit us today to learn more about our quick move-in homes and tour our models! Future Intracoastal Waterway access and waterway-front amenities.,,,not_found,none
5,Briarwood,Reserve,,1353 Willow Ridge Way,Spartanburg,402630,,,Contact Sales for Details,,,not_found,none
4,Crossing,at Abner Creek,,408 Ragland Ave,Greer,399900,,,"Outfit the Dakota's main-level flex space as a home office and skip your commute. In the kitchen, the island overlooks the open living space. Upstairs, the loft separates the secondary bedrooms from the primary suite.",,,not_found,none
4,Braxton,Ridge,,324 Hunter Rd,Simpsonville,592000,,,"The Whitley is a spacious and versatile home designed for comfortable living and effortless entertaining. The open-concept layout centers around a large great room that flows into the kitchen and dining area, creating an inviting space for gatherings and everyday life. The private primary suite is located on the main floor and features a generous walk-in closet and a well-appointed bath. Two additional bedrooms and a full bath are situated on the opposite side of the home, along with a study near the foyer that offers a flexible space for a home office or quiet retreat. A covered porch extends the living space outdoors, while an optional second-floor bedroom with a bath and walk-in closet provides additional room for guests or family. With features like a two-car garage, dedicated laundry room, and options such as a sunroom, screened patio, gourmet kitchen, and alternative primary bath layouts, the Whitley offers both comfort and flexibility for a variety of lifestyles.",,,not_found,none
4,Sweetwater,Hills,,845 Sweetwater Springs Dr,Moore,437693,,,"New Home Construction w/Owner's Suite on Main Floor, and 16' Luminous Sliding Glass Doors w/Panoramic Views. Located on Private Wooded Lot in Quiet Established Neighborhood.",,,not_found,none
6,Woodglen,,,157 Ives Way,Piedmont,419990,,,"Designed to Grow with the Way You Live With flexible living spaces, multiple private suites, and designer finishes throughout, this home offers the space and versatility to fit every stage of life. Home Highlights Main-level primary suite with soaking tub and tiled walk-in shower Gourmet kitchen with GE Cafe appliances, gas cooktop, and double wall ovens Main-level flex room Spacious game room Two private guest suites with en suite baths Covered rear porch Unfinished storage space The open-concept design centers around a gourmet kitchen that flows seamlessly into the breakfast area and family room, creating the perfect space for everyday living and entertaining. A versatile flex room on the main level can easily serve as a home office, guest room, playroom, or hobby space, while the covered rear porch extends your living outdoors. The main-level primary suite provides a private retreat with a spa-inspired bath featuring a soaking tub, tiled walk-in shower, dual vanities, and a spacious walk-in closet. Upstairs, two private guest suites, a large game room, additional bedrooms, and unfinished storage offer exceptional flexibility for guests, multigenerational living, or future needs. If you've been searching for a home with room to grow, entertain, and adapt to your lifestyle, this one delivers. Schedule your private tour today!",,,not_found,none
4,Crossing,at Abner Creek,,416 Ragland Ave,Greer,434900,,,"Just off the Sherwood's two-story foyer, useful flex space makes a great office. In the kitchen, the walk-in pantry and ample counter space simplify meal prep. Upstairs, sizeable secondary bedrooms surround the loft.",,,not_found,none
3,Crescent,Cove,,928 Sunset Bay Dr,Myrtle Beach,624995,,,Welcome to Crescent Cove! Stop by today to learn more about our Renown quick move-in home! Future Intracoastal Waterway amenities are underway!,,,not_found,none
5,Kayfield,at Midway,,508 Grasshopper Ct,Anderson,524990,,,"Luxury, Flexibility & Space for Every Lifestyle Designed for both everyday comfort and entertaining, this home combines upscale finishes with flexible spaces. The open-concept main level features a gourmet kitchen with GE Cafe appliances, a 30-inch range hood, and butler's pantry that flows into the breakfast area, bright morning room, and family room with a cozy fireplace. Resort-Style Living at Kayfield at Midway Enjoy resort-style amenities including a pool with cabana, pickleball courts, tennis court, community park, and greenspace. Midway Elementary, Glenview Middle, and T.L. Hanna High School are all less than five minutes away, while Downtown Anderson and Lake Hartwell are just 15 minutes from home. Thoughtful Design Throughout Formal dining room with coffered ceiling and French door study Functional mudroom with direct garage access Main-level secondary bedroom with full bath Rear covered porch for outdoor living Private wooded homesite with James Hardie ColorPlus siding Upstairs, oak stairs with an open railing lead to an expansive loft, three secondary bedrooms, and a luxurious primary suite. Two oversized walk-in closets provide plenty of storage, while the spa-inspired bath features dual vanities, a soaking tub, and seated tiled walk-in shower. The versatile loft offers additional room for a home office, media room, playroom, or casual lounge. Discover a home designed to give you more space, flexibility, and comfort. Schedule your private tour today!",,,not_found,none
4,Crossing,at Abner Creek,,419 Ragland Ave,Greer,369900,,,"Entertain with ease in the Gibson's bright, open-concept living space. A secondary bath with dual sinks serves both secondary bedrooms, while the private primary suite boasts a walk-in shower and impressive closet.",,,not_found,none
3,Crescent,Cove,,403 River Edge Dr,Myrtle Beach,404940,,,Welcome to Crescent Cove! Stop by today to learn more about our Stardom quick move-in home! Future Intracoastal Waterway amenities are underway!,,,not_found,none
3,Kayfield,at Midway,,510 Grasshopper Ct,Anderson,469990,,,"A Home That Balances Beauty and Practicality Designed for comfortable everyday living and effortless entertaining, this home blends timeless style with functional spaces. A gracious foyer opens to a private French door study and elegant formal dining room, while a butler's pantry connects the dining room to the chef-inspired kitchen. The oversized island overlooks the sunlit breakfast area and vaulted family room, anchored by a cozy fireplace. Thoughtful Spaces for Everyday Living Main-level primary suite with walk-in closet and spa-inspired bath Upgraded gourmet kitchen with GE Cafe appliances, a 30"" range hood Tiled Roman walk-in shower, separate vanities, and private water closet Functional mudroom and laundry room off the two-car garage Rear covered porch for outdoor dining and relaxing Oak staircase with open railing Private guest suite with en suite bath and walk-in closet Upstairs, an airy loft provides flexible space for a media room, home office, playroom, or lounge. An additional bedroom with a walk-in closet and nearby full bath offers comfortable space for family or guests. Resort-Style Living at Kayfield at Midway Enjoy a lifestyle that extends beyond your front door with resort-style amenities including a pool with cabana, pickleball courts, tennis court, community park, and open greenspace. Private wooded homesites and James Hardie ColorPlus siding add to the community's appeal. Located just 15 minutes from Downtown Anderson and Lake Hartwell, the community also puts Midway Elementary, Glenview Middle, and T.L. Hanna High School less than five minutes away. Experience the perfect blend of beauty, flexibility, and convenience. Schedule your private tour today!",,,not_found,none
3,Crescent,Cove,,940 Sunset Bay Dr,Myrtle Beach,621015,,,Welcome to Crescent Cove! Stop by today to learn more about our Renown quick move-in home! Future Intracoastal Waterway amenities are underway!,,,not_found,none
4,Creeks,at Midway,,137 Beaverdam Creek Dr,Anderson,409990,,,"Luxury Living with Space for Everyone Experience elevated living with six bedrooms, spacious gathering areas, and premium finishes designed to accommodate the way you live today and for years to come. From the gourmet kitchen and screened porch to the private guest suites, every space offers a thoughtful blend of comfort and flexibility. Conveniently Located Everyday conveniences are close at hand, with Midway Elementary, Glenview Middle, and T.L. Hanna High School less than five minutes away. Enjoy easy access to Lake Hartwell, Anderson University, and Downtown Anderson, all within approximately 15 minutes. Designed for Everyday Living Just off the foyer, a private French door study creates a dedicated space for working from home, studying, or enjoying your favorite hobbies. The gourmet kitchen serves as the heart of the main level, featuring GE Cafe appliances, a 30-inch range hood, and a large island overlooking the breakfast area and family room with a cozy fireplace. Main-level primary suite with spacious walk-in closet Spa-inspired bath with dual vanities and frameless tiled Roman shower Rear screened porch for relaxing or entertaining Elegant oak stairs with open iron railing Room for Everyone Upstairs, five additional bedrooms provide plenty of flexibility, including two private guest suites with walk-in closets and en suite baths-ideal for extended family or overnight guests. A spacious game room adds even more room to gather, while unfinished storage offers a convenient place to keep seasonal items organized. Beyond the home, enjoy an active, amenity-rich community with spaces designed for both recreation and connection. Pool with cabana Pickleball and tennis courts Inviting open green spaces for gathering and enjoying the outdoors With exceptional space, upscale features, and an amenity-rich setting, this home offers the perfect balance of luxury, flexibility, and everyday comfort. Schedule your private tour today!",,,not_found,none
4,Anderson,Oaks,,143 Anderson Oaks Ln,Easley,429364,,,"143 Anderson Oaks Lane The Hamilton floor plan offers 2,815 square feet of comfortable, well-designed living space with 4 bedrooms and 2.5 bathrooms. Featuring an open floor plan, this home seamlessly connects the kitchen, dining, and living areas-perfect for both everyday living and entertaining. The Owner's Suite is conveniently located on the main floor, offering privacy and easy access. Upstairs, a spacious loft provides the perfect spot for a media room, play area, or additional lounge space. With a 2-car garage and thoughtful layout, the Hamilton blends style, space, and function effortlessly.",,,not_found,none
3,Heron's,Walk at Summers Corner - Carolina Collection,,1008 Wild Roam Run,Summerville,365000,,,"This cozy single-story home features an open layout in the kitchen, dining room and family room with quick access to the outdoor patio. On the other side of the home are two bedrooms and the owner's suite, which includes a private bathroom and a large walk-in closet. An optional second level is available at at select homesites and features various add-ons.",,,not_found,none
4,Sweetgrass,at Summers Corner - Arbor Collection,,1008 Wild Roam Run,Summerville,453000,,,"This new two-story home features a practical study off the entry way, while down the hallway is an open-concept kitchen which overlooks the Great Room with a center fireplace and breakfast room. Through sliding glass doors is a desirable patio. On the same level is the luxurious owner's suite with a private bathroom and walk-in closet. Upstairs is a spacious loft surrounded by three additional bedrooms.",,,not_found,none
4,Harrington,,,204 Dansby Ct,Greenville,468240,,,Owner's Suite main Level! Wide front of the lot for privacy and plenty of room between you and your neighbor?,,,not_found,none
5,Cherrywood,Estates,,335 Cherry Orchard Dr,Summerville,699396,,,"The Lockwood floorplan presents a refined two-story design featuring five spacious bedrooms and three and a half bathrooms, thoughtfully crafted to provide ample living space and functionality. This home offers an exciting option to expand with two additional bedrooms and a full bathroom, ideal for growing families or hosting guests. The Lockwood seamlessly integrates versatility with style, offering an adaptable layout that suits a variety of lifestyle needs while maintaining its elegant appeal.",,,not_found,none
5,Ambridge,,,163 Buckingham Dr,Conway,399900,,,"This quick move-in home is available now. Welcome home to the charming two-story Conway, where a warm foyer greets you and opens to a bright kitchen and comfortable great room designed for everyday living. Upstairs, the primary bedroom is ideally located near additional bedrooms, offering both convenience and a connected feel. A 2-car garage adds extra storage and everyday ease,",,,not_found,none
3,Braxton,Ridge,,608 Timber Grove Dr,Simpsonville,696252,,,"Welcome to the Edison, a beautifully crafted 2,485 square foot single-level residence nestled in Simpsonville's highly sought-after Braxton Ridge-just steps from the prestigious Fox Run Country Club and only minutes from the charm and convenience of Downtown Simpsonville. Designed with both elegance and livability in mind, this 3-bedroom, 2-bath home offers a refined yet functional layout. A picturesque front porch, perfect for rocking chairs and quiet mornings, sets a warm and inviting tone. Inside, a well-appointed foyer leads to a private study and a formal dining room, creating the perfect balance of sophistication and everyday comfort. At the heart of the home, the expansive family room showcases soaring vaulted ceilings and flows seamlessly into a gourmet kitchen designed to impress-featuring a large center island, abundant cabinetry, and a spacious casual dining area ideal for gathering and entertaining. Ten-foot ceilings throughout the main living spaces further enhance the home's open, airy ambiance. The primary suite is a true retreat, highlighted by a trey ceiling and a spa-inspired bath complete with a standalone soaking tub, creating a serene escape at the end of the day. Each secondary bedroom is generously sized and features its own walk-in closet, offering both comfort and convenience. Completing the home is a side-entry two-car garage-an elevated standard throughout the entire community-enhancing both curb appeal and overall design. With its prime...",,,not_found,none
4,Carriage,Estates,,114 Schneider Ln,Lexington,410990,,,The Pulte Homes Braddock floor plan offers an inviting new home design tailored to your lifestyle. Enjoy preparing meals in the open gourmet kitchen with a spacious island or relaxing by the fireplace in the gathering room. Experience comfort and functionality designed to elevate your everyday living.,,,not_found,none
4,SayeBrook,,,1751 Tryon Dr,Myrtle Beach,599990,,,Stunning Poplar floor plan featuring a primary suite on the main level and a second private suite upstairs. Spacious loft area filled with natural light ideal for second living area or recreation room.,,,not_found,none
4,Sweetgrass,Station,,212 Cantona Dr,Summerville,479368,,,"The Avondale floor plan offers a harmonious blend of modern comfort and practical design across 2,531 square feet of meticulously crafted living space. Featuring 4 bedrooms and 2 and a half bathrooms, this layout provides ample space for rest and relaxation. The open-concept design seamlessly connects the living, dining, and kitchen areas, creating an inviting space for gatherings and daily living. With a 2-car garage providing secure parking and additional storage options, convenience is paramount in this thoughtfully designed home. The Avondale floor plan embodies a perfect fusion of functionality and style, offering the ideal backdrop for contemporary living.",,,not_found,none
3,Islecrest,at Grande Dunes,,Islecrest Community,Myrtle Beach,650990,,,"Welcome to the Oceana floor plan, a beautifully designed single-story new construction home offering 2,015 square feet, 3 bedrooms, 2 bathrooms, and a two-car garage. The open-concept layout features a spacious kitchen, casual dining area, and inviting family room, along with a formal dining space that adds flexibility for entertaining. The kitchen includes a butler's pantry and flows seamlessly into the mudroom and laundry area off the garage, designed for everyday convenience and organization. A covered lanai extends the living space outdoors, creating the perfect setting for relaxing or enjoying backyard views. Two secondary bedrooms are located at the front of the home and share a well-appointed bathroom. The private primary suite is tucked at the rear of the home, offering peaceful backyard views, a large walk-in closet, and a bathroom with dual vanity sinks. The primary bath can be upgraded to include a spa-style walk-in shower or a soaking tub for added comfort. Optional upgrades include a gourmet kitchen for enhanced cooking and entertaining. The Oceana floor plan blends thoughtful design, flexibility, and modern comfort in a single-story layout ideal for today's lifestyle. *Photos are representative of the Oceana floor plan.",,,not_found,none
4,Sweetwater,Hills,,869 Sweetwater Springs Dr,Moore,431928,,,"New Home Construction w/Owner's Suite on Main Floor, and 16' Sliding Glass Retractable Doors w/Panoramic Views. Located on Private Wooded Lot in Quiet Established Neighborhood.",,,not_found,none
3,Wildcat,Chase,,214 Hungerford Dr,Summerville,423902,,,"The Kingsford floor plan offers 3 to 4 bedrooms and 2.5 bathrooms across 2,120 square feet of stylish living space. This two-story home features an open main level and a covered porch, perfect for relaxing or entertaining. All bedrooms are located upstairs, creating a private retreat away from the main living areas. A spacious loft provides additional flexibility for a home office, media room, or play area. With a two-car garage and a smart, functional layout, the Kingsford is designed for comfortable, modern living.",,,not_found,none
3,Braxton,Ridge,,1000 Cedarleaf Way,Simpsonville,619213,,,"1000 Cedarleaf Way The Edison is a well-designed single-story home that offers comfortable living with an open and functional layout. The central family room connects seamlessly to the cafe and kitchen, creating a welcoming space for everyday living and entertaining, with easy access to an outdoor deck. The private primary suite is located at the rear of the home and includes a spacious walk-in closet and a thoughtfully designed bath. Two additional bedrooms share a nearby bathroom, while a study near the foyer provides a flexible space for a home office or quiet retreat. With a two-car garage, dedicated laundry room, and options such as a gourmet kitchen, screened patio, or covered deck, the Edison provides a balance of style, comfort, and versatility for modern living.",,,not_found,none
4,Anderson,Oaks,,177 Anderson Oaks Lane,Easley,398990,,,"Step into the spacious Fletcher floor plan, offering 4 to 5 bedrooms and 2.5 to 4 bathrooms across 3,305 square feet of beautifully designed living space. This home features an open floor plan perfect for entertaining, with seamless flow between the kitchen, dining, and family areas. The upstairs Owner's Suite offers a private retreat with generous space and comfort. A dedicated home office or study provides the ideal spot for remote work or quiet reading. With a 2-car garage and flexible layout options, the Fletcher blends style and function for modern living.",,,not_found,none
4,Islecrest,at Grande Dunes,,7841 Mirto St,Myrtle Beach,1235667,,,"7841 MIRTO ST Welcome to the Hamilton, a spacious new construction single family home offering 2,815 square feet of well-designed living space with 4 bedrooms, 2.5 bathrooms, a two-car garage, and a covered rear patio. The main level features an open-concept gourmet kitchen, family room with fireplace, and casual dining area, perfect for everyday living and entertaining. A separate formal dining room at the front of the home provides an elegant space for gatherings. The first-floor primary suite offers comfort and convenience, complete with dual vanity sinks, a walk-in closet, and nearby laundry. A powder room for guests adds to the functionality of the main level. this home features 10-foot ceilings. Upstairs, a large loft creates a versatile second living space, accompanied by three additional bedrooms, extra storage closets, and a shared bathroom with double vanity sinks for added convenience. The Hamilton combines classic design elements with modern functionality, making it an ideal choice for comfortable, everyday living.",,,not_found,none
4,Shaftesbury,Meadows,,157 Board Landing Cir,Conway,399990,,,"The Kent offers over 2,000 square feet of thoughtfully designed living space across two levels, combining comfort, function, and style. This spacious home features four bedrooms, two-and-a-half bathrooms, and an open-concept layout ideal for modern living. The first-floor primary suite provides a private retreat with bay windows, a large walk-in closet, and a well-appointed en-suite bathroom featuring two separate vanities and a linen closet. The laundry room is conveniently located just off the primary suite, offering ease and efficiency in daily routines. The open layout on the main floor creates a natural flow between the kitchen, dining, and living areas, making it perfect for entertaining or spending time with family. A coat closet near the front entry adds extra convenience, and a covered front porch welcomes you home with classic charm. Upstairs, the two-story ceilings in the main living space create a bright, open feel. A large loft overlooks the lower level, providing flexible space for a secondary living area, playroom, or home office. Three additional bedrooms-some with walk-in closets-share a full bathroom with double vanity sinks, and there is extra storage space throughout the second floor. The Kent floor plan also includes a two-car garage, offering both parking and additional storage solutions. Designed with flexibility and everyday ease in mind, this home is an excellent choice for families or anyone needing extra space.",,,not_found,none
4,Wildcat,Chase,,228 Hungerford Dr,Summerville,463398,,,"The Winhaven floor plan features 4 bedrooms and 3.5 bathrooms, offering 2,473 square feet of well-designed living space. This two-story home includes an open-concept main floor that's perfect for hosting gatherings or enjoying everyday comfort. All bedrooms are conveniently located upstairs, providing a peaceful retreat from the main living areas. A spacious loft adds extra flexibility for a home office, game room, or media space. With a two-car garage and a layout that blends style and function, the Winhaven is built for modern living.",,,not_found,none
4,Shaftesbury,Meadows,,105 Foxford Drive,Conway,399990,,,"The Kent offers over 2,000 square feet of thoughtfully designed living space across two levels, combining comfort, function, and style. This spacious home features four bedrooms, two-and-a-half bathrooms, and an open-concept layout ideal for modern living. The first-floor primary suite provides a private retreat with bay windows, a large walk-in closet, and a well-appointed en-suite bathroom featuring two separate vanities and a linen closet. The laundry room is conveniently located just off the primary suite, offering ease and efficiency in daily routines. The open layout on the main floor creates a natural flow between the kitchen, dining, and living areas, making it perfect for entertaining or spending time with family. A coat closet near the front entry adds extra convenience, and a covered front porch welcomes you home with classic charm. Upstairs, the two-story ceilings in the main living space create a bright, open feel. A large loft overlooks the lower level, providing flexible space for a secondary living area, playroom, or home office. Three additional bedrooms-some with walk-in closets-share a full bathroom with double vanity sinks, and there is extra storage space throughout the second floor. The Kent floor plan also includes a two-car garage, offering both parking and additional storage solutions. Designed with flexibility and everyday ease in mind, this home is an excellent choice for families or anyone needing extra space. *Photos are representative of the Kent floor plan.",,,not_found,none
3,Benjamin's,Grove,,524 Carnbee Rd,Woodruff,444990,,,"Where Beauty Meets Everyday Practicality The Kendrick blends refined design with thoughtful functionality, creating a home that feels elegant yet effortlessly livable. From the gracious covered entry to the dramatic vaulted family room, every space is designed for comfort, connection, and memorable gatherings. Elevated Main-Level Living Covered entry opens to an elegant foyer, private French-door study, and formal dining room with coffered ceiling Butler's pantry connects the dining room to a chef-inspired kitchen with an oversized statement island Sunlit breakfast area flows into the dramatic vaulted family room Convenient mudroom and laundry room just off the two-car garage Rear covered porch extends your living space outdoors A Private Primary Retreat The main-level primary suite offers a peaceful escape with an expansive bedroom, generous walk-in closet, and spa-inspired bath featuring separate vanities, a tiled Roman walk-in shower, and private water closet. Flexible Upstairs Living Oak stairs with open iron railing Airy loft ideal for a media room, home office, or additional retreat Secondary bedroom with walk-in closet and full bathroom access Private guest suite with walk-in closet and en-suite bath Resort-Style Living at Benjamin's Grove Beyond your home, enjoy top-notch amenities designed for recreation and relaxation, including a pool with cabana, pickleball courts, community trail, and playground. The community is located within Spartanburg District 5, including Byrnes High School, Reidville Elementary, and Florence Chapel Middle School, and is less than 10 minutes from Tyger River Park. With sophisticated interiors, flexible living spaces, and resort-style amenities, the Kendrick offers a lifestyle designed around the way you live. Ready to discover the Kendrick at Benjamin's Grove? Explore the floorplan and schedule your tour today!",,,not_found,none
4,Pelham,Crossing,,17 Pelham Crossing Dr,Greenville,704990,,,"Flexible Living with Sophisticated Style The Drayton blends elevated finishes with everyday functionality, creating a home designed for gathering, relaxing, and growing. Its open-concept main level connects the gourmet kitchen, breakfast area, family room, and formal dining room, while flexible spaces throughout give you room to make the home your own. Designed for Gathering Upgraded gourmet kitchen with GE Cafe appliances, 30"" range hood, large center island, and extended breakfast area Coffered-ceiling formal dining room conveniently positioned off the kitchen Spacious family room with fireplace for cozy evenings and entertaining Main-level secondary bedroom with full bath, ideal for guests or flexible living Rear screened porch for comfortable indoor-outdoor living Oak staircase with open railing adds a refined finishing touch Your Private Upstairs Retreat Upstairs, the primary suite offers a peaceful escape with a tray ceiling, cozy sitting room, oversized walk-in closet, and spa-inspired bath featuring dual vanities, framed mirrors, private water closet, and a tiled walk-in Roman shower. Two additional bedrooms with generous closets share a full bathroom, while a bright loft provides versatile space for a home office, media room, playroom, or additional gathering area. A convenient laundry room with cabinets keeps everyday routines organized. Connected to What Matters Located directly on Pelham Road, Pelham Crossing puts shopping, dining, entertainment, and everyday conveniences close at hand. Greenville-Spartanburg International Airport is just 10 minutes away, with easy access to Downtown Greenville, I-85, and more. The community is also near Pelham Road Elementary, Greenville Middle Academy, and Eastside High School. Discover a home that gives you the space, style, and flexibility to live your way. Explore the Drayton at Pelham Crossing today!",,,not_found,none
4,Millstone,Landing,,184 Sawmill Road,Hardeeville,388200,,,"The Sanibel plan features a large open space with a spacious cafe area. The flex space provides the opportunity for a formal dining room or an optional study. The second floor's primary suite includes an adjoining bath with a double sink vanity and large walk-in closet. Completing the second floor are three additional bedrooms, two full baths, a loft, and laundry room. The home also has a two-car garage and an optional covered back porch.",,,not_found,none
3,Autumn,Mill,,100 E South 7th Street,Seneca,415000,,,"The home that was born to stand out. The Grayrock home plan offers a very unique approach to what a neo-traditional home is and takes on a daring architectural flair and makes it its own. Nestled between the split garages is a grand two story foyer complete with a beautifully appointed staircase. Following neo-traditional fashion, the Grayrock offers an open concept living space, where the kitchen and great room mingle together. The master suite located on the main floor offers ultimate owner privacy in a retreat space separate form the upstairs secondary bedrooms. If you are looking for a home that is just as unique as you the Grayrock is a great place to call home.",,,not_found,none
4,Silvers,Crossing,,5177 Sandy Flat Road,Taylors,688000,,,"As seen on HGTVs Rock the Block.Welcome home to the Emmy, where transitional style meets historic architecture. Named for the well-known television entertainment award and inspired by the architectural style of the historic Charleston single, the Emmy pairs artistical details of low country adornments with technical merits of open concept plan design to make an award-winning home plan for anyone to enjoy.In true low country fashion, an oversized front porch greets any visitor with a warm welcome just before entering the dedicated formal foyer of the home. The open concept living area embraces visitors with abundant natural light through windows and doors lining 3 out of the 4 walls and pulls visitors through the main living space with ease. Just off the kitchen is access to the side veranda that features an abundance of additional outdoor space perfect for entertaining.At the rear of the home, just off the kitchen on the main level, is the owners suite, appointed with two walk-in closets and a bath suite that boasts a free-standing tub, water closet, and large walk-in shower. Upstairs you will find the remaining 3 secondary bedrooms, two full bathrooms, the laundry room, and a loft space. Need a bit more room? Adding the 3rd-floor bonus space is a perfect option for those needing a secondary loft, additional bedroom, or even a reclusive office space.The beauty of the Emmy lies beyond the appointed craftsman details and functional layout. Once you make the Emmy your choice, you will know exactly what we mean.",,,not_found,none
3,South,Park,,114 Jacqueline Road,Piedmont,413900,,,"Wanting a beautiful open floor plan to hang out with your family or entertain guests? Look no further, the Bennett is perfect for you! This home features 3 beds, 2 and a half baths, and occupies 2,388 sq. ft. Walking into the home you're greeted with a Flex room that can serve many purposes such as an office, playroom, or even an extra bedroom. The open plan furthers into the Kitchen that overlooks the Living Room and Dining area. Owners love having the Master Suite downstairs for maximum privacy and the Bennett serves just that. The other bedrooms are placed upstairs along with a spacious Bonus Room that can suit any function you want whether that be a stylish home theatre, arts and crafts space, or game room for unlimited fun.",,,not_found,none
3,Eagle,Creek,,Thomas Lane,Central,415900,,,"The first of our home plans that feature a unique J- load garage, the Satterfield is in a class of it's own. The two story Satterfield plan features 3 bedrooms and 2.5 baths in 2,235 square feet of living space. A well designed first floor layout is home to the generous sized master suite, laundry room, kitchen and two living spaces. At the front of the home is a flex room that can serve a variety of uses such as a den, study or a formal dining room.",,,not_found,none
4,Horry,County Homes,,732 8th Avenue N,Myrtle Beach,999999,,,"Arched entryways and contemporary detail enhance the open concept feel of The Church Hill home plan. With the flexibility to accommodate up to 5 bedrooms in its 2,298 square feet of space, this Hunter Quinn Home offers a traditional layout where living space and quiet retreats are on separate levels. The main floor offers a flex room that can be used as an office, formal dining room, or guest room. Additionally an open living space overlooks a beautiful kitchen with a window sink (for southern charm) and an optional kitchen island.Upstairs, youll find the master bedroom with an oversized walk-in closet, and a full en-suite bath. Two additional bedrooms share a full bath, and the flex room would make an excellent playroom or media roomor use this as your 5th bedroom!",,,not_found,none
5,Double,Springs,,100 Ever Silvers Lane,Taylors,595000,,,"The Sullivan is the epitome of what a multi-generational home is. Starting with some of the stain grade exterior accents, weathered bronze exterior light fixtures and upgraded interior trim, and a partial privacy fence are just a few- among many- included features of these brand new homes. The Sullivan home plan is ideal for square footage seekers. This 3,090 square foot home features convenient master suite living on the main level with the flexible secondary living space on the upper level. In addition to an open kitchen with a large center island and eat in breakfast area, the main level is also home to a flex space that can serve as a home office, formal dining or den.",,,not_found,none
5,The,Meadows at Midway,,103 Tiger Lily Drive,Anderson,451900,,,"The Sullivan is the epitome of what a multi-generational home is. Starting with some of the stain grade exterior accents, weathered bronze exterior light fixtures and upgraded interior trim, and a partial privacy fence are just a few- among many- included features of these brand new homes. The Sullivan home plan is ideal for square footage seekers. This 3,090 square foot home features convenient master suite living on the main level with the flexible secondary living space on the upper level. In addition to an open kitchen with a large center island and eat in breakfast area, the main level is also home to a flex space that can serve as a home office, formal dining or den.",,,not_found,none
5,Parkers,Summit,,1205 Anderson Ridge Road,Greer,609900,,,"The Seneca single-family home is designed for effortless entertaining and comfortable everyday living. Its open floorplan creates a natural flow, with the kitchen at the heart of the home, featuring a central island and direct access to an optional covered porch, patio, or deck-perfect for indoor-outdoor gatherings.The main level also includes a bonus living room, a formal dining room, and a guest suite that offers both convenience and privacy. Upstairs, three guest bedrooms and two hall baths provide ample space for family and visitors, while the expansive primary suite delivers a true retreat. Enjoy a private sitting room, a large walk-in closet, and an en suite bath with dual vanities, a standing shower, and a garden tub-complete with all the essentials for comfort and relaxation.",,,not_found,none
